챶,1,2,3,4,5,6,7,8,9,10,11,12,R,H,E
홛,0,0,0,0,0,0,0,0,0,,,,0,4,4
왍,0,0,1,0,0,1,1,0,,,,,3,4,1
KIA,0,1,0,0,0,1,0,4,1,,,,7,7,1
庸,0,0,0,1,0,0,0,0,1,,,,2,7,1
kt,1,1,0,1,0,0,0,0,0,,,,3,9,1
SK,0,0,1,0,1,0,0,0,0,,,,2,8,2
LG,0,1,1,0,0,0,0,0,0,,,,2,4,1
,0,0,0,0,0,1,0,0,0,,,,1,5,1
온,0,0,0,1,0,0,0,3,1,,,,5,7,2
NC,0,0,0,0,0,3,3,0,,,,,6,11,2
홛,0,1,0,1,0,2,0,0,0,0,2,,6,16,1
왍,0,0,0,2,2,0,0,0,0,0,1,,5,9,0
KIA,0,0,0,2,0,0,4,1,0,2,,,9,14,1
庸,0,0,0,0,0,0,0,0,7,0,,,7,10,2
LG,3,0,0,1,3,1,0,0,0,,,,8,11,0
,0,0,0,3,0,0,0,0,0,,,,3,12,0
kt,0,0,0,2,0,0,0,0,0,,,,2,3,0
SK,0,0,0,0,0,0,0,0,0,,,,0,7,0
온,1,0,2,0,0,0,0,0,0,,,,3,6,1
NC,0,0,0,0,0,0,0,0,0,,,,0,7,1
홛,0,0,0,0,2,1,0,0,0,0,1,0,4,8,2
왍,0,0,0,0,0,0,0,3,0,0,1,1,5,8,1
KIA,0,0,0,1,0,2,0,0,0,,,,3,10,2
庸,0,4,0,8,3,0,0,1,,,,,16,17,1
kt,0,0,0,3,1,1,2,0,1,,,,8,11,0
SK,0,1,0,0,0,0,0,0,0,,,,1,3,2
LG,0,2,0,0,0,0,5,2,0,,,,9,10,1
,0,0,0,0,1,0,0,0,1,,,,2,3,1
온,2,0,0,3,0,1,4,1,1,,,,12,13,1
NC,0,0,0,2,0,2,0,0,0,,,,4,4,0
NC,0,0,0,0,0,0,0,0,0,,,,0,3,1
홛,0,0,5,1,0,0,0,0,,,,,6,10,1
SK,0,1,0,0,0,0,0,0,0,,,,1,5,1
KIA,1,0,0,0,0,5,0,0,,,,,6,6,0
庸,0,0,0,0,0,0,0,0,0,,,,0,7,2
LG,6,1,2,0,0,0,2,0,,,,,11,16,1
,0,0,0,0,0,1,0,0,1,,,,2,9,0
온,4,1,0,0,0,0,0,0,,,,,5,9,0
왍,0,2,0,0,0,0,0,0,0,,,,2,8,1
kt,0,0,0,0,0,0,0,0,0,,,,0,3,0
홛,0,0,0,0,0,0,0,0,0,,,,0,4,4
왍,0,0,1,0,0,1,1,0,,,,,3,4,1
KIA,0,1,0,0,0,1,0,4,1,,,,7,7,1
庸,0,0,0,1,0,0,0,0,1,,,,2,7,1
kt,1,1,0,1,0,0,0,0,0,,,,3,9,1
SK,0,0,1,0,1,0,0,0,0,,,,2,8,2
LG,0,1,1,0,0,0,0,0,0,,,,2,4,1
,0,0,0,0,0,1,0,0,0,,,,1,5,1
온,0,0,0,1,0,0,0,3,1,,,,5,7,2
NC,0,0,0,0,0,3,3,0,,,,,6,11,2
홛,0,1,0,1,0,2,0,0,0,0,2,,6,16,1
왍,0,0,0,2,2,0,0,0,0,0,1,,5,9,0
KIA,0,0,0,2,0,0,4,1,0,2,,,9,14,1
庸,0,0,0,0,0,0,0,0,7,0,,,7,10,2
LG,3,0,0,1,3,1,0,0,0,,,,8,11,0
,0,0,0,3,0,0,0,0,0,,,,3,12,0
kt,0,0,0,2,0,0,0,0,0,,,,2,3,0
SK,0,0,0,0,0,0,0,0,0,,,,0,7,0
온,1,0,2,0,0,0,0,0,0,,,,3,6,1
NC,0,0,0,0,0,0,0,0,0,,,,0,7,1
홛,0,0,0,0,2,1,0,0,0,0,1,0,4,8,2
왍,0,0,0,0,0,0,0,3,0,0,1,1,5,8,1
KIA,0,0,0,1,0,2,0,0,0,,,,3,10,2
庸,0,4,0,8,3,0,0,1,,,,,16,17,1
kt,0,0,0,3,1,1,2,0,1,,,,8,11,0
SK,0,1,0,0,0,0,0,0,0,,,,1,3,2
LG,0,2,0,0,0,0,5,2,0,,,,9,10,1
,0,0,0,0,1,0,0,0,1,,,,2,3,1
온,2,0,0,3,0,1,4,1,1,,,,12,13,1
NC,0,0,0,2,0,2,0,0,0,,,,4,4,0
NC,0,0,0,0,0,0,0,0,0,,,,0,3,1
홛,0,0,5,1,0,0,0,0,,,,,6,10,1
SK,0,1,0,0,0,0,0,0,0,,,,1,5,1
KIA,1,0,0,0,0,5,0,0,,,,,6,6,0
庸,0,0,0,0,0,0,0,0,0,,,,0,7,2
LG,6,1,2,0,0,0,2,0,,,,,11,16,1
,0,0,0,0,0,1,0,0,1,,,,2,9,0
온,4,1,0,0,0,0,0,0,,,,,5,9,0
왍,0,2,0,0,0,0,0,0,0,,,,2,8,1
kt,0,0,0,0,0,0,0,0,0,,,,0,3,0
NC,0,0,3,0,1,1,0,0,0,,,,5,11,1
홛,0,1,0,0,0,1,0,0,0,,,,2,8,1
왍,0,0,0,1,0,0,0,0,0,,,,1,7,0
kt,1,0,0,0,1,0,3,0,,,,,5,8,0
SK,0,0,0,0,0,1,1,2,0,,,,4,8,0
KIA,0,0,0,3,0,0,0,3,,,,,6,10,0
庸,0,0,0,0,0,0,0,0,0,,,,0,4,2
LG,1,0,0,0,2,1,0,0,,,,,4,8,0
,0,0,0,0,1,0,0,0,2,,,,3,8,0
온,0,2,1,1,2,0,6,0,,,,,12,17,0
홛,0,0,0,0,0,0,0,2,0,,,,2,10,0
KIA,0,0,0,1,3,0,0,0,,,,,4,7,1
LG,0,0,0,0,0,1,5,0,0,,,,6,10,2
온,0,0,1,3,0,0,0,0,0,,,,4,5,0
NC,0,0,1,0,2,0,2,0,0,,,,5,10,1
SK,0,0,1,0,0,2,0,0,0,,,,3,6,0
庸,2,0,0,0,0,0,0,0,0,,,,2,8,0
kt,2,0,0,0,0,0,0,0,1,,,,3,7,1
,0,0,0,4,2,0,1,0,0,,,,7,11,1
왍,0,1,0,0,0,0,0,2,0,,,,3,9,0
홛,0,1,0,0,0,0,1,0,2,,,,4,12,0
KIA,0,2,0,0,0,0,0,1,0,,,,3,3,1
LG,1,0,0,0,0,0,2,2,1,,,,6,14,0
온,0,0,3,0,0,0,0,1,4,,,,8,15,0
NC,0,0,0,2,0,0,0,0,0,,,,2,4,1
SK,1,0,3,0,1,0,3,1,,,,,9,13,0
庸,0,0,0,0,0,0,0,0,0,,,,0,7,1
kt,1,0,0,0,0,0,0,0,,,,,1,3,0
,3,2,0,0,0,0,5,0,3,,,,13,20,1
왍,1,5,1,0,0,0,0,0,3,,,,10,16,1
홛,1,0,0,0,0,0,0,0,1,,,,2,13,0
KIA,0,0,0,1,0,0,2,0,,,,,3,9,1
LG,0,0,0,0,0,1,0,0,0,,,,1,5,0
온,0,0,0,3,2,1,1,0,,,,,7,10,0
NC,3,1,0,0,0,1,0,0,0,,,,5,12,1
SK,4,0,2,1,1,0,0,0,,,,,8,13,1
庸,0,0,0,0,0,0,0,0,0,,,,0,4,0
kt,0,2,0,0,0,1,0,0,,,,,3,7,0
,0,10,0,0,3,0,0,0,0,,,,13,19,1
왍,0,0,0,0,0,0,2,0,0,,,,2,3,1
홛,0,0,4,0,0,3,0,1,0,3,,,11,14,2
庸,0,0,2,3,3,0,0,0,0,0,,,8,15,1
KIA,0,0,2,2,0,0,0,0,0,,,,4,8,1
왍,0,3,4,3,2,3,0,1,,,,,16,21,0
kt,0,0,0,0,0,2,0,0,0,,,,2,8,0
,0,1,3,0,5,1,2,0,,,,,12,17,0
LG,1,0,0,0,0,2,0,0,0,,,,3,6,0
NC,0,0,0,1,0,3,0,0,,,,,4,7,1
온,0,0,2,0,0,2,0,0,2,,,,6,8,0
SK,1,0,0,0,0,0,0,1,2,,,,4,10,2
홛,0,0,0,3,0,1,0,1,0,,,,5,7,1
庸,0,0,0,0,0,0,0,1,2,,,,3,8,1
KIA,0,0,2,0,0,3,3,0,0,,,,8,9,1
왍,0,0,2,1,0,1,0,0,0,,,,4,7,3
kt,0,0,2,0,0,0,1,0,0,,,,3,8,4
,0,0,0,1,0,3,1,0,,,,,5,8,1
LG,0,0,0,0,0,0,0,0,0,,,,0,5,1
NC,1,0,0,0,0,0,0,4,,,,,5,10,1
온,0,0,0,0,0,0,0,0,1,0,0,0,1,12,2
SK,0,0,0,1,0,0,0,0,0,0,0,1,2,9,0
홛,0,0,0,0,1,0,0,0,0,,,,1,4,2
庸,0,0,0,0,0,0,1,4,,,,,5,6,0
KIA,0,0,0,3,0,0,0,0,1,,,,4,8,0
왍,0,0,0,0,0,0,0,2,1,,,,3,12,1
kt,0,0,0,1,2,1,0,0,3,,,,7,13,3
,3,1,0,1,0,0,1,0,0,,,,6,9,0
LG,0,0,0,1,0,0,0,0,0,,,,1,5,0
NC,0,0,3,0,0,0,0,0,,,,,3,7,0
온,3,0,0,6,0,0,0,0,1,,,,10,12,0
SK,4,1,3,1,1,0,0,0,1,,,,11,13,1
kt,1,0,1,0,0,0,0,0,0,,,,2,9,1
LG,2,0,0,0,0,3,0,0,,,,,5,10,0
왍,1,0,3,1,1,3,0,0,1,,,,10,13,2
NC,1,0,0,0,2,0,0,0,3,,,,6,10,0
SK,0,2,0,2,0,1,1,0,0,,,,6,11,1
홛,0,0,0,0,0,0,1,1,0,,,,2,6,1
庸,0,1,0,3,0,1,0,0,1,,,,6,10,2
온,4,0,0,0,0,0,5,0,,,,,9,9,1
,0,0,0,0,1,1,0,0,0,,,,2,7,0
KIA,0,0,0,1,0,1,0,1,,,,,3,7,1
kt,0,0,0,0,0,0,0,0,0,1,,,1,3,0
LG,0,0,0,0,0,0,0,0,0,0,,,0,7,0
왍,0,4,4,0,0,0,0,0,3,,,,11,14,0
NC,0,0,1,0,0,1,0,0,0,,,,2,11,0
SK,0,2,1,5,1,1,0,2,0,,,,12,17,1
홛,1,0,0,0,1,0,0,1,1,,,,4,13,1
庸,1,0,0,0,0,2,0,1,0,,,,4,11,1
온,1,0,2,0,0,1,1,1,,,,,6,9,1
,0,0,0,0,0,0,0,2,0,,,,2,13,0
KIA,3,1,0,0,0,0,1,0,,,,,5,12,0
kt,2,1,0,0,1,0,1,0,0,,,,5,14,1
LG,5,0,0,2,0,1,1,3,,,,,12,16,1
왍,0,0,0,0,0,0,0,0,0,,,,0,6,1
NC,1,2,0,0,0,0,1,0,,,,,4,11,0
SK,0,2,0,1,0,2,5,0,0,,,,10,12,0
홛,0,0,0,0,0,1,0,0,0,,,,1,6,1
庸,0,0,0,0,0,3,0,0,0,,,,3,10,1
온,0,0,0,0,0,0,0,0,0,,,,0,8,0
,0,0,0,3,0,2,0,0,1,,,,6,13,0
KIA,1,0,0,0,0,3,2,1,,,,,7,11,0
KIA,0,0,0,0,3,1,0,0,1,,,,5,11,0
kt,0,0,0,0,0,0,0,0,0,,,,0,7,2
LG,0,2,0,0,0,0,0,0,0,,,,2,9,3
홛,0,1,0,0,0,1,0,0,1,,,,3,6,0
NC,0,0,2,0,1,0,5,0,0,,,,8,14,0
온,1,2,0,0,0,0,0,0,0,,,,3,11,0
庸,1,0,0,0,0,1,0,0,0,0,1,0,3,10,0
왍,0,1,1,0,0,0,0,0,0,0,1,0,3,10,0
,0,0,0,0,0,0,3,1,0,,,,4,8,1
SK,0,0,5,0,2,0,0,0,,,,,7,9,1
KIA,1,0,0,0,0,0,0,0,0,,,,1,9,2
kt,0,1,0,0,2,0,0,0,,,,,3,10,0
LG,0,0,0,0,0,0,0,0,0,,,,0,4,0
홛,0,0,1,0,0,2,0,0,,,,,3,8,2
NC,0,1,4,0,1,0,1,1,0,,,,8,16,0
온,1,0,0,0,0,0,1,0,0,,,,2,7,1
庸,0,0,0,0,0,0,0,1,0,,,,1,4,0
왍,0,0,0,1,0,0,0,0,1,,,,2,9,0
,0,1,0,0,0,0,0,2,0,,,,3,6,2
SK,0,0,0,3,0,0,2,0,,,,,5,7,2
KIA,1,4,0,3,0,0,1,0,0,,,,9,13,1
kt,1,0,0,0,1,0,0,0,0,,,,2,6,0
LG,1,1,1,0,1,0,0,0,0,,,,4,10,1
홛,2,0,0,0,1,0,0,0,0,,,,3,7,0
NC,0,0,1,0,1,3,0,0,0,,,,5,9,2
온,0,0,0,0,0,0,4,0,0,,,,4,8,1
庸,0,0,2,0,0,0,0,0,0,,,,2,5,0
왍,1,0,0,1,0,0,0,2,,,,,4,8,1
,0,0,0,0,2,0,0,3,0,,,,5,11,2
SK,0,0,0,0,0,0,3,0,0,,,,3,6,2
홛,0,1,0,0,0,2,0,4,0,,,,7,10,0
kt,0,1,1,0,0,0,0,0,0,,,,2,8,0
KIA,0,0,0,1,0,1,0,0,0,,,,2,8,1
LG,1,1,0,0,0,1,0,3,,,,,6,10,0
온,0,0,0,0,0,0,0,0,1,,,,1,4,2
,1,0,0,0,0,1,0,2,,,,,4,8,0
NC,0,0,0,0,4,0,0,0,0,0,0,0,4,8,4
庸,2,0,0,2,0,0,0,0,0,0,0,0,4,7,0
왍,0,1,0,1,0,1,1,0,0,,,,4,10,2
SK,0,1,2,0,0,1,0,5,,,,,9,11,0
홛,0,0,0,1,4,0,4,0,0,,,,9,17,2
kt,0,2,2,0,2,3,2,0,,,,,11,13,0
KIA,0,0,1,0,0,2,0,2,0,,,,5,10,2
LG,0,0,2,0,0,0,0,0,2,,,,4,12,0
온,0,0,1,0,2,0,0,0,0,,,,3,12,0
,0,1,0,0,0,0,0,0,1,,,,2,6,1
NC,0,2,1,5,0,3,3,0,0,,,,14,17,0
庸,0,2,3,0,1,0,0,0,0,,,,6,8,0
왍,1,0,1,0,2,0,0,0,0,,,,4,10,1
SK,1,0,3,0,2,1,0,1,,,,,8,11,1
홛,0,0,1,5,1,1,5,0,1,,,,14,19,0
kt,0,0,0,0,0,0,0,1,0,,,,1,7,1
KIA,0,0,0,0,0,0,0,1,0,,,,1,8,2
LG,2,0,1,2,2,0,0,0,,,,,7,15,0
온,0,0,0,1,0,0,0,1,3,,,,5,10,0
,0,2,0,0,1,0,3,0,,,,,6,11,0
NC,0,0,1,0,1,0,0,4,0,,,,6,10,1
庸,0,0,0,1,1,0,1,0,0,,,,3,8,0
왍,0,1,3,0,2,0,0,2,0,,,,8,14,1
SK,0,0,0,4,0,0,0,0,0,,,,4,6,3
홛,0,1,0,0,0,0,0,1,0,,,,2,6,0
온,0,1,0,2,0,0,0,1,,,,,4,8,0
kt,0,0,0,0,1,0,0,0,0,,,,1,6,0
NC,0,0,0,1,0,1,0,0,,,,,2,5,3
왍,1,0,4,0,0,0,0,3,1,,,,9,14,1
,3,1,4,0,5,0,0,0,,,,,13,17,0
SK,1,0,5,1,0,0,0,0,1,,,,8,12,0
LG,0,0,0,0,0,3,0,0,0,,,,3,10,0
庸,2,0,0,1,0,0,0,0,0,,,,3,12,1
KIA,0,3,2,0,1,0,4,1,,,,,11,12,0
홛,1,0,1,0,0,0,0,0,0,,,,2,7,1
온,2,0,0,2,1,3,0,0,,,,,8,9,0
kt,1,0,0,0,0,0,0,0,3,,,,4,4,1
NC,0,3,2,0,1,0,5,0,,,,,11,13,0
왍,0,0,0,3,0,0,0,0,0,1,,,4,9,1
,0,0,0,0,0,0,0,2,1,0,,,3,10,1
SK,0,0,0,0,0,0,0,0,0,,,,0,2,1
LG,1,0,1,3,0,4,0,0,,,,,9,14,0
庸,0,0,0,0,0,0,0,0,0,,,,0,6,0
KIA,0,0,3,0,0,3,0,1,,,,,7,11,0
홛,0,0,5,1,0,0,0,0,0,,,,6,11,0
온,0,0,0,1,0,0,0,0,0,,,,1,6,1
kt,0,0,0,0,0,0,0,0,0,,,,0,4,1
NC,1,0,1,0,0,1,0,0,,,,,3,7,0
왍,0,1,0,1,0,0,0,1,0,,,,3,8,0
,0,0,2,2,3,0,0,0,,,,,7,10,0
SK,0,0,0,0,0,0,0,0,2,,,,2,6,0
LG,1,0,0,2,1,0,0,0,,,,,4,11,0
庸,1,0,0,4,0,2,1,0,1,,,,9,18,0
KIA,0,9,0,1,3,3,0,0,,,,,16,19,0
LG,0,0,0,0,1,0,0,0,1,,,,2,5,0
kt,1,0,0,0,0,0,0,0,0,,,,1,5,0
온,0,0,0,0,0,0,0,0,0,,,,0,6,0
왍,0,0,0,0,0,1,1,0,,,,,2,5,0
NC,1,0,0,0,1,0,1,0,0,,,,3,8,1
KIA,3,1,0,0,4,0,0,1,,,,,9,11,0
SK,0,5,0,0,0,0,0,2,0,,,,7,9,0
庸,1,0,0,0,3,0,1,0,0,,,,5,11,0
,0,2,0,0,8,0,0,2,1,,,,13,13,0
홛,0,0,0,0,0,0,0,1,1,,,,2,6,0
LG,0,0,0,0,0,0,0,0,0,,,,0,6,0
kt,0,0,3,3,0,0,0,0,,,,,6,12,0
온,0,1,0,0,0,2,0,0,0,,,,3,7,2
왍,0,0,0,0,0,0,4,1,,,,,5,8,3
NC,1,0,0,0,4,0,0,0,0,0,0,3,8,9,0
KIA,0,0,0,3,0,0,2,0,0,0,0,1,6,7,1
SK,0,0,1,0,0,0,3,1,0,,,,5,8,1
庸,1,0,0,1,0,3,5,2,,,,,12,16,1
,0,1,2,2,0,1,0,1,0,,,,7,14,0
홛,0,0,0,1,0,2,0,0,0,,,,3,9,3
LG,0,1,0,1,1,3,0,1,0,,,,7,13,0
kt,0,0,0,0,0,4,1,0,0,,,,5,7,1
온,2,0,0,0,0,0,0,2,2,,,,6,11,0
왍,0,0,0,0,0,0,0,0,0,,,,0,5,1
NC,0,1,0,3,0,0,0,3,5,,,,12,16,0
KIA,0,0,1,0,0,0,0,0,0,,,,1,4,1
SK,0,2,2,3,1,3,0,0,2,,,,13,13,0
庸,1,0,0,0,1,0,0,0,0,,,,2,10,0
,2,1,0,0,0,1,1,0,0,,,,5,8,0
홛,0,0,0,1,0,0,0,2,1,,,,4,12,1
홛,1,0,0,2,0,0,0,1,2,,,,6,13,0
SK,0,0,0,2,1,0,2,0,0,,,,5,13,1
KIA,1,4,1,1,0,0,0,0,2,,,,9,14,0
,1,0,0,0,0,1,1,0,0,,,,3,12,4
온,0,0,2,0,1,2,2,0,2,,,,9,15,0
kt,0,0,0,0,0,0,0,0,0,,,,0,3,2
NC,0,0,0,0,0,0,2,0,0,,,,2,6,0
LG,0,0,1,0,0,0,0,0,0,,,,1,6,1
왍,2,0,0,0,0,0,0,3,0,0,,,5,10,1
庸,1,1,0,0,0,0,0,0,3,1,,,6,9,0
홛,0,5,1,0,1,0,0,1,0,1,,,9,12,1
SK,0,0,3,2,0,0,0,2,1,0,,,8,10,0
KIA,0,0,1,0,0,0,1,0,0,,,,2,5,2
,0,0,0,0,0,0,0,1,0,,,,1,11,0
온,1,0,1,0,0,0,0,0,0,,,,2,11,1
kt,0,0,0,4,1,0,2,1,,,,,8,12,0
NC,0,0,0,0,0,0,0,0,0,,,,0,5,1
LG,2,0,6,0,3,0,0,2,,,,,13,17,0
왍,0,6,0,2,0,0,2,0,0,,,,10,14,0
庸,1,1,0,1,1,0,0,0,0,,,,4,8,0
홛,0,0,1,0,0,0,0,0,1,,,,2,10,0
SK,0,0,0,0,2,0,4,0,,,,,6,8,0
KIA,0,0,0,1,0,0,0,0,0,,,,1,9,1
,0,1,0,2,0,0,5,1,,,,,9,9,0
온,0,2,0,1,0,0,0,0,0,,,,3,9,0
kt,1,0,0,0,0,1,0,0,0,,,,2,12,1
NC,0,0,0,0,0,0,3,0,0,,,,3,6,2
LG,0,2,1,0,0,0,0,1,,,,,4,8,3
왍,6,0,1,4,0,1,3,2,0,,,,17,13,0
庸,2,0,0,0,0,0,0,0,0,,,,2,8,1
KIA,0,0,0,2,0,0,1,0,0,2,,,5,13,2
온,0,0,0,0,2,0,1,0,0,0,,,3,9,0
kt,0,0,0,1,0,0,0,0,0,,,,1,6,3
홛,0,5,3,0,4,1,0,0,,,,,13,18,0
LG,0,0,0,0,0,2,0,1,0,,,,3,6,0
왍,0,0,0,0,0,1,0,0,0,,,,1,9,0
SK,0,0,0,0,3,0,0,0,0,,,,3,11,0
,0,0,0,0,3,1,1,0,,,,,5,8,0
庸,0,0,0,0,0,1,0,1,0,,,,2,8,0
NC,0,0,2,3,0,1,1,0,,,,,7,11,1
KIA,0,1,0,1,1,0,0,0,0,,,,3,12,0
온,0,0,0,0,0,0,0,0,0,,,,0,9,1
kt,1,1,0,0,1,0,0,0,0,,,,3,7,1
홛,0,0,0,0,1,0,4,0,,,,,5,14,0
LG,0,0,1,6,0,0,0,0,0,,,,7,6,0
왍,1,0,0,0,1,2,1,0,0,,,,5,7,0
SK,1,3,0,0,0,7,0,2,0,,,,13,20,1
,0,0,0,3,0,0,0,0,2,,,,5,11,0
庸,1,0,5,1,0,0,5,0,0,,,,12,10,0
NC,1,0,0,0,0,0,0,0,0,,,,1,8,4
KIA,0,0,0,0,1,1,0,3,0,,,,5,8,1
온,0,0,1,0,1,1,0,0,0,,,,3,13,2
kt,2,0,0,0,0,2,0,3,3,,,,10,11,0
홛,0,0,0,0,0,0,0,0,0,,,,0,4,0
LG,0,2,0,0,2,2,3,0,1,,,,10,16,0
왍,0,0,2,0,0,2,0,0,0,,,,4,8,0
SK,0,1,0,0,0,1,1,0,3,0,0,0,6,12,2
,0,0,0,0,1,4,0,1,0,0,0,0,6,16,1
庸,0,1,0,0,2,0,0,0,0,,,,3,8,2
NC,1,2,1,0,4,3,0,2,,,,,13,14,1
kt,0,1,0,0,2,0,1,0,0,,,,4,12,2
KIA,0,5,3,1,0,0,0,0,,,,,9,14,0
kt,0,2,0,0,0,0,0,0,1,,,,3,9,2
KIA,0,0,0,0,0,0,0,0,0,,,,0,3,0
LG,0,0,1,0,0,0,0,0,5,,,,6,15,0
庸,0,0,1,0,0,0,0,0,0,,,,1,4,1
온,1,0,0,0,2,0,2,3,0,,,,8,15,1
홛,1,0,0,0,0,0,0,0,0,,,,1,5,1
SK,0,0,0,0,0,0,0,0,0,,,,0,5,0
왍,0,3,1,0,0,0,1,1,,,,,6,15,0
,0,0,0,0,0,0,0,0,0,,,,0,8,1
NC,0,0,0,1,2,0,0,0,,,,,3,8,0
kt,0,0,4,0,0,0,0,0,0,,,,4,13,1
KIA,0,0,0,1,0,0,0,0,1,,,,2,5,1
LG,0,0,0,2,1,2,0,3,0,,,,8,10,1
庸,0,2,1,0,2,0,0,0,0,,,,5,9,1
온,0,0,0,0,0,0,1,0,0,,,,1,4,2
홛,0,0,0,0,0,0,0,2,,,,,2,5,0
SK,0,0,0,0,0,0,0,0,0,,,,0,4,1
왍,3,3,0,0,0,1,0,0,,,,,7,10,0
,0,0,0,0,1,0,1,0,0,,,,2,9,1
NC,0,0,0,0,0,1,0,0,0,,,,1,7,2
홛,0,1,0,0,0,3,0,0,1,,,,5,9,0
LG,0,1,0,0,0,0,1,1,0,,,,3,9,1
KIA,0,2,0,0,0,0,0,0,0,,,,2,9,2
SK,0,0,0,0,0,5,0,3,,,,,8,8,0
NC,2,0,0,0,3,0,0,3,0,,,,8,10,2
kt,1,0,0,0,0,0,3,0,1,,,,5,8,0
,1,0,0,0,0,0,0,0,0,,,,1,7,0
庸,2,1,0,0,1,0,0,0,,,,,4,9,0
홛,2,0,4,0,2,1,1,0,0,,,,10,13,1
LG,0,0,0,0,0,0,0,0,0,,,,0,7,2
KIA,0,0,0,0,0,0,0,1,2,0,2,,5,9,0
SK,3,0,0,0,0,0,0,0,0,0,0,,3,4,0
NC,0,0,0,0,0,1,1,0,0,,,,2,6,1
kt,0,1,1,0,2,1,0,0,,,,,5,13,2
왍,2,2,3,2,0,0,0,0,0,,,,9,14,0
온,0,4,0,0,0,0,0,0,0,,,,4,7,0
,1,0,0,0,4,0,0,0,0,,,,5,12,0
庸,0,1,0,2,1,0,0,0,0,,,,4,7,1
홛,0,1,0,0,0,0,0,0,0,,,,1,9,0
LG,0,0,0,0,2,2,0,0,,,,,4,9,0
KIA,0,0,0,2,1,0,0,0,0,,,,3,6,0
SK,0,0,0,0,1,1,1,0,1,,,,4,10,0
NC,0,0,0,2,0,0,3,0,0,,,,5,11,5
kt,0,2,3,0,0,3,2,0,,,,,10,10,0
왍,2,4,2,3,0,1,2,0,1,,,,15,17,1
온,0,0,0,0,0,0,0,1,0,,,,1,8,0
,0,0,2,0,2,0,0,1,0,,,,5,8,1
庸,0,1,0,2,0,0,0,0,1,,,,4,9,1
홛,0,0,0,0,0,0,0,1,0,,,,1,4,0
,1,0,0,0,1,0,0,0,,,,,2,10,1
kt,0,0,0,0,0,0,0,0,0,,,,0,4,0
온,0,1,0,1,0,0,3,1,,,,,6,12,2
LG,0,0,0,0,2,0,0,0,0,0,0,,2,8,0
KIA,1,0,0,0,0,1,0,0,0,0,1,,3,10,0
NC,0,0,0,2,0,0,0,0,0,,,,2,10,0
왍,0,0,0,0,0,0,1,0,0,,,,1,10,0
庸,1,0,0,3,1,0,0,2,1,,,,8,10,0
SK,0,0,0,0,0,2,0,0,0,,,,2,4,3
홛,0,2,1,0,0,2,0,3,0,,,,8,12,1
,2,0,0,1,0,0,0,1,0,,,,4,12,1
kt,0,2,0,0,0,0,0,1,1,,,,4,5,3
온,0,0,1,0,3,1,4,0,,,,,9,14,2
LG,0,2,0,0,0,0,0,0,1,,,,3,8,0
KIA,0,3,0,3,0,0,2,0,,,,,8,12,2
NC,0,0,1,0,0,0,0,1,0,,,,2,7,1
왍,0,0,0,0,0,0,1,0,0,,,,1,7,1
庸,0,0,0,1,0,0,1,1,2,,,,5,10,1
SK,1,0,0,0,0,0,1,0,0,,,,2,6,2
홛,0,0,0,0,0,3,0,0,3,,,,6,9,0
,4,0,0,0,0,0,0,0,4,,,,8,8,1
kt,0,0,0,0,0,0,1,2,1,,,,4,10,0
온,1,1,1,2,0,2,2,2,,,,,11,19,1
LG,0,0,1,0,0,0,2,1,0,,,,4,15,0
KIA,0,1,5,1,0,2,0,0,,,,,9,12,0
NC,1,0,2,0,0,1,0,0,0,,,,4,8,2
왍,5,1,0,1,0,0,0,0,,,,,7,7,0
庸,0,0,0,0,0,0,1,0,0,,,,1,3,0
SK,0,0,1,0,0,0,3,0,,,,,4,12,1
온,0,0,0,5,0,0,0,4,0,,,,9,11,1
LG,0,2,0,2,0,0,0,0,0,,,,4,9,1
왍,0,0,0,1,0,1,0,0,5,,,,7,14,1
KIA,0,2,0,3,0,0,1,0,0,,,,6,9,1
SK,4,2,1,1,2,0,1,0,0,,,,11,12,1
NC,0,0,1,0,0,0,0,0,0,,,,1,7,0
庸,0,2,0,0,0,0,2,0,2,,,,6,11,2
홛,0,1,0,0,1,0,0,0,0,,,,2,8,0
,0,0,1,0,0,3,0,0,0,,,,4,9,2
kt,0,0,0,0,2,0,0,0,1,,,,3,9,0
온,0,0,0,0,1,0,0,0,1,,,,2,7,0
LG,0,1,0,2,0,0,0,0,,,,,3,8,0
왍,0,2,0,2,2,0,0,0,0,,,,6,15,0
KIA,0,0,0,0,0,0,0,0,0,,,,0,8,0
SK,0,0,0,0,0,0,0,0,0,,,,0,4,0
NC,0,0,1,0,0,0,0,0,,,,,1,6,0
庸,0,0,0,0,1,2,5,1,0,,,,9,14,1
홛,0,0,0,4,0,2,0,1,1,,,,8,14,1
,3,0,0,3,0,0,2,0,3,,,,11,15,0
kt,1,0,0,0,0,0,2,0,0,,,,3,8,1
온,0,0,0,0,0,1,0,1,1,,,,3,7,0
LG,0,0,0,0,0,1,0,3,,,,,4,7,0
왍,0,0,0,1,2,3,1,0,0,,,,7,10,1
KIA,1,0,0,0,0,1,1,0,0,,,,3,9,2
SK,0,0,0,1,2,0,1,0,0,0,5,,9,14,1
NC,0,0,0,0,0,0,4,0,0,0,0,,4,9,0
庸,0,0,0,0,0,2,5,1,0,,,,8,10,1
홛,0,0,1,0,0,1,2,2,1,,,,7,14,1
,0,1,0,0,2,0,1,0,0,,,,4,12,0
kt,4,4,1,3,0,0,1,0,,,,,13,17,3
KIA,0,0,3,7,0,1,2,0,0,,,,13,17,2
홛,0,0,0,0,1,1,5,0,1,,,,8,15,1
kt,0,0,3,3,3,0,1,0,2,,,,12,18,0
庸,2,0,0,0,1,0,0,0,0,,,,3,6,0
NC,3,0,5,0,4,0,0,0,3,,,,15,17,1
,0,0,0,0,1,0,3,0,0,,,,4,7,1
SK,1,0,0,0,0,0,0,0,2,3,,,6,13,0
온,0,0,0,3,0,0,0,0,0,4,,,7,9,0
KIA,0,2,3,2,0,0,1,1,0,,,,9,15,0
홛,0,0,0,0,1,0,0,0,2,,,,3,6,0
kt,1,1,0,0,1,1,0,0,0,5,,,9,13,0
庸,0,0,1,0,0,3,0,0,0,4,,,8,13,1
NC,3,0,1,1,0,0,0,0,0,,,,5,14,0
,0,1,0,2,0,0,0,1,0,,,,4,6,2
왍,0,0,0,0,1,0,0,1,0,,,,2,6,0
LG,0,0,0,0,0,0,1,0,0,,,,1,6,1
SK,0,0,1,0,0,0,0,4,0,,,,5,8,0
온,0,0,0,0,1,4,0,2,,,,,7,12,0
KIA,0,0,0,0,4,0,0,2,0,,,,6,8,1
홛,0,0,1,0,0,0,0,3,0,,,,4,6,1
kt,0,0,0,0,0,0,0,0,4,,,,4,5,1
庸,1,0,2,0,3,0,0,0,,,,,6,5,0
NC,5,2,1,0,0,0,0,4,1,,,,13,15,0
,0,3,0,0,0,0,0,0,0,,,,3,4,1
왍,0,0,1,0,0,2,5,1,0,,,,9,11,2
LG,3,0,0,0,1,3,0,0,0,,,,7,13,2
SK,0,2,3,0,0,1,0,0,0,,,,6,12,0
온,1,0,3,3,10,0,0,0,,,,,17,18,1
홛,1,1,0,0,0,0,0,0,1,,,,3,15,2
NC,0,0,0,0,1,0,1,3,,,,,5,11,0
kt,1,0,0,0,2,0,0,0,0,2,,,5,18,0
왍,2,0,0,0,0,0,1,0,0,0,,,3,7,0
LG,0,0,0,0,0,0,1,0,0,,,,1,6,0
SK,0,0,1,1,0,0,1,3,,,,,6,8,0
온,0,0,1,3,1,3,0,0,0,,,,8,11,0
KIA,0,0,0,0,1,0,0,0,1,,,,2,3,0
庸,0,0,0,0,3,0,0,0,0,,,,3,7,1
,0,2,4,0,2,4,3,3,,,,,18,20,2
홛,0,0,0,0,0,3,1,0,2,,,,6,11,0
NC,1,0,0,0,0,0,0,0,0,,,,1,10,0
kt,1,1,0,1,0,0,0,1,0,,,,4,12,0
왍,1,4,0,4,0,1,0,0,,,,,10,14,1
LG,0,0,0,0,0,0,0,0,3,,,,3,5,1
SK,0,0,0,0,0,1,0,3,,,,,4,9,1
온,0,0,2,0,2,1,2,0,0,,,,7,10,2
KIA,8,0,1,4,0,1,0,1,,,,,15,17,1
庸,0,1,2,0,0,1,0,0,0,,,,4,7,0
,0,1,1,0,0,2,0,3,,,,,7,13,2
홛,0,3,1,0,0,0,4,0,0,,,,8,12,0
NC,0,0,0,0,1,0,0,0,0,,,,1,8,1
kt,0,0,0,0,5,0,0,0,0,,,,5,8,0
왍,0,2,0,2,2,1,1,1,,,,,9,12,0
LG,0,0,1,0,0,0,0,0,1,,,,2,10,1
SK,0,1,0,1,2,1,0,0,,,,,5,7,0
온,0,1,1,0,1,0,1,0,0,0,0,,4,12,0
KIA,0,0,0,1,1,1,1,0,0,0,4,,8,13,0
庸,0,0,0,0,2,0,0,0,1,,,,3,10,1
,0,0,0,0,0,2,0,0,0,,,,2,12,1
KIA,1,0,2,0,0,0,0,4,2,,,,9,17,0
NC,1,0,2,0,0,0,4,0,0,,,,7,10,1
온,0,0,0,0,0,0,1,0,0,,,,1,7,0
庸,0,0,0,0,0,0,0,0,0,,,,0,5,0
왍,0,0,0,0,0,0,1,1,0,,,,2,9,3
홛,2,3,0,0,0,0,0,0,,,,,5,12,0
SK,1,0,4,0,1,0,0,2,0,,,,8,9,0
kt,0,0,0,0,0,0,2,0,1,,,,3,8,0
,0,1,0,1,0,0,0,1,0,,,,3,7,1
LG,0,0,0,0,0,1,0,0,0,,,,1,6,0
KIA,0,2,0,3,0,0,0,0,5,,,,10,13,1
NC,0,0,0,0,0,0,0,0,2,,,,2,10,0
온,0,0,0,0,0,1,2,0,1,,,,4,7,3
庸,0,0,0,3,0,3,5,0,,,,,11,11,0
왍,0,0,0,0,0,1,0,0,0,,,,1,5,1
홛,2,0,0,0,0,1,0,0,,,,,3,7,0
SK,0,0,4,0,1,3,0,0,0,,,,8,10,0
kt,0,1,0,1,0,0,0,0,0,,,,2,8,1
,0,0,0,0,1,0,0,0,1,,,,2,8,0
LG,2,0,0,1,0,2,0,0,,,,,5,13,2
KIA,0,5,0,0,0,0,2,0,0,,,,7,11,1
NC,2,4,1,1,0,0,0,0,,,,,8,10,2
온,0,0,0,1,0,0,1,0,0,,,,2,6,2
庸,0,0,3,0,5,2,0,3,,,,,13,13,0
왍,4,0,0,0,2,0,2,0,0,,,,8,13,1
홛,2,0,0,0,0,0,2,2,0,,,,6,11,0
SK,0,4,2,0,0,0,4,0,0,,,,10,13,1
kt,0,0,0,1,0,0,1,0,2,,,,4,8,0
,0,0,0,0,0,1,0,0,0,,,,1,8,1
LG,0,2,0,0,2,0,2,0,,,,,6,11,0
KIA,1,0,0,0,0,0,0,0,0,,,,1,4,1
庸,0,2,2,0,0,0,0,1,,,,,5,14,0
kt,4,6,0,0,0,0,1,0,0,,,,11,16,0
온,0,0,0,2,1,0,4,1,0,,,,8,13,0
NC,0,0,1,1,0,1,1,0,0,,,,4,9,0
LG,0,0,0,1,0,0,0,0,0,,,,1,5,1
왍,0,8,1,0,3,1,0,0,2,,,,15,16,0
,0,0,0,0,0,0,2,2,0,,,,4,7,1
SK,0,0,1,0,2,0,1,0,0,,,,4,6,2
홛,2,0,0,0,1,0,0,1,1,,,,5,13,0
KIA,0,0,1,1,3,0,0,0,0,0,,,5,10,1
庸,0,0,0,1,2,0,1,1,0,1,,,6,13,2
kt,3,1,0,3,0,0,2,0,1,,,,10,16,1
온,0,0,0,0,0,0,0,1,0,,,,1,8,1
NC,0,2,0,0,0,0,1,1,0,,,,4,11,1
LG,0,2,0,0,0,0,0,1,0,,,,3,7,0
왍,0,1,0,0,3,1,0,0,0,,,,5,10,0
,0,3,2,2,0,1,0,0,,,,,8,16,0
SK,0,2,3,0,0,0,0,0,0,,,,5,6,2
홛,1,0,0,0,0,0,0,1,0,,,,2,10,0
KIA,2,0,0,1,8,0,1,1,0,,,,13,18,2
庸,0,0,1,0,1,0,1,0,0,,,,3,7,1
kt,0,0,2,5,0,0,0,0,1,,,,8,12,2
온,0,0,5,3,0,2,4,0,,,,,14,14,0
NC,0,0,0,4,0,0,0,0,2,,,,6,9,0
LG,1,0,0,1,2,1,0,0,0,,,,5,10,2
왍,0,0,0,0,0,0,3,0,3,,,,6,16,0
,1,0,0,0,0,0,0,0,0,,,,1,10,0
SK,0,1,0,0,2,0,3,0,1,,,,7,11,3
홛,0,0,2,2,0,0,0,0,0,,,,4,8,0
온,1,0,1,0,0,3,0,0,0,,,,5,7,0
NC,0,1,0,0,1,1,0,1,0,,,,4,8,2
庸,0,1,0,0,2,1,0,6,0,2,,,12,18,1
왍,0,0,0,4,3,0,0,3,0,0,,,10,9,2
,0,0,0,1,0,3,0,1,0,,,,5,9,1
SK,3,0,2,0,0,0,0,0,1,,,,6,7,0
홛,0,0,0,0,0,0,0,0,0,,,,0,5,1
KIA,0,1,0,0,1,3,0,2,,,,,7,12,0
LG,0,0,1,0,0,3,2,0,5,,,,11,12,1
kt,1,0,0,0,2,4,0,0,0,,,,7,12,1
온,0,1,0,0,1,2,0,0,0,,,,4,11,0
NC,4,0,1,1,0,4,0,2,,,,,12,16,1
庸,0,3,0,0,4,0,0,0,0,,,,7,10,1
왍,3,0,1,3,2,0,0,0,,,,,9,13,1
,0,1,1,0,1,0,0,2,1,,,,6,12,1
SK,0,0,0,1,0,1,0,0,0,,,,2,9,1
홛,2,0,0,0,0,0,0,2,0,,,,4,11,1
KIA,0,6,0,0,0,0,2,0,,,,,8,13,0
LG,0,0,2,0,0,0,0,3,0,,,,5,8,0
kt,0,2,0,0,0,0,0,1,1,,,,4,10,0
온,0,0,0,0,0,0,0,0,0,,,,0,5,1
NC,5,0,2,2,0,4,0,3,,,,,16,20,0
庸,0,0,0,0,0,1,0,2,0,0,,,3,6,0
왍,3,0,0,0,0,0,0,0,0,1,,,4,6,0
,0,1,0,1,1,0,0,2,1,,,,6,12,0
SK,0,0,0,0,2,0,0,0,0,,,,2,6,1
kt,1,0,0,1,1,0,0,2,0,0,0,,5,7,1
NC,0,0,2,0,0,2,0,1,0,0,1,,6,12,0
왍,0,1,0,0,3,0,0,0,0,,,,4,7,0
온,0,0,0,0,0,0,0,0,0,,,,0,5,1
SK,0,0,0,0,0,1,0,0,0,,,,1,8,0
LG,1,0,0,0,0,0,1,1,,,,,3,6,0
庸,0,2,0,0,0,0,0,2,4,,,,8,13,0
홛,0,4,0,0,0,1,0,0,0,,,,5,10,0
,3,0,0,0,1,0,0,0,3,,,,7,11,0
KIA,0,0,0,0,0,3,1,0,1,,,,5,14,1
kt,0,1,0,0,0,0,0,0,0,,,,1,4,2
NC,0,0,0,0,1,0,3,0,,,,,4,6,0
왍,0,2,0,0,2,0,0,0,2,0,,,6,9,3
온,1,3,0,0,1,1,0,0,0,1,,,7,15,0
SK,0,2,0,0,1,0,0,1,0,,,,4,7,1
LG,0,0,0,1,0,2,0,0,0,,,,3,9,2
庸,0,0,0,1,0,1,0,0,0,,,,2,9,1
홛,4,0,0,1,1,0,0,4,,,,,10,11,0
,1,2,2,1,0,0,0,2,0,,,,8,13,0
KIA,0,1,0,0,0,0,1,0,2,,,,4,12,0
kt,0,0,0,0,0,0,0,0,0,,,,0,8,0
NC,2,1,0,0,2,0,0,0,,,,,5,7,1
왍,0,3,0,0,0,0,0,0,1,,,,4,9,2
온,0,2,0,0,1,1,2,1,,,,,7,12,2
SK,1,0,0,0,0,0,0,0,0,,,,1,4,1
LG,0,7,7,4,0,0,0,1,,,,,19,18,0
庸,0,0,0,1,0,2,0,3,1,,,,7,11,1
홛,1,0,0,1,0,2,0,0,0,,,,4,8,0
,2,0,0,0,0,0,0,0,0,,,,2,3,1
KIA,1,0,0,2,1,0,2,0,,,,,6,13,2
홛,0,0,0,1,5,0,3,0,2,,,,11,17,0
SK,0,0,4,2,2,0,0,0,0,,,,8,12,0
KIA,3,2,0,0,0,0,1,1,3,,,,10,10,1
온,1,3,0,0,0,0,3,0,0,,,,7,12,1
kt,0,0,0,0,0,0,0,0,0,,,,0,6,1
庸,0,1,2,0,0,1,0,0,,,,,4,9,1
LG,0,0,1,0,2,1,0,0,0,,,,4,11,0
왍,1,0,0,1,0,0,0,5,,,,,7,10,0
NC,4,0,7,0,0,1,1,1,0,,,,14,17,1
,5,0,0,0,0,0,0,0,0,,,,5,5,1
홛,1,0,0,0,0,0,1,1,0,,,,3,6,1
SK,1,0,0,0,0,0,4,1,,,,,6,6,1
KIA,0,0,1,0,0,3,1,1,0,,,,6,11,0
온,0,0,0,0,3,0,0,0,0,,,,3,6,1
kt,1,0,0,0,5,1,0,0,0,,,,7,10,0
庸,3,2,0,0,0,0,0,0,0,,,,5,9,2
LG,0,0,0,1,3,0,1,0,0,,,,5,9,0
왍,0,0,0,0,1,0,0,0,0,,,,1,7,0
NC,0,0,0,0,2,1,0,1,0,,,,4,15,0
,0,0,0,3,1,0,4,0,,,,,8,15,0
홛,0,2,0,0,0,0,0,0,1,,,,3,8,0
SK,3,0,1,0,0,0,0,0,,,,,4,11,1
KIA,0,0,1,1,0,5,0,0,0,,,,7,12,0
온,0,0,0,0,0,0,1,2,2,,,,5,14,0
kt,0,0,0,0,1,1,0,0,0,,,,2,8,2
庸,2,0,2,0,0,1,1,0,,,,,6,8,0
LG,0,3,2,1,0,1,2,1,2,,,,12,18,0
왍,4,0,0,0,0,0,0,2,0,,,,6,11,3
NC,0,1,0,6,0,0,0,0,0,2,,,9,15,1
,0,0,0,3,0,2,2,0,0,1,,,8,12,0
홛,4,2,0,0,1,7,1,0,0,,,,15,19,2
kt,0,2,0,0,8,0,4,0,0,,,,14,18,1
LG,1,1,0,0,3,3,1,0,0,,,,9,14,1
KIA,0,0,0,0,0,5,0,3,0,,,,8,12,1
온,1,0,0,0,0,0,0,0,0,,,,1,5,0
,0,0,0,0,0,0,2,0,,,,,2,5,0
NC,1,0,0,5,0,1,3,0,1,,,,11,15,1
왍,0,0,0,2,0,0,0,3,0,,,,5,11,0
SK,2,0,0,0,0,0,0,0,0,,,,2,7,1
庸,0,0,0,0,0,0,0,0,1,,,,1,6,0
홛,0,3,0,0,0,2,3,0,1,,,,9,12,0
kt,0,0,1,0,0,0,0,0,0,,,,1,6,0
LG,0,2,1,0,0,0,0,0,0,,,,3,9,0
KIA,0,0,2,1,0,1,0,0,,,,,4,7,0
온,1,0,0,0,0,0,0,0,1,,,,2,2,0
,1,0,7,0,0,0,0,0,,,,,8,10,0
NC,1,0,1,0,0,0,2,0,0,,,,4,9,0
왍,0,7,0,3,0,2,1,1,,,,,14,17,0
SK,0,2,0,6,6,0,0,0,0,,,,14,17,0
庸,1,4,0,0,0,3,1,1,0,,,,10,14,0
홛,0,0,7,3,0,0,0,2,1,,,,13,18,2
kt,0,0,3,0,0,0,0,0,2,,,,5,11,1
LG,0,0,3,0,0,6,4,0,3,,,,16,18,1
KIA,7,0,0,0,0,0,1,0,0,,,,8,9,2
온,0,1,0,0,0,0,1,1,0,,,,3,11,0
,0,0,0,2,3,3,6,0,,,,,14,16,0
NC,2,0,1,0,5,3,0,0,0,,,,11,17,2
왍,0,0,0,4,2,0,7,0,,,,,13,16,4
SK,0,0,0,0,0,1,0,1,3,,,,5,12,3
庸,0,0,3,1,1,0,0,2,,,,,7,9,0
온,0,0,5,0,2,0,3,0,0,,,,10,16,2
kt,0,0,0,0,1,0,0,0,1,,,,2,10,0
NC,0,0,0,0,0,0,0,1,0,,,,1,7,0
SK,1,0,5,0,1,0,0,0,,,,,7,7,1
庸,0,0,0,1,0,1,0,0,1,,,,3,7,1
LG,0,0,0,4,0,0,1,0,,,,,5,12,0
,0,0,3,1,1,0,0,0,0,,,,5,9,0
홛,3,2,0,0,0,0,1,0,,,,,6,9,0
온,0,0,3,0,3,0,1,0,3,,,,10,13,1
kt,0,0,0,1,1,0,0,0,2,,,,4,7,2
NC,0,0,1,0,0,0,1,0,0,,,,2,5,1
SK,0,0,0,0,0,0,0,0,1,,,,1,8,1
왍,2,0,1,2,1,0,2,0,0,,,,8,15,0
KIA,3,2,4,5,3,0,0,3,,,,,20,20,1
庸,0,0,0,0,1,4,1,4,0,,,,10,9,0
LG,2,0,0,0,0,0,1,0,0,,,,3,7,3
,0,0,3,2,0,0,0,0,1,,,,6,9,0
홛,1,2,2,0,0,0,0,0,0,,,,5,6,1
온,2,0,0,1,0,0,0,0,0,,,,3,8,2
kt,5,0,2,0,0,0,1,2,,,,,10,15,1
NC,2,0,0,0,0,0,0,4,0,,,,6,10,0
SK,0,7,6,0,0,0,0,0,,,,,13,10,0
왍,0,0,2,1,0,0,0,2,0,,,,5,11,0
KIA,0,2,2,0,2,0,5,0,,,,,11,18,1
庸,0,0,3,0,1,0,1,0,0,,,,5,11,1
LG,1,0,0,0,0,0,0,0,0,,,,1,8,1
,2,1,1,5,2,1,0,0,0,0,,,12,20,1
홛,2,0,3,1,1,0,2,3,0,1,,,13,16,0
홛,1,0,0,0,0,0,2,0,0,,,,3,6,0
庸,4,0,1,0,0,0,0,0,,,,,5,10,0
KIA,0,0,0,0,0,0,0,1,0,,,,1,9,1
NC,0,1,1,1,1,0,0,0,,,,,4,11,1
kt,0,0,0,1,0,0,1,0,0,,,,2,6,2
SK,0,0,0,0,0,4,0,0,,,,,4,5,0
LG,0,0,0,0,1,1,0,0,1,,,,3,10,0
,2,2,0,0,0,0,3,1,,,,,8,14,1
온,1,0,0,0,0,0,0,0,0,,,,1,7,0
왍,0,3,3,1,1,1,0,0,,,,,9,12,0
홛,0,1,0,0,0,0,1,0,0,,,,2,8,2
庸,0,1,6,0,1,0,0,0,,,,,8,11,0
KIA,0,0,0,1,0,0,0,0,0,,,,1,8,1
NC,0,0,0,0,2,1,1,2,,,,,6,7,0
kt,0,0,0,0,1,0,0,0,0,,,,1,5,0
SK,1,0,0,0,0,1,0,0,,,,,2,7,0
LG,0,0,2,0,0,6,0,0,0,,,,8,12,0
,0,1,0,0,0,0,0,1,0,,,,2,8,3
온,0,0,1,0,0,0,0,7,0,,,,8,13,1
왍,1,3,0,0,0,0,0,0,0,,,,4,9,0
홛,4,1,0,1,0,0,0,0,1,0,0,,7,10,2
庸,3,1,0,1,0,1,1,0,0,0,,,7,12,1
KIA,0,2,0,0,3,0,1,0,0,,,,6,6,0
NC,0,1,0,0,1,0,3,4,,,,,9,10,1
kt,3,1,0,1,0,0,1,0,0,,,,6,11,1
SK,0,3,1,0,2,0,0,0,1,,,,7,9,1
LG,0,1,0,1,0,0,0,0,0,,,,2,8,0
,0,2,0,0,0,0,2,0,,,,,4,11,1
온,0,0,0,0,0,1,3,0,0,,,,4,11,0
왍,0,0,0,0,0,0,2,0,0,,,,2,8,2
kt,1,0,0,0,0,0,0,0,0,,,,1,7,1
홛,1,0,0,0,3,0,0,0,,,,,4,11,1
LG,1,0,0,3,0,0,0,1,0,5,0,0,10,15,2
온,0,2,1,0,0,0,0,2,0,5,0,1,11,19,1
SK,0,0,3,1,0,0,0,1,0,,,,5,5,1
왍,0,0,1,0,0,0,0,0,0,,,,1,10,1
庸,0,1,0,1,0,1,0,0,1,,,,4,9,2
KIA,1,3,0,0,2,4,0,1,,,,,11,14,1
,0,0,2,0,0,0,0,0,0,,,,2,7,1
NC,2,0,4,0,0,0,0,1,,,,,7,11,0
kt,1,0,1,2,0,0,0,0,0,1,,,5,10,2
홛,0,2,0,0,0,0,1,0,1,0,,,4,12,1
LG,0,1,0,0,0,5,0,2,0,0,0,1,9,16,3
온,0,2,0,0,0,4,1,1,0,0,0,1,9,16,3
SK,0,0,0,2,0,0,0,1,0,,,,3,10,0
왍,0,0,0,0,0,0,0,0,0,,,,0,8,0
庸,0,2,0,0,0,0,1,1,0,,,,4,10,2
KIA,3,2,1,1,0,1,4,1,,,,,13,20,0
,1,2,0,0,0,0,0,0,0,,,,3,8,0
NC,0,0,3,0,5,0,0,1,,,,,9,11,1
kt,0,0,0,0,0,5,0,0,0,,,,5,9,0
홛,0,0,0,1,0,0,6,1,,,,,8,10,1
SK,0,0,0,1,0,0,1,1,0,,,,3,9,1
왍,4,1,0,1,0,0,0,0,,,,,6,11,0
庸,0,0,0,0,1,0,0,0,0,,,,1,4,0
KIA,5,4,10,0,0,1,0,2,,,,,22,29,1
KIA,2,0,0,1,1,3,3,0,0,,,,10,12,1
LG,0,0,0,2,0,2,1,1,0,,,,6,10,1
NC,0,0,0,0,0,0,0,0,0,,,,0,6,1
온,1,0,0,0,4,0,4,0,,,,,9,9,0
왍,1,0,4,1,0,0,1,0,1,,,,8,13,1
홛,2,0,0,2,1,2,2,4,,,,,13,16,1
庸,1,1,1,1,0,0,1,0,0,,,,5,11,0
SK,1,1,3,0,0,0,1,1,,,,,7,10,0
,0,2,2,3,0,1,0,0,1,,,,9,15,1
kt,0,0,0,2,0,1,0,0,2,,,,5,15,0
KIA,1,0,0,1,0,0,2,1,5,,,,10,13,2
LG,0,2,0,0,0,0,0,0,2,,,,4,9,3
NC,0,0,3,0,0,0,2,0,0,,,,5,13,0
온,0,1,0,1,3,0,4,0,,,,,9,10,0
왍,0,1,0,0,0,1,1,0,0,,,,3,11,1
홛,4,2,2,0,0,1,0,0,,,,,9,12,1
庸,0,0,0,0,0,0,0,2,5,,,,7,10,0
SK,0,0,0,0,0,2,0,0,2,,,,4,7,1
KIA,1,0,0,3,1,4,4,,,,,,13,14,0
LG,1,1,2,0,0,0,,,,,,,4,8,1
NC,0,0,0,0,1,0,0,0,0,,,,1,5,3
온,0,0,0,1,1,0,0,0,,,,,2,8,0
庸,0,0,0,2,3,,,,,,,,5,10,0
SK,2,1,1,2,0,,,,,,,,6,12,0
,0,0,4,1,0,0,,,,,,,5,9,0
kt,0,1,0,0,0,0,,,,,,,1,3,2
홛,4,0,0,0,0,0,0,1,0,,,,5,9,0
,0,0,5,0,0,2,0,0,,,,,7,12,0
KIA,4,5,0,6,0,0,0,0,0,,,,15,17,0
SK,1,2,0,0,0,1,0,0,2,,,,6,13,0
kt,0,0,1,0,0,0,0,0,0,,,,1,6,1
왍,0,1,2,0,4,0,1,0,,,,,8,12,0
온,0,0,0,0,0,1,0,1,0,,,,2,6,0
庸,0,2,0,0,0,0,1,1,,,,,4,5,1
홛,2,0,0,0,3,2,0,0,0,,,,7,12,0
,0,2,0,0,0,4,4,2,,,,,12,19,1
KIA,0,0,0,1,12,0,1,1,2,,,,17,21,1
SK,4,0,4,4,0,0,0,6,,,,,18,17,0
kt,0,0,0,0,0,0,0,0,1,,,,1,4,0
왍,0,0,0,0,1,0,2,0,,,,,3,8,1
LG,0,0,6,0,0,1,1,4,0,,,,12,13,1
NC,2,0,0,0,0,1,0,0,2,,,,5,12,2
온,0,0,1,0,0,2,0,0,2,,,,5,10,2
庸,0,2,0,0,0,0,3,0,1,,,,6,12,2
홛,0,1,0,2,0,1,0,2,0,,,,6,13,1
,6,0,0,1,5,0,0,1,,,,,13,18,0
KIA,0,0,0,1,0,0,2,1,1,,,,5,10,0
SK,0,0,0,0,0,3,0,0,0,,,,3,5,1
온,0,2,1,1,0,0,0,0,0,,,,4,9,1
庸,0,0,0,0,0,0,2,0,0,,,,2,8,0
왍,0,1,2,0,1,1,1,0,0,,,,6,13,1
NC,0,0,1,0,0,0,0,0,0,,,,1,8,0
SK,1,1,1,0,0,1,0,2,0,,,,6,11,0
온,2,0,0,0,1,2,0,0,0,,,,5,9,0
,0,4,0,0,0,2,2,1,0,,,,9,14,0
庸,0,0,0,0,2,0,0,0,0,,,,2,10,1
홛,0,2,0,1,2,0,1,0,0,,,,6,11,1
LG,0,0,0,1,0,1,0,1,0,,,,3,10,0
KIA,0,1,12,3,0,1,0,0,3,,,,20,20,0
kt,0,0,0,0,3,0,5,0,0,,,,8,14,2
SK,0,0,1,2,0,0,1,0,0,,,,4,8,1
온,0,2,0,0,0,1,3,0,,,,,6,8,1
,2,0,0,0,6,0,1,1,0,,,,10,10,0
庸,5,0,0,3,0,0,0,0,0,,,,8,12,2
홛,1,0,0,0,1,0,0,,,,,,2,5,1
LG,2,0,1,0,0,0,,,,,,,3,5,0
왍,0,1,1,0,0,1,0,0,1,,,,4,13,0
NC,2,1,0,0,0,5,0,1,,,,,9,15,1
SK,0,0,0,0,0,0,6,0,0,,,,6,9,0
온,0,0,0,0,0,0,0,0,0,,,,0,9,2
,0,0,1,0,0,0,1,0,0,,,,2,6,1
庸,0,1,2,0,2,0,0,2,,,,,7,13,0
LG,0,0,0,1,0,0,0,0,0,,,,1,5,1
SK,0,0,2,3,1,0,0,0,,,,,6,7,1
온,1,1,0,0,1,0,0,0,1,0,1,,5,11,1
홛,0,2,0,0,0,1,0,0,1,0,0,,4,10,1
NC,0,0,0,2,1,0,1,0,0,,,,4,12,0
KIA,5,0,2,0,0,0,0,0,,,,,7,13,0
庸,1,0,0,0,1,0,1,1,0,,,,4,8,2
kt,0,0,0,1,1,0,0,0,0,,,,2,10,0
,3,1,0,0,0,1,0,0,0,,,,5,9,0
왍,0,0,0,0,0,0,1,0,0,,,,1,7,2
LG,1,0,3,0,0,1,3,3,1,,,,12,14,2
SK,4,0,0,0,1,0,1,0,0,,,,6,11,1
온,0,0,0,0,0,1,3,0,4,,,,8,10,1
홛,0,0,2,0,0,2,0,0,0,,,,4,10,1
NC,2,0,0,1,1,2,0,0,0,0,,,6,11,1
KIA,0,1,0,1,0,1,1,0,2,1,,,7,13,1
庸,0,0,0,3,3,0,1,4,0,,,,11,16,0
kt,0,1,0,0,0,0,0,0,2,,,,3,9,0
,0,3,0,0,0,0,0,0,0,,,,3,8,1
왍,0,0,0,1,0,0,1,0,2,,,,4,11,0
LG,1,0,2,2,1,2,1,0,0,,,,9,16,2
SK,0,0,0,0,0,0,0,1,0,,,,1,5,1
온,0,0,1,0,2,1,0,0,0,,,,4,12,0
홛,1,1,0,0,0,0,4,0,,,,,6,8,0
NC,0,1,0,0,0,0,0,0,0,,,,1,6,0
KIA,1,0,0,4,0,0,2,0,,,,,7,9,0
庸,0,1,1,0,0,0,1,4,1,,,,8,12,0
kt,1,0,0,0,0,1,1,2,4,,,,9,12,2
,0,1,1,0,0,0,0,0,2,,,,4,10,0
왍,3,0,4,0,0,0,0,1,,,,,8,14,0
KIA,0,0,0,1,0,0,0,0,2,1,,,4,11,0
,2,0,0,0,0,0,0,0,1,0,,,3,5,0
kt,0,0,0,0,0,0,0,0,2,,,,2,6,0
LG,0,2,0,0,0,0,0,1,,,,,3,8,1
NC,2,0,1,0,1,1,2,0,0,,,,7,14,2
홛,0,3,0,0,0,0,0,1,0,,,,4,9,1
왍,0,0,0,0,0,1,1,3,1,,,,6,10,0
SK,0,0,0,0,0,0,3,0,1,,,,4,5,1
庸,0,0,0,0,0,2,0,0,0,,,,2,3,1
온,0,0,0,0,1,1,3,0,,,,,5,7,0
KIA,1,0,0,0,0,1,0,0,0,,,,2,8,0
,2,0,0,0,0,1,1,0,,,,,4,10,2
kt,0,0,0,0,0,0,2,0,0,,,,2,6,3
LG,0,1,0,0,1,2,0,0,,,,,4,8,1
NC,0,2,3,0,1,3,0,2,2,,,,13,19,2
홛,0,0,2,0,1,1,2,0,3,,,,9,13,2
왍,0,0,0,0,0,1,0,3,4,,,,8,10,0
SK,0,3,1,1,2,5,0,0,,,,,12,13,1
庸,0,0,0,0,0,2,0,1,0,,,,3,7,0
온,0,0,0,0,0,0,0,0,0,,,,0,8,0
KIA,2,3,0,0,0,0,0,2,1,,,,8,17,2
,0,0,3,0,4,0,0,0,0,,,,7,11,1
kt,1,0,1,0,3,3,1,0,0,,,,9,10,1
LG,6,0,0,0,2,1,0,1,,,,,10,16,0
NC,3,1,0,0,1,0,2,0,0,,,,7,12,0
홛,0,0,1,0,1,0,0,1,1,,,,4,8,1
왍,0,1,0,1,0,10,0,0,2,,,,14,11,0
SK,1,0,0,0,0,1,0,0,0,,,,2,8,1
庸,0,2,2,0,0,0,0,0,0,0,0,0,4,8,0
온,1,0,0,1,0,1,1,0,0,0,0,0,4,9,2
홛,0,2,0,2,1,1,0,0,0,,,,6,9,0
왍,0,0,3,1,1,3,0,1,,,,,9,11,1
kt,0,0,0,0,0,0,0,0,0,,,,0,8,1
,1,0,0,0,0,0,0,1,,,,,2,7,0
LG,0,1,0,0,0,0,1,0,0,0,8,,10,16,1
庸,0,0,0,0,0,1,0,0,1,0,2,,4,9,2
온,0,0,2,0,0,0,1,1,0,,,,4,10,0
KIA,0,0,0,0,2,1,0,0,0,,,,3,14,1
SK,0,2,1,0,0,2,0,0,1,,,,6,14,1
NC,1,7,0,0,1,1,0,0,,,,,10,13,0
홛,0,0,0,0,0,0,1,0,0,,,,1,10,0
왍,2,0,0,8,0,4,0,3,,,,,17,18,2
kt,3,3,0,0,0,1,1,0,0,,,,8,10,1
,1,1,0,0,0,0,0,1,0,,,,3,5,1
온,0,0,0,0,0,0,0,0,1,,,,1,2,0
KIA,0,0,0,0,0,0,0,0,0,,,,0,5,1
SK,0,0,0,0,0,1,0,0,1,,,,2,7,2
NC,3,1,1,0,0,3,0,0,,,,,8,13,1
홛,1,0,0,1,2,0,0,3,0,,,,7,13,1
왍,0,1,0,0,0,0,3,1,3,,,,8,12,0
kt,0,1,0,0,1,0,2,0,0,,,,4,8,1
,0,0,1,0,0,1,2,3,,,,,7,9,1
LG,0,3,1,1,0,0,0,1,0,,,,6,7,2
庸,1,3,0,0,0,3,0,3,,,,,10,11,1
온,0,0,0,0,3,0,0,0,0,,,,3,8,0
KIA,0,0,1,0,0,0,0,0,0,,,,1,7,0
SK,0,1,0,0,0,0,0,0,0,,,,1,7,1
NC,2,0,6,0,0,0,0,0,,,,,8,11,0
NC,0,0,0,0,1,0,0,0,0,,,,1,6,1
庸,0,0,1,0,1,0,1,0,,,,,3,6,0
왍,0,0,2,0,0,0,2,0,2,,,,6,15,0
kt,0,0,0,3,0,0,0,0,2,,,,5,7,1
SK,0,0,4,2,0,3,0,1,0,0,,,10,15,2
KIA,0,6,0,1,0,0,1,0,2,1,,,11,15,0
,1,1,0,0,2,2,0,0,0,,,,6,10,0
LG,0,0,0,0,0,0,0,0,0,,,,0,5,1
홛,0,0,0,0,0,0,2,1,5,,,,8,12,2
온,2,3,0,0,0,3,0,1,,,,,9,13,1
NC,0,0,0,0,0,0,0,1,0,,,,1,6,0
庸,0,2,0,0,3,0,0,0,,,,,5,8,0
왍,0,1,1,3,0,0,1,0,1,,,,7,13,0
kt,0,0,0,2,0,0,0,1,0,,,,3,10,0
SK,0,0,0,2,2,3,0,0,0,0,0,,7,9,1
KIA,2,0,0,0,4,1,0,0,0,0,1,,8,12,0
,0,0,0,0,1,0,0,2,0,,,,3,5,0
LG,0,0,0,0,0,0,0,1,3,,,,4,6,0
홛,2,1,0,0,0,0,0,0,3,,,,6,13,0
온,1,0,0,1,0,0,0,1,0,,,,3,8,1
NC,1,3,0,0,0,0,3,0,0,,,,7,13,0
庸,0,0,0,0,0,0,0,0,0,,,,0,3,0
왍,0,0,0,1,0,0,4,0,0,,,,5,8,0
kt,0,0,1,0,0,0,2,0,0,,,,3,7,1
SK,1,0,0,0,0,0,0,0,0,,,,1,3,0
KIA,0,0,4,1,1,0,0,3,,,,,9,13,1
,0,1,0,2,0,0,0,0,0,,,,3,7,0
LG,0,0,2,0,0,0,0,0,2,,,,4,11,1
KIA,0,1,0,0,1,0,0,1,0,0,0,0,3,8,0
왍,0,0,0,1,0,0,0,1,1,0,0,0,3,10,0
LG,0,3,0,0,0,0,0,0,0,,,,3,2,0
홛,1,0,1,0,1,0,0,1,,,,,4,10,0
온,4,0,1,0,1,1,0,0,0,,,,7,14,1
SK,3,1,0,3,0,0,0,0,1,,,,8,6,0
NC,1,0,2,0,0,0,1,0,0,1,,,5,7,2
kt,1,0,0,2,1,0,0,0,0,0,,,4,8,1
庸,3,3,0,0,0,3,0,0,0,,,,9,19,1
,0,1,0,0,0,0,1,0,0,,,,2,10,0
KIA,0,1,1,0,0,0,0,0,0,,,,2,5,0
왍,0,0,0,0,1,0,0,0,0,,,,1,6,0
LG,0,0,1,7,0,0,0,0,4,,,,12,19,0
홛,0,1,0,1,0,0,0,0,0,,,,2,6,0
온,1,0,0,0,0,0,0,0,0,,,,1,8,0
SK,0,1,1,2,0,0,0,0,,,,,4,7,0
NC,1,0,0,0,0,1,0,1,0,,,,3,8,1
kt,2,0,0,0,0,0,1,1,,,,,4,9,1
庸,0,0,0,0,0,0,1,0,0,,,,1,11,0
,2,1,0,0,2,7,2,0,,,,,14,15,0
KIA,0,1,0,0,0,0,2,0,1,,,,4,5,0
왍,1,0,4,0,1,0,0,0,,,,,6,10,0
LG,2,1,0,0,1,1,0,0,4,,,,9,10,0
홛,0,0,0,2,0,0,0,0,1,,,,3,7,1
온,0,1,0,0,0,0,0,0,2,,,,3,4,0
SK,1,0,0,0,0,0,0,1,0,,,,2,6,0
NC,0,1,0,0,0,2,2,3,0,,,,8,13,1
kt,0,2,0,0,1,0,0,0,0,,,,3,9,0
庸,0,0,0,1,0,1,0,2,0,,,,4,10,0
,4,0,0,0,1,4,0,0,,,,,9,18,1
홛,0,0,0,3,0,1,0,0,2,,,,6,10,0
NC,1,0,1,0,0,1,1,3,,,,,7,14,0
kt,8,1,0,0,2,0,3,0,1,,,,15,19,1
KIA,0,1,0,2,2,0,0,0,2,,,,7,12,0
온,0,0,0,0,0,0,0,0,0,,,,0,2,0
LG,0,1,1,0,0,0,0,0,,,,,2,13,0
왍,2,3,0,1,5,1,0,0,0,,,,12,19,0
庸,0,2,0,0,0,0,2,0,1,,,,5,15,2
SK,0,0,0,0,0,0,0,0,0,,,,0,3,0
,0,2,0,0,0,1,0,0,,,,,3,9,0
홛,0,0,0,1,0,2,1,0,2,,,,6,9,0
NC,0,0,0,0,0,0,1,0,1,,,,2,8,0
온,0,0,1,0,0,1,0,0,0,2,,,4,13,0
LG,1,1,0,0,0,0,0,0,0,3,,,5,9,0
왍,2,0,0,0,0,0,0,1,2,,,,5,11,1
庸,0,0,1,1,0,0,0,0,0,,,,2,11,1
SK,4,0,0,0,0,0,0,0,0,,,,4,11,1
,1,0,0,0,0,2,0,2,,,,,5,8,0
홛,0,2,0,0,0,0,0,0,0,,,,2,3,2
NC,0,5,1,1,0,3,0,0,,,,,10,16,0
kt,0,0,0,0,0,3,0,0,0,,,,3,11,0
KIA,2,0,0,3,0,2,1,1,,,,,9,12,0
온,0,0,0,1,0,0,2,2,1,,,,6,8,1
LG,1,0,0,4,0,1,1,2,,,,,9,13,2
왍,3,2,7,1,0,0,1,0,0,,,,14,17,0
庸,0,0,3,0,1,0,0,0,0,,,,4,13,0
SK,0,0,0,1,1,0,0,1,0,,,,3,11,0
,1,3,0,0,1,4,2,0,,,,,11,13,1
KIA,0,0,0,0,0,3,0,0,0,,,,3,9,1
홛,3,1,0,1,0,1,0,1,,,,,7,15,0
왍,3,3,4,0,0,1,0,0,0,,,,11,16,2
LG,3,0,0,0,0,0,0,0,1,,,,4,9,1
SK,2,0,0,2,0,0,2,0,0,,,,6,13,0
kt,0,2,0,0,0,2,0,0,1,,,,5,11,1
庸,0,0,0,2,2,0,0,0,0,,,,4,9,1
NC,0,0,1,0,0,0,0,2,0,,,,3,7,1
,5,0,0,2,0,1,0,0,0,,,,8,11,1
온,0,0,4,6,0,0,0,0,,,,,10,14,0
KIA,1,0,1,0,3,1,0,0,1,,,,7,10,0
홛,1,0,0,0,0,0,0,0,0,,,,1,9,0
왍,0,0,0,0,0,0,0,1,1,,,,2,6,0
LG,0,0,0,0,0,0,0,1,0,,,,1,5,1
SK,1,1,0,0,0,0,0,1,0,,,,3,11,1
kt,0,0,0,1,0,0,3,0,,,,,4,8,0
庸,0,0,3,0,0,4,0,0,2,,,,9,13,1
NC,0,2,0,0,1,0,0,0,0,,,,3,7,0
,1,0,0,0,0,0,0,2,0,1,,,4,11,0
온,1,1,0,0,1,0,0,0,0,2,,,5,9,1
왍,0,1,3,0,3,0,0,2,1,,,,10,14,0
LG,0,2,0,0,1,0,0,0,0,,,,3,7,0
SK,1,0,1,0,0,0,0,1,0,,,,3,9,2
kt,1,0,2,1,0,0,2,0,,,,,6,9,0
庸,0,0,0,0,0,0,0,1,0,,,,1,7,1
NC,0,0,3,0,1,0,0,0,,,,,4,9,0
,1,0,0,3,0,0,0,0,0,,,,4,8,1
온,0,2,0,1,0,2,1,0,,,,,6,13,0
홛,1,0,0,0,0,0,0,0,0,,,,1,6,0
왍,2,0,6,0,0,0,0,0,,,,,8,11,0
kt,0,0,0,0,2,0,0,2,0,,,,4,12,0
온,1,0,1,1,0,0,0,2,,,,,5,10,0
LG,0,1,3,1,0,2,0,2,1,,,,10,12,1
庸,0,0,1,2,1,2,0,0,2,,,,8,13,0
NC,0,0,0,0,0,0,0,0,0,,,,0,5,0
SK,2,0,0,0,0,1,0,1,,,,,4,8,0
,2,0,0,3,0,0,0,0,0,,,,5,12,0
KIA,0,0,0,1,1,0,1,0,0,,,,3,13,0
홛,3,0,2,0,2,0,0,0,5,,,,12,21,1
왍,2,0,2,0,2,0,0,0,0,,,,6,9,0
kt,0,0,1,2,0,0,3,0,0,,,,6,10,2
온,4,0,0,1,0,0,0,2,,,,,7,15,2
LG,2,2,0,0,0,0,0,0,0,,,,4,11,0
庸,0,0,3,1,0,0,0,3,,,,,7,11,0
NC,1,0,2,2,1,0,0,4,0,,,,10,14,0
SK,1,1,0,0,3,0,0,0,0,,,,5,9,2
,0,0,0,1,0,0,0,0,0,,,,1,4,1
KIA,0,1,5,0,3,0,0,1,,,,,10,11,0
온,1,1,0,0,0,0,0,0,0,,,,2,6,1
NC,0,1,0,0,0,0,0,0,2,,,,3,5,0
왍,0,0,0,3,3,0,0,1,0,,,,7,12,0
,0,0,2,0,2,0,0,0,0,,,,4,8,0
SK,1,0,0,0,1,0,0,0,0,,,,2,9,0
LG,0,0,1,0,0,0,0,0,0,,,,1,10,0
KIA,0,1,2,0,1,2,0,0,2,,,,8,13,0
kt,0,0,2,2,2,1,0,0,2,,,,9,13,1
온,0,0,0,1,1,0,0,0,0,0,3,,5,9,0
NC,0,1,0,0,0,0,0,1,0,0,1,,3,14,0
왍,2,0,0,0,0,1,0,0,0,,,,3,8,0
,1,2,0,0,0,1,2,0,,,,,6,10,0
SK,0,1,1,0,0,0,0,0,0,,,,2,7,1
LG,0,0,1,0,0,0,5,0,,,,,6,9,0
庸,0,0,0,1,0,1,0,0,1,,,,3,7,0
홛,4,2,0,0,1,0,1,0,,,,,8,11,0
홛,0,2,0,2,1,0,0,1,0,,,,6,10,0
,0,0,0,0,0,0,1,0,0,,,,1,7,2
kt,0,0,0,1,0,0,1,0,1,,,,3,8,2
SK,0,3,0,0,1,0,0,4,,,,,8,13,0
LG,6,0,2,0,0,2,0,0,0,,,,10,16,1
KIA,2,0,0,0,4,0,0,2,3,,,,11,17,1
온,3,2,0,0,0,0,0,0,2,,,,7,15,0
庸,1,1,0,0,8,0,0,3,,,,,13,13,1
NC,0,0,0,0,0,0,0,0,0,,,,0,7,0
왍,0,0,0,1,0,2,0,0,,,,,3,7,0
홛,0,0,0,1,0,0,0,0,0,,,,1,8,1
,1,0,0,0,4,0,3,1,,,,,9,15,0
kt,2,1,0,3,1,0,1,1,2,,,,11,19,0
SK,0,0,0,2,0,1,0,0,0,,,,3,8,1
온,1,0,0,7,0,0,1,0,0,,,,9,11,0
庸,0,1,3,0,1,0,0,1,1,,,,7,18,1
NC,0,0,0,0,0,0,0,1,0,,,,1,5,1
왍,0,0,0,0,0,0,0,0,2,,,,2,7,1
NC,0,0,1,0,0,0,0,0,1,,,,2,6,0
KIA,1,0,1,0,0,1,1,0,,,,,4,9,0
왍,0,0,0,0,1,0,0,0,5,,,,6,8,1
온,4,0,0,3,0,0,0,1,,,,,8,11,0
kt,0,0,0,0,0,1,0,0,0,0,,,1,7,0
LG,0,0,0,0,0,1,0,0,0,1,,,2,7,0
NC,0,1,0,0,0,1,0,1,0,,,,3,6,0
KIA,1,0,0,0,1,2,0,0,,,,,4,7,1
왍,0,0,1,0,0,1,0,0,0,,,,2,8,1
온,0,0,0,1,0,2,1,0,,,,,4,7,0
SK,0,0,3,0,0,1,0,0,1,,,,5,10,0
홛,3,0,1,0,0,1,2,1,,,,,8,12,0
,1,2,0,3,0,0,0,0,0,,,,6,11,1
庸,0,2,1,2,0,0,0,0,0,,,,5,9,1
홛,0,0,1,0,0,0,0,0,0,,,,1,6,0
NC,0,0,0,0,1,0,0,2,,,,,3,5,2
KIA,1,0,0,0,0,0,0,0,0,,,,1,8,1
왍,4,0,0,0,0,0,0,0,,,,,4,8,0
LG,0,0,0,0,0,1,0,0,0,,,,1,6,0
SK,1,3,0,0,2,0,0,0,,,,,6,11,1
온,0,0,2,0,0,0,0,3,0,,,,5,10,0
,0,0,0,3,0,0,0,0,0,,,,3,8,1
庸,0,0,2,0,2,0,2,0,0,,,,6,11,0
kt,1,0,0,0,0,1,0,0,2,,,,4,8,2
홛,0,0,3,0,2,2,0,5,2,,,,14,19,1
NC,0,0,3,2,0,0,0,4,0,,,,9,12,3
KIA,0,1,0,0,0,0,0,0,0,,,,1,6,1
왍,0,1,1,0,0,0,0,0,,,,,2,7,0
LG,0,0,0,0,2,0,0,0,0,,,,2,9,1
SK,0,2,0,3,0,0,1,2,,,,,8,13,2
온,0,0,0,0,0,2,0,0,2,0,0,4,8,9,0
,0,1,0,0,0,3,0,0,0,0,0,1,5,15,0
庸,0,0,1,0,0,0,0,0,0,4,,,5,9,0
kt,0,0,0,1,0,0,0,0,0,0,,,1,3,0
온,0,0,0,0,0,0,0,0,0,,,,0,6,0
홛,1,0,0,0,0,0,1,0,,,,,2,5,0
NC,0,0,0,0,0,0,2,0,1,,,,3,8,1
,3,0,1,0,0,0,0,0,,,,,4,8,1
왍,1,2,6,0,0,0,0,1,0,,,,10,15,0
kt,0,0,0,0,0,3,0,1,0,,,,4,9,0
SK,4,0,7,0,0,1,1,0,0,,,,13,20,0
KIA,0,0,0,0,0,0,0,1,0,,,,1,5,0
庸,3,0,1,0,0,0,0,0,0,,,,4,10,3
LG,0,1,0,0,2,0,2,1,,,,,6,11,0
온,0,0,1,0,0,0,0,2,1,,,,4,8,2
홛,2,0,0,0,0,0,0,1,0,,,,3,10,0
NC,4,0,0,0,0,0,0,0,0,,,,4,10,0
,2,0,1,0,0,0,0,0,0,,,,3,9,0
왍,0,1,0,0,0,0,,,,,,,1,5,1
kt,2,0,0,0,0,,,,,,,,2,5,0
홛,2,0,1,0,0,0,0,0,0,,,,3,7,0
kt,0,0,0,0,0,2,0,0,0,,,,2,7,0
온,0,0,0,2,1,1,1,0,2,,,,7,13,1
KIA,0,0,0,0,0,0,1,0,2,,,,3,6,1
NC,1,0,0,0,0,0,1,0,1,1,,,4,9,2
LG,0,0,0,0,2,0,1,0,0,0,,,3,8,1
왍,0,1,0,1,0,0,3,0,5,,,,10,15,1
SK,3,0,1,2,0,0,0,0,0,,,,6,13,1
庸,0,2,2,0,0,1,0,0,0,,,,5,15,1
,0,0,3,0,1,2,2,3,,,,,11,14,1
홛,2,1,0,5,0,1,0,0,0,0,1,,10,11,0
kt,4,3,0,0,0,0,0,2,0,0,0,,9,20,3
온,0,0,2,0,0,3,0,2,0,,,,7,11,1
KIA,1,0,1,0,0,0,0,3,0,,,,5,8,0
NC,1,0,0,1,0,0,0,0,1,,,,3,5,1
LG,0,0,0,2,7,0,0,0,,,,,9,15,0
왍,0,1,1,0,0,0,0,0,2,,,,4,10,0
SK,1,0,0,0,0,0,0,0,0,,,,1,5,0
庸,0,0,0,0,0,0,0,1,0,,,,1,8,2
,1,0,1,0,0,1,2,0,,,,,5,13,0
kt,0,0,0,0,0,0,0,0,1,,,,1,4,2
NC,0,0,3,2,2,0,0,0,,,,,7,9,2
LG,0,0,0,0,0,0,0,0,0,,,,0,3,3
온,0,1,0,1,2,0,3,4,,,,,11,15,0
SK,4,0,0,1,0,0,0,2,2,,,,9,9,0
庸,1,0,3,0,0,0,2,1,0,,,,7,15,0
,0,1,1,0,0,0,3,0,0,,,,5,8,0
왍,0,1,0,1,0,0,3,1,,,,,6,10,0
KIA,0,2,0,0,1,0,0,0,0,,,,3,7,1
홛,1,0,0,0,2,0,0,3,,,,,6,10,1
kt,0,0,4,0,0,0,0,1,0,,,,5,13,0
NC,4,1,0,0,0,0,0,0,2,,,,7,11,0
LG,0,2,0,0,0,0,0,0,0,,,,2,6,2
온,0,2,0,1,2,0,3,0,,,,,8,9,0
SK,0,1,0,2,1,2,1,0,0,,,,7,14,3
庸,0,1,0,0,0,0,2,0,2,,,,5,7,0
kt,0,0,0,0,0,0,1,5,9,,,,15,19,3
LG,0,1,0,0,2,0,0,4,0,,,,7,7,2
SK,1,2,0,0,0,0,4,0,0,,,,7,13,0
KIA,0,0,1,0,0,0,3,0,0,,,,4,6,2
왍,1,0,0,3,4,0,0,0,0,,,,8,12,0
온,0,0,1,0,0,0,0,1,1,,,,3,8,1
홛,0,0,0,0,1,1,0,0,0,,,,2,8,0
LG,0,0,0,0,0,0,0,1,0,,,,1,5,0
SK,0,0,2,0,0,2,0,0,0,,,,4,11,0
KIA,0,0,0,0,0,3,0,0,0,,,,3,8,0
왍,0,0,0,0,0,0,2,0,1,,,,3,7,0
NC,1,0,0,0,1,0,0,0,0,,,,2,9,0
LG,0,0,0,1,0,0,0,2,1,,,,4,8,0
庸,4,0,0,0,2,1,0,1,,,,,8,15,0
,1,0,0,2,0,1,0,0,1,,,,5,13,0
kt,1,0,0,0,2,0,0,0,0,,,,3,6,1
LG,0,0,0,0,2,2,1,0,3,,,,8,14,2
庸,0,0,0,0,0,1,2,0,1,,,,4,11,1
온,0,0,0,1,0,1,0,0,0,,,,2,11,0
홛,0,0,0,0,0,0,0,0,0,,,,0,2,0
왍,0,0,2,1,2,0,1,0,0,,,,6,12,0
KIA,0,0,0,0,0,0,0,0,0,,,,0,6,0
kt,1,0,0,0,0,2,0,0,0,,,,3,7,1
KIA,0,1,0,2,0,2,1,2,,,,,8,14,0
LG,3,0,0,0,5,2,0,1,0,,,,11,16,1
NC,3,0,2,0,1,0,1,0,2,,,,9,13,0
庸,0,3,1,0,0,0,1,2,0,1,,,0,7,12
홛,0,0,4,0,0,1,2,0,0,0,,,1,8,12
,0,0,1,0,0,1,0,0,0,,,,2,9,1
온,0,1,3,0,0,2,0,1,,,,,7,11,0
홛,0,0,0,0,0,1,0,0,4,,,,5,12,0
KIA,0,0,0,0,0,0,0,0,0,,,,0,7,0
kt,0,0,2,0,1,1,0,0,0,,,,4,11,1
왍,0,0,0,3,2,0,0,1,,,,,6,11,1
LG,0,1,0,0,0,0,0,0,2,,,,3,5,1
NC,0,0,0,0,0,1,0,0,3,,,,4,6,0
홛,1,0,3,2,1,0,0,0,1,,,,8,10,1
온,1,4,0,0,0,6,0,0,,,,,11,14,0
LG,0,0,0,0,0,0,0,0,0,,,,0,5,0
KIA,0,0,2,3,0,1,0,0,,,,,6,10,0
NC,0,1,0,1,2,0,1,1,5,,,,11,16,0
庸,0,1,0,0,0,0,0,0,0,,,,1,5,2
왍,0,0,0,0,1,0,0,1,0,,,,2,9,0
kt,3,0,0,0,0,0,0,0,,,,,3,5,0
KIA,0,0,0,1,0,0,2,3,1,,,,7,7,3
홛,0,4,0,0,0,0,0,0,0,,,,4,8,1
LG,0,4,0,2,0,1,0,4,4,,,,15,18,0
kt,1,1,0,0,2,0,1,1,0,,,,6,12,1
KIA,0,2,0,2,1,2,0,0,0,,,,7,16,0
홛,0,1,0,0,0,0,1,0,0,,,,2,8,1
온,0,0,0,5,0,2,0,0,0,,,,7,15,1
SK,0,0,0,0,0,1,0,1,0,,,,2,6,1
왍,0,0,0,0,3,0,2,0,0,,,,5,12,0
LG,0,0,0,0,1,0,0,2,0,,,,3,5,0
,0,0,3,0,0,0,0,1,0,,,,4,13,1
NC,1,0,2,0,5,0,0,0,,,,,8,12,1
SK,1,0,3,0,0,0,0,0,0,,,,4,6,0
홛,0,0,0,1,0,0,0,0,0,,,,1,8,2
庸,0,0,1,1,0,0,0,1,0,,,,3,5,0
LG,0,0,1,2,0,0,0,0,1,,,,4,9,1
,0,0,0,0,0,0,1,1,2,,,,4,9,2
NC,0,2,8,0,0,1,0,0,,,,,11,15,0
KIA,0,1,0,0,0,0,0,1,0,,,,2,6,1
kt,0,3,0,2,0,3,12,0,,,,,20,25,0
왍,1,0,0,2,1,0,0,0,2,,,,6,10,0
홛,0,0,0,0,2,0,1,0,1,,,,4,9,0
庸,1,3,0,0,0,5,0,0,1,,,,10,10,0
LG,0,0,0,2,0,1,0,0,0,,,,3,10,0
KIA,0,0,0,3,0,2,0,0,0,,,,5,8,4
kt,0,0,0,2,0,0,0,1,0,,,,3,9,1
KIA,0,0,2,3,2,0,0,0,3,,,,10,13,0
kt,0,0,1,0,0,1,0,0,0,,,,2,12,0
LG,0,0,0,0,0,0,2,0,0,,,,2,6,1
온,0,0,0,0,2,0,2,0,,,,,4,6,0
NC,5,0,1,0,0,2,0,0,0,8,16,1,0,0,0
홛,4,0,0,0,0,3,1,0,0,8,15,2,0,0,0
SK,0,0,0,0,0,0,3,0,0,,,,3,8,0
왍,0,0,1,1,0,0,0,0,0,,,,2,6,2
,0,1,0,2,3,0,0,0,3,,,,9,15,2
庸,2,0,1,3,4,0,0,0,,,,,10,12,1
NC,1,0,0,1,0,0,0,0,0,10,0,,0,7,9
온,0,0,0,1,0,0,0,1,0,9,1,,0,0,2
NC,0,0,0,0,0,0,0,0,0,,,,0,7,1
온,0,1,0,0,0,0,0,0,,,,,1,3,1
온,0,2,0,0,2,0,0,2,0,,,,6,12,0
NC,3,0,2,0,5,2,0,1,,,,,13,13,2
NC,0,0,0,0,7,0,0,2,0,,,,9,15,0
온,0,0,0,0,0,0,0,0,0,,,,0,8,1
NC,0,0,2,0,4,0,0,7,0,,,,13,17,0
왍,0,1,0,3,1,0,0,0,0,,,,5,9,2
NC,0,3,1,0,2,0,1,0,0,,,,7,11,1
왍,1,0,3,0,0,8,3,2,,,,,17,15,1
왍,0,5,1,1,0,7,0,0,0,,,,14,13,0
NC,0,2,1,0,0,0,0,0,0,,,,3,9,1
왍,0,0,3,1,0,3,1,4,2,,,,14,17,0
NC,1,0,0,0,3,0,1,0,0,,,,5,12,0
왍,0,0,0,1,4,0,0,0,0,,,,,,
KIA,0,0,0,0,3,0,0,0,0,,,,,,
왍,0,0,0,0,0,0,0,0,0,,,,,,
KIA,0,0,0,0,0,0,0,1,,,,,,,
KIA,0,0,1,2,1,0,0,0,2,,,,,,
왍,0,0,0,1,0,0,1,1,0,,,,,,
KIA,2,0,0,0,0,0,2,0,1,,,,,,
왍,0,0,0,0,0,0,0,1,0,,,,,,
KIA,0,0,5,0,0,2,0,0,0,,,,,,
왍,0,0,0,0,0,0,6,0,0,,,,,,
왍,0,0,0,1,4,0,0,0,0,,,,,,
KIA,0,0,0,0,3,0,0,0,0,,,,,,
왍,0,0,0,0,0,0,0,0,0,,,,,,
KIA,0,0,0,0,0,0,0,1,,,,,,,
KIA,0,0,1,2,1,0,0,0,2,,,,,,
왍,0,0,0,1,0,0,1,1,0,,,,,,
KIA,2,0,0,0,0,0,2,0,1,,,,,,
왍,0,0,0,0,0,0,0,1,0,,,,,,
KIA,0,0,5,0,0,2,0,0,0,,,,,,
왍,0,0,0,0,0,0,6,0,0,,,,,,
홛,0,0,1,0,1,0,0,1,1,,,,4,12,1
왍,0,0,0,2,0,1,0,2,,,,,5,6,0
kt,2,0,0,2,0,0,0,0,0,,,,4,9,1
SK,3,0,0,1,0,0,2,1,,,,,7,8,1
LG,0,0,0,0,1,0,0,1,0,,,,2,8,0
KIA,0,0,0,0,0,0,0,0,0,,,,0,3,0
庸,0,0,0,0,0,0,0,0,0,,,,0,4,1
NC,4,2,0,1,0,0,0,0,,,,,7,8,2
콣,0,0,3,0,2,0,1,1,0,,,,7,14,2
온,0,0,1,0,3,0,0,0,0,,,,4,7,3
홛,2,0,0,0,0,0,4,5,0,,,,11,9,0
왍,0,0,0,0,0,0,0,0,1,,,,1,3,3
kt,0,0,0,0,0,3,0,0,0,,,,3,7,1
SK,0,0,2,0,0,0,0,4,,,,,6,9,0
,0,0,1,0,2,0,5,0,0,,,,8,11,1
SK,1,0,0,4,3,0,0,0,2,,,,10,13,3
,0,1,0,0,0,0,0,0,0,,,,1,5,0
SK,0,0,1,0,1,2,1,0,,,,,5,9,2
SK,0,1,0,0,1,0,0,0,0,,,,2,8,0
,0,2,0,0,1,0,0,0,,,,,3,7,0
SK,0,0,0,0,0,0,0,0,2,,,,2,4,1
,0,0,0,2,0,2,0,0,,,,,4,5,1
,0,0,0,0,0,3,0,1,5,1,,,10,13,1
SK,0,0,0,0,0,6,1,2,0,2,,,11,11,1
SK,2,0,0,0,0,2,1,0,2,,,,7,7,0
왍,0,0,1,0,2,0,0,0,0,,,,3,7,1
SK,0,0,0,0,1,0,2,0,0,,,,3,6,1
왍,0,0,1,3,0,0,0,3,,,,,7,11,2
왍,0,0,0,0,2,0,0,0,0,,,,2,8,2
SK,3,1,0,0,0,0,0,3,,,,,7,11,2
왍,0,0,0,0,0,0,0,2,0,,,,2,11,0
SK,0,0,1,0,0,0,0,0,0,,,,1,4,1
SK,1,0,0,2,0,0,0,0,1,0,0,0,5,10,0
왍,0,0,0,0,0,3,0,1,0,0,0,0,4,8,0
LG,3,4,1,0,0,0,1,0,0,,,,9,12,1
KIA,0,0,0,0,0,3,0,0,0,,,,3,9,3
庸,0,0,0,0,1,0,2,1,0,,,,4,5,2
NC,0,0,0,0,2,1,0,0,0,,,,3,8,2
콣,0,0,0,1,0,1,0,0,0,,,,2,6,1
온,0,0,1,0,1,2,2,0,,,,,6,9,1
홛,0,2,4,2,0,0,4,0,1,,,,13,16,2
KIA,0,0,5,0,0,0,0,2,0,,,,7,8,0
kt,0,0,3,0,0,2,0,0,2,0,1,,8,13,5
NC,1,2,3,0,1,0,0,0,0,0,2,,9,12,2
LG,0,1,3,0,0,0,0,2,0,,,,6,5,0
SK,1,1,0,1,0,0,0,0,0,,,,3,8,1
庸,0,0,0,0,0,0,0,0,2,,,,2,4,3
온,0,0,3,0,0,0,4,0,,,,,7,9,0
콣,0,0,0,0,1,0,0,1,0,,,,2,6,0
왍,0,0,0,0,0,1,6,0,,,,,7,7,0
홛,0,0,0,2,0,1,0,0,1,,,,4,9,0
KIA,4,0,0,0,3,1,0,1,,,,,9,13,1
kt,0,0,0,0,0,1,0,0,0,,,,1,8,0
NC,0,0,2,0,0,2,0,0,,,,,4,6,1
LG,0,0,0,0,0,0,0,1,0,0,0,,1,9,1
SK,0,1,0,0,0,0,0,0,0,0,1,,2,5,1
庸,0,0,6,1,3,1,2,10,0,,,,23,24,0
온,1,0,2,1,0,0,0,0,0,,,,4,8,1
콣,0,0,0,0,2,0,0,0,0,0,,,2,6,0
왍,0,0,0,2,0,0,0,0,0,1,,,3,12,0
홛,0,0,0,2,0,0,2,0,0,,,,4,5,0
KIA,3,0,1,0,0,0,0,2,,,,,6,9,0
kt,1,0,1,0,0,0,0,0,0,,,,2,11,0
NC,0,2,0,2,0,1,0,1,,,,,6,9,0
LG,1,0,0,0,0,0,0,0,0,,,,1,2,0
SK,0,1,0,0,0,0,0,0,2,,,,3,4,0
庸,4,0,2,0,1,0,2,0,3,,,,12,12,1
온,0,0,0,0,4,0,0,2,1,,,,7,11,3
콣,0,0,2,0,1,0,0,0,2,,,,5,9,0
왍,4,0,0,0,0,0,0,0,0,,,,4,9,0
KIA,0,0,0,3,0,0,0,0,0,,,,3,7,0
kt,0,1,0,1,3,1,0,0,,,,,6,15,0
온,0,0,1,0,0,0,0,0,0,,,,1,6,0
LG,0,0,0,0,0,2,0,0,,,,,2,6,0
NC,0,0,0,0,0,0,0,0,0,,,,0,7,1
홛,0,2,0,3,0,0,2,2,,,,,9,13,0
왍,1,0,0,0,0,1,0,0,1,,,,3,11,1
庸,0,0,0,0,1,1,0,0,0,,,,2,11,1
SK,0,0,0,1,1,2,1,0,0,,,,5,10,0
콣,2,0,0,0,0,0,0,0,0,,,,2,9,0
KIA,1,0,0,0,0,0,0,1,0,,,,2,6,1
kt,0,0,0,0,2,2,2,0,,,,,6,10,0
온,2,1,0,2,0,2,0,0,0,,,,7,9,1
LG,0,0,0,0,0,0,0,0,1,,,,1,3,1
NC,2,0,1,2,0,0,0,0,0,,,,5,12,2
홛,0,0,8,5,0,0,0,0,,,,,13,9,0
왍,0,0,0,0,1,0,0,0,3,,,,4,5,0
庸,0,0,1,0,0,0,0,1,0,,,,2,5,0
SK,0,0,0,0,1,0,0,0,0,,,,1,3,2
콣,0,0,0,1,0,0,2,0,,,,,3,7,0
KIA,0,0,1,0,0,2,1,0,0,,,,4,7,0
kt,0,0,1,1,0,0,0,0,0,,,,2,9,2
온,1,1,1,0,1,0,0,0,1,0,,,5,9,2
LG,1,0,0,0,0,0,0,1,3,1,,,6,12,0
NC,3,0,0,0,0,0,0,3,0,,,,6,8,0
홛,0,0,1,0,0,1,0,0,1,,,,3,9,0
왍,0,0,4,1,2,0,0,2,0,,,,9,9,1
庸,0,2,0,1,1,0,0,0,0,,,,4,10,1
SK,0,0,0,0,1,0,7,0,0,,,,8,9,0
콣,0,1,1,0,0,0,4,0,1,,,,7,9,1
KIA,1,1,2,0,0,0,0,0,0,,,,4,7,2
庸,0,0,0,0,0,0,1,0,0,,,,1,6,0
kt,0,0,0,0,0,0,0,0,0,,,,0,5,2
왍,3,1,0,3,0,1,0,1,,,,,9,10,0
LG,2,0,0,0,0,0,0,0,0,,,,2,6,1
홛,1,5,0,0,0,0,0,0,,,,,6,6,1
온,0,0,0,2,0,1,0,0,2,,,,5,10,0
SK,0,0,0,0,0,0,0,0,0,,,,0,7,1
콣,0,0,0,3,0,1,0,2,2,,,,8,13,2
NC,0,1,2,0,0,1,0,2,0,,,,6,11,1
KIA,0,1,1,0,0,0,1,0,0,,,,3,9,1
庸,0,2,0,0,2,0,0,2,,,,,6,3,2
kt,0,0,0,0,1,0,0,0,0,,,,1,11,0
왍,0,2,0,0,0,1,2,0,,,,,5,6,0
LG,0,0,4,0,1,1,0,0,1,,,,7,11,0
홛,0,0,0,0,0,0,0,0,0,,,,0,5,2
온,0,0,0,0,0,0,3,0,0,,,,3,8,0
SK,0,0,0,0,0,0,0,0,1,,,,1,3,0
콣,0,1,0,0,0,0,0,0,0,,,,1,8,2
NC,0,0,0,0,1,2,5,1,,,,,9,19,0
KIA,0,0,4,2,1,0,0,0,0,,,,7,8,0
庸,5,2,4,0,1,0,0,0,,,,,12,14,2
kt,0,0,0,0,0,0,0,1,3,,,,4,8,0
왍,0,0,1,0,3,0,0,1,,,,,5,8,2
LG,0,0,0,0,0,0,0,1,0,,,,1,5,0
홛,0,0,0,0,0,0,0,1,1,,,,2,6,1
온,0,0,4,0,0,0,2,0,0,0,0,,6,12,0
SK,1,0,0,0,1,0,4,0,0,0,1,,7,14,0
콣,4,0,0,0,0,2,0,0,0,,,,6,12,1
NC,1,0,0,0,0,1,0,3,0,,,,5,6,1
홛,0,0,1,1,0,0,0,0,0,,,,2,11,2
온,0,0,2,2,0,0,0,1,,,,,5,12,0
LG,1,1,0,0,0,1,2,2,6,,,,13,16,1
kt,0,0,0,0,0,0,0,0,0,,,,0,2,1
NC,1,3,1,0,0,2,0,0,0,,,,7,10,0
왍,0,0,0,0,0,0,0,3,0,,,,3,8,0
庸,0,0,0,0,0,0,0,0,0,,,,0,8,1
SK,0,1,0,0,2,0,0,0,,,,,3,9,0
콣,0,0,1,0,0,0,0,3,0,,,,4,11,2
KIA,0,3,0,0,1,0,0,2,,,,,6,11,0
홛,0,0,2,0,4,0,1,0,0,,,,7,11,1
온,0,0,1,5,0,0,3,0,,,,,9,8,0
LG,0,0,0,0,0,0,0,1,0,,,,1,7,0
kt,2,0,0,0,0,0,0,0,,,,,2,4,0
NC,1,2,0,0,0,0,0,3,0,,,,6,9,0
왍,0,0,4,0,0,0,0,1,0,,,,5,11,1
庸,0,0,0,1,0,0,0,0,0,,,,1,3,0
SK,0,0,0,0,0,0,0,1,1,,,,2,8,1
콣,3,0,0,0,9,2,0,0,0,,,,14,14,0
KIA,0,0,3,0,0,0,1,0,0,,,,4,8,1
홛,0,0,16,0,0,0,0,16,19,,,,0,,
온,0,1,0,0,0,0,,1,5,,,,1,,
LG,2,0,1,0,0,0,0,0,0,,,,3,5,1
kt,0,0,2,0,2,0,0,0,,,,,4,8,0
NC,3,0,0,0,0,0,1,0,1,,,,5,12,0
왍,0,0,0,0,1,1,0,1,0,,,,3,8,1
庸,0,1,0,1,0,0,0,0,0,,,,2,9,1
SK,0,0,0,0,0,1,1,0,1,,,,3,7,1
kt,2,0,1,0,0,0,0,0,0,,,,3,9,1
콣,4,0,2,0,1,0,0,0,,,,,7,9,1
kt,0,0,0,0,0,0,0,2,0,,,,2,8,0
콣,0,0,0,4,0,0,0,0,,,,,4,7,0
NC,0,1,0,0,0,0,0,0,0,0,,,1,8,1
KIA,0,0,0,0,1,0,0,0,0,1,,,2,9,1
왍,2,0,0,1,0,0,0,0,0,,,,3,6,1
온,0,0,0,1,0,0,0,0,0,,,,1,6,2
SK,1,0,5,1,0,0,0,1,0,,,,8,11,2
홛,2,0,0,1,0,0,0,0,0,,,,3,9,2
庸,0,0,0,0,0,0,5,1,0,,,,6,6,1
LG,1,2,1,0,1,0,0,0,0,,,,5,7,1
kt,2,0,1,0,3,0,0,0,2,,,,8,13,0
콣,0,0,0,1,0,0,0,0,0,,,,1,5,1
NC,3,0,0,0,0,0,0,0,1,,,,4,12,0
KIA,0,0,0,2,0,0,0,0,0,,,,2,9,0
왍,2,0,0,0,0,0,3,0,0,,,,5,11,0
온,0,0,0,0,0,1,0,0,0,,,,1,10,0
SK,0,0,1,0,0,0,0,0,0,,,,1,8,0
홛,0,0,0,0,0,0,0,0,0,,,,0,5,1
庸,0,0,0,1,1,0,0,0,0,,,,2,6,0
LG,0,0,1,0,1,0,3,0,,,,,5,10,0
홛,0,3,0,0,0,0,0,0,0,,,,3,9,0
콣,0,1,0,1,0,0,2,1,,,,,5,11,0
KIA,0,0,0,0,0,1,1,0,1,1,0,0,4,12,0
SK,0,0,0,1,0,0,0,2,0,1,0,0,4,10,2
kt,0,0,0,0,0,0,0,0,0,,,,0,2,2
庸,0,0,0,0,0,0,2,3,,,,,5,8,0
온,0,0,1,0,0,0,0,0,0,,,,1,8,0
NC,0,0,1,0,0,0,0,0,1,,,,2,6,0
왍,0,0,0,0,0,0,0,0,0,,,,0,7,0
LG,1,0,2,0,0,0,0,0,,,,,3,10,0
홛,0,0,0,0,0,0,0,1,2,,,,3,12,1
콣,3,2,0,0,0,0,0,0,,,,,5,12,0
KIA,0,0,0,0,0,0,1,0,5,,,,6,8,0
SK,1,0,0,2,1,0,0,0,0,,,,4,8,0
kt,0,0,0,0,0,5,0,0,0,,,,5,12,2
庸,1,0,0,2,0,0,0,0,0,,,,3,6,0
온,0,0,0,3,0,0,2,0,0,,,,5,10,1
NC,0,0,0,1,1,3,2,0,,,,,7,12,0
왍,1,1,0,0,0,0,0,0,0,,,,2,6,1
LG,0,1,0,0,3,0,0,1,,,,,5,13,1
홛,1,1,0,0,0,0,0,0,0,1,,,3,11,0
콣,0,0,0,1,0,1,0,0,0,0,,,2,11,0
KIA,0,0,0,0,3,0,1,0,0,,,,4,9,0
SK,0,1,0,0,0,0,0,0,1,,,,2,6,0
kt,3,0,0,0,0,0,0,4,5,,,,12,15,1
庸,3,0,1,0,1,0,9,0,,,,,14,15,1
온,0,0,0,0,0,0,0,0,1,,,,1,9,1
NC,2,0,2,0,2,2,0,0,,,,,8,10,1
왍,1,0,0,2,3,2,0,0,0,,,,8,13,0
LG,0,0,0,0,0,0,0,0,0,,,,0,5,2
홛,0,0,0,0,0,0,0,2,0,,,,2,7,1
kt,0,0,0,2,0,2,0,0,,,,,4,5,1
KIA,0,0,7,0,0,0,0,2,0,,,,9,13,0
온,1,1,1,0,7,0,0,0,,,,,10,15,0
LG,0,0,0,2,0,0,0,0,0,0,5,,7,9,1
NC,0,0,0,0,0,0,0,2,0,0,0,,2,6,0
SK,0,0,0,0,0,0,2,1,0,,,,3,8,0
왍,0,0,1,1,0,0,4,2,,,,,8,15,1
콣,1,0,0,1,0,0,0,1,1,,,,4,10,2
庸,0,0,0,0,0,0,0,0,0,,,,0,5,1
홛,2,2,0,0,2,0,0,1,1,,,,8,8,0
kt,2,0,1,0,0,0,2,0,0,,,,5,11,1
KIA,1,0,2,0,0,1,0,2,0,0,,,6,14,0
온,2,0,0,0,2,0,0,2,0,2,,,8,16,0
LG,0,0,0,0,0,1,1,0,0,0,0,2,4,13,1
NC,0,0,0,0,1,0,0,1,0,0,0,0,2,10,1
SK,0,1,0,0,2,0,0,0,0,,,,3,7,3
왍,5,2,0,0,0,4,1,0,,,,,12,12,0
콣,0,1,0,3,1,0,0,0,0,,,,5,11,1
庸,1,0,0,1,0,1,0,0,0,,,,3,4,1
홛,0,0,0,0,2,1,0,2,0,,,,5,10,1
kt,2,3,0,0,0,0,0,1,,,,,6,10,0
KIA,0,0,0,0,1,0,0,0,8,,,,9,11,0
온,0,1,1,0,2,0,0,0,6,,,,10,13,0
LG,0,0,0,1,0,0,0,5,0,,,,6,9,0
NC,1,0,0,0,0,0,0,0,0,,,,1,8,4
SK,0,0,2,0,1,0,1,0,0,,,,4,8,0
왍,0,0,1,0,1,0,0,1,0,,,,3,9,1
콣,0,0,2,0,0,0,0,1,1,0,0,,4,8,0
庸,0,2,0,0,1,0,0,1,0,0,1,,5,14,2
kt,1,0,1,0,0,3,0,0,1,,,,6,10,2
온,5,0,0,0,0,0,0,0,0,,,,5,6,0
NC,0,4,0,0,2,2,0,5,1,,,,14,21,2
SK,0,0,0,0,2,1,1,7,0,,,,11,11,0
왍,0,0,1,0,0,3,1,0,3,,,,8,7,1
KIA,0,0,2,2,0,0,0,0,2,,,,6,14,1
庸,0,0,0,0,1,0,0,1,1,0,0,,3,13,0
홛,0,1,1,0,0,0,0,0,1,0,1,,4,8,0
콣,3,5,0,1,0,3,1,0,0,,,,13,15,0
LG,0,3,0,0,0,0,0,0,0,,,,3,10,0
kt,0,0,0,0,0,0,0,1,3,0,,,4,9,0
온,1,1,0,0,0,0,0,0,2,1,,,5,8,0
NC,0,0,1,1,2,0,0,0,0,,,,4,10,0
SK,0,5,0,1,0,1,1,2,,,,,10,15,1
왍,1,0,0,2,0,2,5,0,0,,,,10,14,0
KIA,0,0,0,0,0,1,0,0,0,,,,1,5,0
庸,4,0,0,0,0,0,0,1,0,,,,5,12,1
홛,0,0,8,2,0,0,0,2,,,,,12,12,1
콣,1,2,0,0,0,0,0,0,4,,,,7,10,0
LG,0,3,0,0,0,0,0,0,0,,,,3,8,1
kt,1,0,0,0,0,1,0,0,4,,,,6,11,0
온,0,1,0,0,0,0,1,1,0,,,,3,7,0
NC,0,0,0,0,0,1,0,0,0,,,,1,7,0
SK,3,0,0,0,0,0,0,1,,,,,4,9,0
왍,2,0,1,0,0,0,6,0,0,,,,9,10,0
KIA,0,1,0,0,0,0,0,0,1,,,,2,6,0
庸,0,1,0,7,2,1,5,0,0,,,,16,23,1
홛,0,0,0,0,0,0,0,0,0,,,,0,0,0
콣,0,0,1,0,2,0,0,0,0,,,,3,8,2
LG,0,0,1,2,0,1,0,1,,,,,5,7,1
KIA,0,0,0,2,0,0,0,0,0,,,,2,3,0
LG,0,0,6,2,0,1,0,0,,,,,9,9,0
NC,0,1,0,1,0,0,0,0,2,,,,4,9,0
kt,0,0,0,2,1,0,0,0,0,,,,3,8,2
왍,0,0,0,4,1,2,2,0,0,,,,9,13,0
콣,1,0,0,0,1,0,1,0,0,,,,3,8,0
KIA,0,0,0,0,0,0,1,0,2,,,,3,6,2
LG,2,4,0,1,2,1,0,0,,,,,10,14,0
온,1,0,0,0,2,0,0,1,0,0,0,,4,12,3
홛,0,0,0,3,0,0,0,1,0,0,1,,5,9,0
NC,0,2,0,2,0,0,5,0,1,,,,10,12,1
kt,1,0,1,0,0,0,0,0,0,,,,2,6,3
왍,0,0,0,1,0,2,0,0,0,,,,3,6,0
콣,0,2,0,0,1,0,4,1,,,,,8,13,0
SK,0,0,0,0,1,1,3,0,3,0,1,,9,12,2
庸,1,1,0,3,0,0,0,0,3,0,0,,8,16,0
왍,0,5,0,1,0,0,0,0,0,,,,6,11,1
콣,0,2,5,2,0,0,0,0,,,,,9,16,1
SK,0,0,2,0,0,1,0,0,0,1,,,4,8,1
庸,0,1,1,0,1,0,0,0,0,0,,,3,12,1
KIA,0,2,0,0,0,0,0,1,1,,,,4,14,2
콣,1,2,0,0,5,0,0,0,,,,,8,8,0
온,0,0,1,0,2,0,0,0,5,,,,8,8,2
왍,0,3,0,3,5,0,0,0,,,,,11,12,2
SK,0,0,0,0,0,2,0,0,0,,,,2,6,0
kt,0,0,0,0,0,0,0,0,0,,,,0,5,1
홛,0,0,0,1,0,0,0,0,0,,,,1,4,1
NC,0,1,1,1,0,6,6,0,,,,,15,22,1
KIA,0,1,0,0,0,1,2,0,2,,,,6,9,0
콣,0,0,3,0,0,1,0,0,0,,,,4,8,2
LG,0,3,0,0,3,0,0,1,1,,,,8,12,0
庸,0,0,0,0,0,0,0,0,0,,,,0,7,1
온,0,0,0,0,0,0,0,0,0,,,,0,5,0
왍,0,1,2,0,0,0,4,0,,,,,7,10,0
SK,0,0,0,0,2,0,0,0,0,,,,2,4,0
kt,0,0,0,0,0,1,0,0,0,,,,1,8,0
홛,0,0,0,1,0,0,2,1,0,,,,4,9,1
NC,0,0,3,0,0,7,0,0,,,,,10,11,0
KIA,0,0,0,0,5,0,0,0,0,,,,5,14,1
콣,0,0,1,1,5,1,0,5,,,,,13,16,1
LG,0,0,1,0,0,0,0,0,1,,,,2,6,0
庸,0,0,0,0,0,0,1,0,0,,,,1,6,0
온,0,0,0,0,0,1,0,1,0,,,,2,7,1
왍,2,4,0,1,0,0,1,1,,,,,9,10,0
SK,0,0,0,0,0,0,0,1,2,,,,3,9,0
kt,0,0,0,0,0,0,0,0,0,,,,0,5,0
kt,1,0,2,0,0,3,2,0,0,1,0,,9,15,1
LG,1,7,0,0,0,0,0,0,0,1,1,,10,19,1
NC,0,0,0,0,0,0,0,1,0,,,,1,4,1
온,0,1,2,0,0,2,1,0,,,,,6,9,0
왍,0,0,0,0,0,0,0,1,0,,,,1,7,0
홛,1,0,1,0,0,0,0,0,,,,,2,5,1
庸,0,0,0,0,0,0,0,0,0,,,,0,6,2
KIA,0,0,3,4,0,1,0,0,,,,,8,9,1
콣,0,0,0,1,0,6,3,5,0,,,,15,23,0
SK,1,0,0,0,0,4,0,0,0,,,,5,8,0
kt,1,0,0,0,1,0,0,0,0,,,,2,6,2
LG,0,0,0,1,2,0,0,0,,,,,3,7,0
NC,0,0,0,4,0,2,2,0,1,,,,9,18,2
온,0,4,0,0,0,1,0,0,0,,,,5,8,1
왍,0,1,0,0,0,0,0,0,0,,,,1,7,0
홛,2,0,0,2,0,0,0,0,,,,,4,5,0
庸,3,1,2,1,0,0,0,1,2,,,,10,15,0
KIA,1,0,0,0,1,0,0,0,0,,,,2,11,1
콣,0,0,0,0,0,0,0,0,0,,,,0,6,1
SK,0,0,0,0,0,0,0,2,,,,,2,5,1
kt,1,1,1,1,0,0,0,0,0,,,,4,10,1
LG,0,0,3,0,1,0,0,1,,,,,5,15,0
NC,1,0,0,0,1,1,0,3,0,0,0,1,7,12,4
온,1,1,0,0,0,0,0,2,2,0,0,0,6,6,3
왍,1,0,0,0,0,0,4,0,0,,,,5,9,1
홛,1,0,0,0,0,3,0,0,0,,,,4,9,1
庸,0,0,0,0,0,1,0,0,0,,,,1,5,1
KIA,5,0,1,0,1,0,1,0,,,,,8,10,0
콣,1,0,2,0,4,3,0,0,0,,,,10,16,1
SK,2,0,0,5,0,0,0,1,0,,,,8,12,0
KIA,0,6,0,1,0,0,0,0,1,,,,8,9,0
NC,0,2,0,0,2,0,0,0,0,,,,4,9,1
kt,0,0,0,0,0,1,0,3,1,,,,5,8,1
홛,1,0,0,0,0,0,1,2,0,,,,4,7,2
LG,0,0,0,0,1,1,0,0,0,,,,2,13,0
왍,0,1,0,5,0,0,0,1,,,,,7,15,0
SK,0,0,0,0,5,0,5,1,0,,,,11,16,3
온,0,0,3,0,0,0,1,3,0,,,,7,15,2
홛,1,1,0,0,0,0,1,0,0,,,,3,13,1
,0,0,1,3,2,0,0,0,,,,,6,12,1
kt,0,0,1,0,0,3,1,0,0,,,,5,11,0
KIA,2,0,0,0,0,2,0,0,0,,,,4,12,0
LG,0,1,0,0,0,0,0,0,1,,,,2,7,0
NC,0,0,2,0,0,0,0,2,,,,,4,9,0
온,1,1,1,0,1,0,1,0,0,,,,5,7,2
SK,2,0,2,1,0,0,1,0,,,,,6,8,3
庸,1,0,3,0,0,0,0,0,2,,,,6,13,1
왍,0,0,0,0,1,0,2,0,0,,,,3,6,0
홛,0,0,1,0,2,0,0,1,0,,,,4,11,0
,0,0,0,0,0,0,1,0,0,,,,1,5,0
kt,0,0,0,0,1,0,0,0,0,,,,1,7,0
KIA,6,1,0,0,0,3,0,4,,,,,14,16,0
LG,0,0,0,0,0,0,0,1,0,,,,1,3,3
NC,0,0,1,0,5,0,1,0,,,,,7,8,0
온,0,0,0,0,0,0,0,0,0,,,,0,5,0
SK,1,0,0,1,0,0,3,0,,,,,5,9,1
庸,4,0,0,0,0,0,0,0,0,,,,4,6,1
왍,1,1,2,0,0,0,1,0,,,,,5,8,0
홛,0,0,0,3,0,0,0,3,0,,,,6,10,1
NC,1,4,0,1,0,0,3,0,,,,,9,9,0
kt,0,0,1,0,0,0,3,1,0,,,,5,8,2
SK,2,0,1,3,1,1,0,0,,,,,8,14,2
LG,0,2,0,0,0,0,0,0,2,0,,,4,10,1
,0,0,0,1,0,2,0,0,1,1,,,5,14,0
온,0,0,0,0,0,0,0,0,0,,,,0,3,0
왍,1,2,0,0,0,2,0,0,,,,,5,7,0
庸,0,0,0,0,0,0,0,0,0,,,,0,6,0
KIA,0,0,1,10,3,0,3,0,,,,,17,14,0
홛,0,0,1,0,1,0,0,4,0,,,,6,10,0
NC,2,0,0,0,0,0,0,0,0,,,,2,5,2
kt,0,0,1,2,0,3,2,0,0,,,,8,15,1
SK,0,2,0,1,0,0,0,2,0,,,,5,9,2
LG,4,0,0,3,0,0,0,2,0,,,,9,13,0
,0,0,2,1,0,0,0,0,0,,,,3,4,2
온,2,2,0,0,0,0,0,0,1,,,,5,10,2
왍,1,0,2,0,0,0,0,3,,,,,6,5,1
庸,1,1,0,0,0,1,1,2,0,,,,6,14,0
KIA,0,0,0,0,0,0,0,0,0,,,,0,5,1
홛,0,0,0,0,0,1,0,0,0,,,,1,6,2
NC,0,0,0,0,0,0,0,4,,,,,4,10,1
kt,0,2,1,0,0,4,0,0,0,,,,7,12,0
SK,0,0,0,0,0,0,1,0,0,,,,1,7,0
LG,1,1,0,0,0,0,0,0,2,,,,4,11,0
,5,0,3,1,0,0,0,0,,,,,9,12,1
온,0,0,0,1,0,0,0,0,0,,,,1,4,1
왍,1,0,0,0,0,3,0,0,,,,,4,9,1
庸,0,0,0,0,0,0,0,0,0,,,,0,3,0
KIA,1,0,0,0,3,0,3,0,,,,,7,13,0
KIA,0,0,0,1,2,0,1,0,0,,,,4,10,1
LG,0,0,0,0,0,2,0,1,0,,,,3,10,0
NC,0,0,3,0,2,0,1,1,0,,,,7,10,1
온,0,0,0,0,0,2,0,0,3,,,,5,6,1
왍,0,0,3,0,0,0,0,3,0,,,,6,11,1
kt,0,0,0,0,0,1,1,0,0,,,,2,7,0
SK,0,1,0,3,4,0,0,0,0,,,,8,6,0
홛,0,1,1,0,0,1,0,1,0,,,,4,9,1
,0,0,2,0,3,3,0,0,0,0,0,2,10,19,2
庸,2,1,0,0,0,0,5,0,0,0,0,0,8,14,0
KIA,0,1,0,0,3,0,0,0,0,,,,4,6,1
LG,0,2,1,2,0,0,1,0,,,,,6,9,0
NC,0,0,0,3,0,2,0,0,5,,,,10,14,0
온,0,2,0,0,2,0,0,1,0,,,,5,9,0
왍,4,0,4,0,0,0,0,0,0,,,,8,13,2
kt,0,0,3,5,1,0,2,9,,,,,20,22,0
SK,3,0,0,0,4,1,0,2,2,,,,12,13,0
홛,0,0,0,0,0,1,0,0,0,,,,1,8,1
,1,0,0,0,0,1,2,0,0,,,,4,9,0
庸,0,0,0,0,0,2,0,0,0,,,,2,7,0
KIA,0,0,0,0,1,2,2,0,0,,,,5,9,0
LG,2,0,0,0,0,3,0,0,1,,,,6,10,0
NC,0,0,0,0,1,1,0,0,0,,,,2,7,1
온,0,0,0,0,1,0,0,2,,,,,3,10,0
왍,0,2,1,0,1,0,0,0,0,,,,4,10,1
kt,0,1,0,0,2,0,6,0,,,,,9,13,0
SK,1,1,1,0,4,1,3,1,1,,,,13,15,0
홛,0,0,0,1,0,0,0,0,0,,,,1,4,1
,0,0,1,3,0,0,0,0,1,,,,5,9,1
庸,2,0,1,0,1,0,2,0,,,,,6,14,2
KIA,1,1,0,1,0,0,0,0,0,,,,3,5,0
SK,4,2,0,6,0,0,0,1,,,,,13,14,1
kt,0,2,2,1,2,0,0,0,0,,,,7,11,0
,0,0,0,1,0,0,0,0,0,,,,1,6,1
LG,0,0,0,1,0,0,0,1,2,0,0,,4,16,1
왍,0,2,0,0,0,0,0,2,0,0,1,,5,12,0
온,0,0,2,8,0,0,1,0,0,,,,11,15,2
홛,4,2,5,0,3,3,0,0,,,,,17,11,2
庸,0,0,0,0,0,0,2,1,0,0,,,3,11,0
NC,1,0,0,1,0,0,0,0,1,1,,,4,8,2
KIA,0,1,0,0,0,1,0,4,0,3,,,9,19,0
SK,0,0,5,0,0,1,0,0,0,0,,,6,7,1
kt,0,1,1,0,0,0,0,0,0,,,,2,5,0
,3,0,0,1,5,0,0,1,,,,,10,12,0
LG,0,1,0,0,0,0,1,0,1,,,,3,12,0
왍,1,0,0,1,0,3,0,1,,,,,6,10,0
온,2,0,1,0,0,1,0,0,2,,,,6,12,1
홛,2,0,0,0,1,2,2,0,,,,,7,10,1
庸,0,0,1,0,0,0,0,0,0,,,,1,4,0
NC,0,0,0,0,2,0,0,2,,,,,4,9,1
kt,2,0,0,0,0,0,0,0,1,0,,,3,6,0
,0,1,0,0,0,0,2,0,0,1,,,4,7,0
庸,0,0,0,0,0,0,0,1,3,,,,4,13,1
NC,0,0,0,0,0,0,1,0,0,,,,1,7,1
LG,2,1,5,0,1,2,1,0,2,,,,14,14,1
온,0,1,0,0,0,2,3,0,0,,,,6,9,0
,0,1,0,0,2,0,0,1,1,,,,5,13,1
KIA,2,0,0,0,3,3,0,3,,,,,11,16,1
홛,0,1,0,0,0,0,1,0,0,,,,2,8,1
kt,0,2,0,0,0,2,6,0,,,,,10,10,1
LG,0,0,1,1,0,0,0,0,0,,,,2,9,0
온,0,2,1,3,1,0,0,0,,,,,7,13,0
NC,0,0,0,0,1,2,0,0,0,,,,3,8,1
왍,0,0,1,1,0,2,0,2,,,,,6,7,1
庸,0,0,0,2,0,0,0,1,0,0,0,0,3,9,1
SK,1,0,0,0,0,2,0,0,0,0,0,1,4,7,3
,0,0,0,1,0,0,0,0,0,,,,1,10,1
KIA,0,3,1,0,1,0,0,0,,,,,5,9,0
홛,0,0,0,3,0,0,5,0,0,4,,,12,14,0
kt,0,2,4,0,0,0,2,0,0,0,,,8,10,2
LG,0,0,0,0,1,0,1,0,2,,,,4,7,4
온,0,0,0,0,0,0,2,0,0,,,,2,7,1
NC,0,0,0,3,2,0,0,1,4,,,,10,13,2
왍,0,0,2,0,1,3,0,3,2,,,,11,14,0
庸,0,3,3,4,2,0,0,0,0,,,,12,11,0
SK,2,0,0,0,0,0,0,0,2,,,,4,10,2
,0,0,1,0,0,0,2,0,0,,,,3,13,0
KIA,0,0,0,1,0,1,2,0,,,,,4,9,0
KIA,0,1,0,2,0,0,0,0,0,,,,3,8,0
홛,2,0,0,0,0,1,0,1,,,,,4,7,0
kt,0,0,0,0,0,0,0,2,3,,,,5,8,1
NC,3,0,0,0,0,1,0,0,0,,,,4,5,1
왍,2,0,1,1,0,2,0,0,2,,,,8,12,0
庸,0,0,0,0,0,0,1,0,0,,,,1,4,4
SK,0,1,1,0,2,0,0,0,0,,,,4,12,2
LG,0,0,0,0,0,0,0,1,0,,,,1,6,1
,2,0,0,0,0,0,1,0,0,,,,3,6,1
온,0,1,1,0,1,0,1,0,,,,,4,11,0
KIA,0,0,0,1,3,0,0,0,0,,,,4,7,1
홛,1,0,1,1,0,3,0,0,,,,,6,11,1
kt,0,0,2,1,2,3,0,0,4,,,,12,21,0
NC,2,0,0,2,0,0,0,0,0,,,,4,7,3
왍,0,0,1,0,3,3,0,0,0,,,,7,10,0
庸,4,1,0,0,0,0,0,0,1,,,,6,14,1
SK,0,0,0,0,0,0,0,0,0,,,,0,3,0
LG,0,0,0,1,1,1,0,0,,,,,3,7,0
,0,0,0,0,0,0,0,0,0,,,,0,2,0
온,0,0,0,3,2,7,0,0,,,,,12,17,0
KIA,0,1,0,0,0,0,1,2,0,,,,4,7,1
홛,4,3,0,1,0,5,2,0,,,,,15,17,0
kt,0,1,0,0,2,2,2,0,0,,,,7,13,3
NC,0,0,0,0,0,2,0,0,0,,,,2,6,1
왍,0,2,0,3,0,2,0,1,1,,,,9,17,0
庸,0,1,0,1,0,0,0,1,0,,,,3,7,0
SK,0,0,0,0,0,0,0,0,4,,,,4,7,2
LG,0,1,0,0,0,0,1,0,3,,,,5,9,1
,1,0,1,0,2,0,1,0,0,,,,5,9,0
온,1,0,0,0,0,2,0,0,0,,,,3,9,0
kt,0,1,0,0,0,0,0,0,0,,,,1,5,1
LG,0,0,0,0,3,0,0,0,,,,,3,3,0
온,0,0,0,0,0,0,0,1,7,,,,8,11,3
KIA,0,0,0,0,0,2,2,0,0,,,,4,4,0
NC,0,0,0,0,0,0,0,2,0,,,,2,7,0
SK,0,0,0,0,3,0,1,0,,,,,4,10,2
왍,0,0,1,0,1,0,0,7,3,,,,12,12,0
,0,0,0,0,0,0,0,0,0,,,,0,2,1
庸,0,3,0,0,0,0,0,0,1,,,,4,11,1
홛,0,0,0,2,0,0,0,0,0,,,,2,5,3
kt,0,0,0,0,0,0,0,0,0,,,,0,6,2
LG,0,0,3,0,0,4,0,1,,,,,8,13,0
NC,0,0,0,0,0,0,0,0,0,,,,0,3,0
SK,0,1,1,0,1,3,0,1,,,,,7,12,0
왍,0,0,0,1,5,0,0,0,0,,,,6,9,0
,2,3,0,2,0,0,0,0,,,,,7,10,0
庸,1,0,0,0,0,0,0,0,1,,,,2,6,1
홛,2,1,0,3,0,4,4,0,,,,,14,17,0
kt,0,0,3,0,0,0,0,5,0,,,,8,13,1
LG,4,0,0,3,2,1,0,1,,,,,11,16,0
NC,0,0,0,0,0,0,0,2,0,,,,2,12,0
SK,0,0,1,2,0,0,0,0,,,,,3,12,0
왍,0,0,1,0,0,0,2,0,0,,,,3,8,0
,0,0,0,0,0,0,2,0,0,,,,2,4,0
庸,0,1,3,0,0,0,0,0,0,,,,4,11,1
홛,1,0,5,1,0,0,0,0,,,,,7,10,0
홛,2,0,2,0,1,0,0,0,0,,,,5,12,0
왍,0,0,0,0,0,2,0,0,0,,,,2,7,0
LG,0,1,1,0,0,1,0,0,1,,,,4,8,1
KIA,1,0,1,0,2,0,0,0,1,,,,5,11,2
NC,0,0,0,0,0,2,0,0,0,0,1,,3,9,0
,0,0,0,0,2,0,0,0,0,0,0,,2,8,0
SK,1,0,1,1,2,1,1,1,1,,,,9,17,1
kt,3,0,0,0,1,0,1,0,0,,,,5,11,1
庸,0,0,3,0,3,1,2,0,2,,,,11,13,2
온,0,0,0,0,3,0,3,0,0,,,,6,11,2
홛,0,0,2,0,0,2,0,0,0,,,,4,13,1
왍,0,0,0,0,2,0,3,0,,,,,5,7,0
LG,2,0,0,0,0,1,0,0,0,,,,3,10,0
KIA,0,3,0,0,0,0,0,1,,,,,4,8,1
NC,0,0,0,0,0,0,0,1,0,,,,1,2,0
,0,0,0,0,0,0,0,0,0,,,,0,2,0
SK,4,0,0,2,0,0,1,0,1,,,,8,13,0
kt,0,0,0,0,0,0,1,0,2,,,,3,9,1
庸,1,1,3,0,1,0,0,0,0,0,0,1,7,15,0
온,0,0,0,0,1,2,0,3,0,0,0,3,9,13,1
홛,2,0,0,0,0,0,0,0,0,,,,2,7,0
왍,0,3,0,0,0,0,2,0,,,,,5,11,0
LG,0,1,0,3,0,0,0,0,0,,,,4,8,0
KIA,0,0,1,6,0,1,0,0,,,,,8,12,1
NC,0,0,0,0,0,0,0,1,2,,,,3,6,1
,0,0,2,3,0,0,1,0,,,,,6,11,0
SK,2,0,2,0,0,0,0,0,2,,,,6,7,0
kt,1,0,0,0,0,4,0,0,0,,,,5,13,0
庸,0,2,1,1,0,0,1,1,0,,,,6,13,0
온,0,0,0,0,0,0,0,0,0,,,,0,8,3
KIA,0,0,0,0,0,1,0,1,2,,,,4,7,0
왍,0,0,2,3,1,0,0,0,,,,,6,10,1
kt,0,0,0,0,0,0,4,0,1,,,,5,12,0
庸,0,0,0,0,0,1,1,1,1,,,,4,11,1
LG,0,6,0,0,2,0,0,0,1,,,,9,14,2
NC,0,0,0,0,1,0,0,3,0,,,,4,8,0
SK,2,0,0,1,0,1,1,0,0,,,,5,7,0
온,0,2,4,0,1,0,1,2,,,,,10,12,0
,0,0,1,1,3,0,1,0,0,,,,6,13,0
홛,0,1,0,0,0,0,0,0,0,,,,1,8,1
KIA,0,0,0,0,0,0,2,3,0,,,,5,9,0
왍,0,0,1,1,2,0,2,4,,,,,10,13,1
kt,0,1,0,0,0,0,0,0,0,,,,1,7,0
庸,0,0,0,0,4,0,0,0,,,,,4,9,1
LG,2,0,2,1,1,0,0,0,0,,,,6,12,1
NC,0,2,0,0,0,0,0,1,0,,,,3,5,0
SK,0,0,0,0,0,0,0,3,0,,,,3,9,0
온,0,2,1,0,0,0,0,0,1,,,,4,8,1
,0,0,0,0,0,2,0,2,0,,,,4,9,0
홛,3,0,0,0,0,0,0,0,0,,,,3,8,0
KIA,3,0,3,3,4,0,1,0,0,,,,14,22,2
왍,0,0,0,0,1,0,0,2,1,,,,4,10,2
kt,0,1,1,0,1,0,0,3,0,,,,6,11,2
庸,0,0,0,1,0,1,2,0,0,,,,4,8,1
LG,1,1,0,0,0,0,1,2,0,,,,5,9,0
NC,0,1,0,0,2,0,0,0,1,,,,4,13,1
SK,0,0,6,0,0,1,3,0,0,,,,10,13,0
온,0,0,0,0,0,4,0,0,0,,,,4,9,0
,2,2,0,0,6,0,0,0,0,,,,10,15,0
홛,0,0,0,1,0,0,0,0,0,,,,1,5,1
온,4,0,1,0,8,1,0,0,0,,,,14,17,2
kt,0,0,0,0,4,1,0,2,1,,,,8,10,1
NC,0,2,0,0,0,0,0,0,0,,,,2,5,1
庸,3,2,2,0,0,0,0,0,,,,,7,7,0
왍,0,1,0,0,1,8,0,0,0,,,,10,11,0
SK,2,0,1,0,0,0,0,6,0,,,,9,13,1
,0,1,0,0,0,0,0,0,1,,,,2,7,1
LG,1,0,0,0,0,0,7,0,,,,,8,10,2
홛,0,0,0,2,0,0,0,0,1,,,,3,6,1
KIA,0,0,0,0,0,1,0,1,0,,,,2,7,1
온,0,0,0,0,3,1,0,1,0,,,,5,16,0
kt,0,0,1,0,1,2,0,0,0,,,,4,12,1
NC,0,0,0,1,0,2,0,3,3,,,,9,13,0
庸,0,0,1,0,0,0,1,0,0,,,,2,9,0
왍,1,0,0,0,0,0,0,0,3,2,,,6,12,2
SK,2,0,0,0,0,1,0,0,1,3,,,7,12,1
,0,1,0,0,0,0,0,0,0,,,,1,6,1
LG,0,0,1,0,0,1,0,0,,,,,2,9,0
홛,0,0,0,0,0,0,0,0,3,,,,3,7,1
KIA,1,0,0,0,0,0,0,0,0,,,,1,10,1
온,1,0,0,0,0,0,0,0,1,,,,2,4,1
kt,0,1,0,3,1,0,0,0,,,,,5,7,0
NC,0,0,0,3,0,0,1,0,1,,,,5,9,0
庸,0,0,0,0,0,0,0,0,2,,,,2,8,1
왍,0,0,0,0,0,0,0,4,0,,,,4,10,0
SK,0,0,2,2,0,0,1,0,,,,,5,8,0
,0,0,0,0,0,0,0,1,0,,,,1,3,0
LG,0,1,3,5,1,1,0,0,,,,,11,17,1
홛,2,0,0,0,0,0,0,1,0,,,,3,12,1
온,0,0,0,1,2,0,0,2,,,,,5,9,0
KIA,0,1,0,0,0,3,0,4,0,,,,8,15,0
kt,0,2,0,0,0,0,0,1,0,,,,3,6,0
왍,1,0,0,1,0,1,0,2,1,,,,6,9,0
NC,2,0,0,0,0,0,0,0,0,,,,2,6,1
SK,1,1,0,2,2,1,1,0,0,,,,8,10,0
,0,0,1,0,1,0,0,0,1,,,,3,10,0
庸,1,0,0,0,0,0,1,0,0,,,,2,7,0
LG,0,4,2,0,0,3,0,0,,,,,9,15,1
홛,0,2,1,0,1,0,0,0,0,,,,4,6,2
온,0,1,0,0,0,0,0,1,0,,,,2,9,0
KIA,1,0,0,0,0,1,0,0,0,,,,2,10,0
kt,0,0,3,0,2,0,4,0,,,,,9,13,1
왍,0,0,0,0,0,0,1,0,0,,,,1,7,0
NC,0,1,0,0,0,4,0,0,,,,,5,10,1
SK,2,1,0,0,0,0,0,0,3,,,,6,11,3
,1,0,0,2,1,0,0,0,0,,,,4,8,3
庸,0,0,0,0,2,1,1,0,0,,,,4,8,1
LG,1,0,1,0,4,0,0,0,,,,,6,9,1
홛,0,0,2,0,0,0,0,1,0,,,,3,12,1
온,0,0,4,0,0,0,0,0,,,,,4,7,1
KIA,0,0,0,0,0,0,1,2,0,,,,3,7,1
kt,0,0,2,0,0,2,0,1,,,,,5,9,0
왍,0,3,0,0,2,0,1,0,1,,,,7,12,0
NC,0,0,0,0,0,0,1,0,0,,,,1,6,2
SK,0,1,0,2,0,0,0,1,1,,,,5,10,1
,0,0,2,2,3,0,0,1,,,,,8,17,2
庸,0,0,0,0,2,3,0,0,3,,,,8,18,1
LG,0,1,3,1,0,0,0,0,2,,,,7,15,1
KIA,0,0,0,0,0,0,0,0,0,,,,0,7,0
온,0,0,0,0,1,1,0,2,,,,,4,13,1
kt,0,0,0,1,0,1,0,0,0,,,,2,7,0
왍,1,0,0,3,0,0,0,0,,,,,4,9,1
LG,0,0,1,0,0,2,0,1,1,,,,5,9,1
홛,0,0,4,0,2,0,0,0,,,,,6,11,2
SK,1,5,1,4,0,0,0,1,0,,,,12,17,0
庸,0,0,0,0,0,2,1,0,0,,,,3,8,0
,0,0,0,0,1,3,0,8,1,,,,13,17,1
NC,0,0,1,0,0,3,0,0,0,,,,4,9,0
KIA,1,0,0,4,1,3,1,0,2,,,,12,17,1
온,2,0,1,2,0,0,1,0,0,,,,6,12,6
LG,0,0,0,0,0,0,3,0,0,,,,3,7,1
홛,1,1,0,0,0,0,0,0,2,,,,4,9,0
SK,0,0,0,3,2,0,0,0,2,,,,7,14,0
庸,0,0,0,1,3,0,0,0,0,,,,4,11,0
,3,1,0,2,0,1,1,0,0,,,,8,14,2
NC,0,2,3,3,0,3,1,1,,,,,13,17,0
KIA,0,0,0,0,3,0,0,0,1,,,,4,9,3
온,1,0,0,0,0,0,2,0,2,,,,5,10,1
kt,1,0,0,0,0,0,1,0,0,0,1,,3,8,0
왍,0,1,0,0,0,1,0,0,0,0,0,,2,12,0
LG,0,0,0,0,0,3,0,0,0,,,,3,10,1
홛,1,0,0,1,1,0,4,0,,,,,7,11,0
SK,0,0,0,1,3,0,0,0,0,,,,4,5,1
庸,0,6,0,0,2,0,0,0,,,,,8,9,0
,0,0,0,4,1,0,4,3,1,,,,13,14,0
NC,1,0,0,4,3,0,0,1,0,,,,9,13,0
홛,0,2,0,1,0,0,0,2,4,,,,9,13,1
庸,0,2,2,2,0,0,0,0,0,,,,6,11,1
온,1,2,0,0,0,0,0,4,0,,,,7,7,1
LG,0,0,1,0,1,0,0,0,0,,,,2,8,0
왍,1,0,0,1,0,1,0,1,1,0,0,,5,17,0
KIA,3,0,2,0,0,0,0,0,0,0,1,,6,13,0
SK,0,0,0,1,4,0,0,1,0,,,,6,11,1
NC,1,0,0,0,0,1,0,0,0,,,,2,5,0
庸,0,0,0,1,1,0,0,1,1,0,0,,4,11,2
kt,0,0,0,0,0,0,0,3,1,0,1,,5,10,0
KIA,0,0,0,0,0,0,1,0,2,,,,3,7,2
庸,0,2,2,0,2,0,2,0,,,,,8,13,0
kt,0,0,0,0,0,0,0,0,2,,,,2,6,1
온,0,0,4,2,0,0,0,0,,,,,6,10,1
LG,1,1,0,3,3,0,0,6,0,,,,14,17,1
SK,0,5,0,1,0,0,3,0,0,,,,9,16,1
NC,1,0,1,0,0,0,0,0,0,0,2,,4,7,1
홛,0,0,0,0,0,0,0,0,2,0,0,,2,9,0
,5,0,0,1,1,0,0,0,3,,,,10,11,1
왍,0,0,2,3,0,0,0,0,0,,,,5,10,2
KIA,0,0,3,0,2,1,1,1,0,,,,8,11,2
庸,1,0,6,0,0,0,0,0,0,,,,7,11,0
kt,0,0,0,1,0,0,0,0,0,,,,1,4,0
온,1,0,1,0,0,1,0,0,,,,,3,11,0
LG,0,0,0,0,0,0,0,0,0,,,,0,5,0
SK,1,0,0,2,0,0,4,3,,,,,10,15,0
NC,0,0,0,0,0,0,0,0,0,,,,0,5,2
홛,3,0,1,0,0,0,0,0,,,,,4,11,0
,0,0,0,0,0,1,1,0,0,,,,2,6,0
왍,0,0,0,0,0,0,1,0,0,,,,1,5,0
KIA,0,0,0,1,0,0,0,0,1,,,,2,4,0
,0,0,0,0,0,0,1,0,0,,,,1,7,0
kt,0,0,0,0,1,0,0,0,2,,,,3,8,0
홛,0,0,0,0,0,0,0,0,0,,,,0,8,0
LG,0,0,0,0,0,1,1,0,0,,,,2,13,0
庸,0,0,1,0,1,0,0,2,,,,,4,9,1
온,0,1,0,0,0,0,0,0,2,2,,,5,10,1
NC,0,3,0,0,0,0,0,0,0,0,,,3,11,1
SK,1,0,2,0,0,0,0,0,1,,,,4,7,0
왍,0,0,1,0,0,2,0,0,3,,,,6,12,0
KIA,1,0,0,0,0,3,3,0,0,,,,7,13,0
,0,0,7,0,0,0,0,0,1,,,,8,9,0
kt,0,0,0,4,0,0,0,0,0,,,,4,9,1
홛,0,0,0,0,2,3,0,0,,,,,5,4,1
LG,0,0,1,5,1,0,0,0,1,,,,8,16,1
庸,0,0,0,2,0,0,5,0,0,,,,7,11,2
SK,0,2,0,1,0,0,0,0,0,,,,3,6,1
왍,0,4,0,0,1,0,0,0,,,,,5,8,0
KIA,0,1,0,1,0,0,0,0,0,,,,2,6,0
,0,0,0,2,1,0,5,0,,,,,8,12,0
kt,1,0,0,0,0,1,1,0,0,,,,3,11,2
홛,3,0,0,1,0,0,1,0,,,,,5,10,0
LG,0,1,0,0,0,1,1,0,5,,,,8,16,0
庸,0,0,0,2,0,0,0,0,3,,,,5,5,0
온,0,0,0,4,0,0,0,3,0,,,,7,11,0
NC,0,0,0,0,0,0,0,0,0,,,,0,6,1
홛,0,0,0,0,2,1,0,0,1,,,,4,10,1
LG,0,0,1,2,0,0,0,0,0,,,,3,9,1
NC,0,4,0,0,1,1,0,0,0,,,,6,11,1
kt,0,0,0,0,0,0,1,0,0,,,,1,4,1
왍,0,3,0,0,0,0,1,0,3,,,,7,10,0
온,0,0,0,0,0,0,0,0,1,,,,1,5,0
SK,0,0,0,1,0,0,0,0,0,,,,1,5,0
KIA,0,2,1,0,1,1,0,0,,,,,5,10,0
庸,0,0,0,0,2,0,0,2,1,,,,5,13,0
,0,0,0,0,0,0,0,0,0,,,,0,3,1
홛,1,0,0,0,1,0,0,0,0,,,,2,6,1
LG,0,0,0,0,0,1,0,0,0,,,,1,6,0
NC,0,0,0,0,0,0,0,1,1,,,,2,10,0
kt,0,0,0,0,1,1,0,0,1,,,,3,8,0
왍,0,0,0,1,0,1,0,0,0,,,,2,7,1
온,0,8,2,1,0,0,0,4,,,,,15,14,1
SK,0,1,0,0,0,0,0,0,0,,,,1,4,1
KIA,0,0,2,0,0,0,0,0,,,,,2,6,0
庸,0,0,1,1,1,0,0,0,0,,,,3,10,1
,1,1,0,0,0,2,1,1,,,,,6,15,0
홛,0,1,0,0,0,0,0,1,0,,,,2,7,1
LG,3,1,0,0,0,0,2,0,,,,,6,12,0
NC,0,1,0,0,1,0,0,0,1,,,,3,11,1
kt,3,2,1,0,0,0,5,7,,,,,18,25,1
왍,0,0,1,0,0,1,0,0,0,5,,,7,10,0
온,0,0,1,1,0,0,0,0,0,4,,,6,10,2
SK,0,0,1,2,0,0,0,0,0,,,,3,7,0
KIA,1,0,2,1,2,1,0,1,,,,,8,13,1
庸,1,0,0,0,0,0,0,3,0,,,,4,10,0
,0,1,1,0,0,1,0,0,0,,,,3,12,0
kt,1,0,0,0,3,0,0,0,1,,,,5,4,0
KIA,0,0,5,3,0,0,0,0,,,,,8,14,1
온,2,0,0,0,0,2,0,0,0,,,,4,11,5
庸,0,0,0,0,0,0,5,5,,,,,10,12,0
NC,0,0,1,0,0,0,0,0,0,,,,1,7,0
LG,0,0,0,1,0,2,3,0,,,,,6,15,0
왍,0,1,0,0,0,0,2,4,0,0,0,,7,12,2
홛,0,0,5,1,0,0,0,0,1,0,1,,8,11,0
,2,1,1,0,0,0,3,2,1,,,,10,15,0
SK,0,0,0,3,0,0,0,1,0,,,,4,6,2
kt,0,0,3,0,0,1,0,0,5,,,,9,10,1
KIA,5,0,0,0,0,2,1,0,0,,,,8,17,1
온,1,0,0,0,3,0,0,0,0,,,,4,8,0
庸,0,0,2,0,4,0,0,0,,,,,6,11,1
NC,2,0,0,0,0,0,0,0,0,,,,2,5,2
LG,4,1,6,0,0,0,0,1,,,,,12,15,0
왍,0,1,0,2,0,0,0,0,0,,,,3,6,2
홛,1,1,1,0,0,0,2,0,,,,,5,9,0
,0,0,0,1,0,0,1,0,0,,,,2,7,1
SK,2,0,3,0,0,0,5,3,,,,,13,16,1
kt,2,0,2,2,6,0,0,0,1,,,,13,19,0
KIA,0,0,0,0,0,0,0,0,1,,,,1,7,6
온,0,0,0,1,0,0,0,1,0,,,,2,10,0
庸,0,0,0,2,3,0,3,1,,,,,9,14,0
NC,0,0,0,0,0,0,0,0,0,,,,0,4,0
LG,0,0,4,0,0,0,0,0,,,,,4,8,0
왍,1,0,0,1,0,3,2,0,0,,,,7,12,3
홛,0,0,0,0,0,0,0,0,1,,,,1,9,0
,0,1,0,0,0,0,0,0,0,,,,1,7,2
SK,0,0,2,1,0,0,0,0,,,,,3,9,0
홛,0,0,1,0,0,0,0,0,0,,,,1,3,0
SK,0,0,0,1,0,0,2,2,,,,,5,9,0
KIA,3,0,0,1,7,2,0,0,1,,,,14,14,0
NC,0,0,0,1,1,0,0,0,0,,,,2,12,0
LG,2,1,1,0,0,3,0,0,0,,,,7,12,0
kt,3,0,0,1,4,3,0,2,,,,,13,14,0
온,0,1,0,1,0,0,0,0,0,,,,2,7,0
,0,2,5,0,0,0,5,1,,,,,13,15,1
庸,1,0,0,0,0,1,1,3,0,,,,6,10,0
왍,0,0,0,0,0,0,0,0,1,,,,1,5,0
홛,1,0,0,0,0,0,1,0,0,,,,2,7,1
SK,1,2,2,1,0,1,0,0,,,,,7,14,0
KIA,0,0,0,0,0,0,0,0,0,,,,0,7,0
NC,0,0,0,2,0,0,3,0,,,,,5,11,0
LG,0,1,0,1,2,0,0,1,0,,,,5,9,0
kt,0,0,0,0,0,0,0,0,0,,,,0,3,0
온,2,0,0,0,0,0,0,0,0,,,,2,7,1
,2,0,1,0,0,0,0,0,,,,,3,10,0
庸,0,0,1,0,0,0,0,0,0,,,,1,7,2
왍,1,2,2,0,0,1,0,0,,,,,6,10,0
홛,2,0,1,0,0,0,0,1,0,3,,,7,14,1
SK,0,0,0,0,2,2,0,0,0,1,,,5,14,5
KIA,0,2,2,0,1,0,2,2,3,,,,12,17,0
NC,0,0,0,0,0,0,1,0,0,,,,1,4,1
LG,2,0,0,4,0,0,0,0,1,,,,7,15,0
kt,1,1,0,1,1,2,2,0,,,,,8,9,0
온,3,0,0,0,0,3,0,0,0,,,,6,7,1
,0,0,0,1,3,0,0,0,0,,,,4,9,0
庸,0,0,0,0,0,1,0,1,0,,,,2,8,1
왍,3,1,1,0,0,0,3,0,,,,,8,11,1
kt,8,0,2,0,2,0,1,0,1,,,,14,21,2
庸,1,1,0,0,0,1,1,0,0,,,,4,11,0
LG,0,0,0,0,0,2,0,0,3,,,,5,13,0
온,0,0,2,0,1,0,0,0,0,,,,3,9,0
NC,0,1,0,0,0,0,0,1,0,,,,2,9,1
홛,0,2,0,0,1,1,3,0,,,,,7,8,0
,3,1,2,0,4,1,1,0,0,,,,12,18,0
KIA,0,2,0,2,0,1,0,1,2,,,,8,10,1
kt,0,0,2,0,1,0,0,0,0,,,,3,9,1
庸,1,0,2,0,0,0,1,0,,,,,4,6,0
LG,2,2,0,0,0,3,0,8,0,,,,15,17,1
온,0,0,0,0,0,4,0,1,0,,,,5,11,2
NC,2,0,0,1,1,0,0,0,0,,,,4,8,4
홛,0,8,0,1,0,0,0,1,,,,,10,15,2
SK,0,0,0,0,2,1,0,0,0,,,,3,7,0
왍,4,2,0,0,0,2,1,2,,,,,11,13,0
,0,0,0,1,1,3,0,1,0,,,,6,13,0
KIA,0,0,1,0,0,0,0,0,0,,,,1,10,0
kt,0,0,0,0,0,0,0,0,0,,,,0,5,2
庸,1,1,0,0,0,2,1,1,,,,,6,10,0
LG,1,0,4,0,1,1,0,0,4,,,,11,13,0
온,5,1,0,1,0,2,1,0,0,,,,10,11,1
NC,0,0,0,5,0,0,0,0,0,,,,5,9,2
홛,0,0,0,2,0,2,0,0,0,,,,4,5,1
SK,0,0,0,1,0,1,0,2,0,,,,4,7,1
왍,1,1,0,0,0,0,0,0,4,,,,6,11,1
,0,0,0,0,0,0,0,0,0,,,,0,3,1
KIA,1,1,0,1,1,0,0,1,,,,,5,10,0
홛,0,0,0,2,2,1,0,4,4,,,,13,14,0
온,1,1,4,0,0,0,0,0,0,,,,6,11,4
kt,0,0,1,0,0,0,0,0,0,,,,1,8,1
SK,0,2,0,2,1,1,1,1,,,,,8,14,0
왍,0,1,0,0,0,0,1,2,1,,,,5,10,0
KIA,0,0,0,0,0,2,1,0,0,,,,3,7,0
庸,3,0,0,1,0,0,0,1,0,,,,5,7,0
NC,0,0,0,0,0,0,0,1,2,,,,3,8,1
,0,1,0,0,0,0,0,0,0,,,,1,6,0
LG,0,3,0,0,0,0,0,0,,,,,3,8,0
홛,0,0,1,0,0,0,1,0,1,,,,3,10,0
온,0,1,0,0,0,0,0,1,0,,,,2,11,1
kt,0,0,0,0,0,1,0,0,0,,,,1,8,1
SK,0,0,0,1,2,3,0,0,,,,,6,10,1
왍,0,1,0,2,2,1,1,0,3,,,,10,17,0
KIA,0,0,0,0,0,0,0,0,0,,,,0,5,0
庸,0,0,3,0,1,1,0,0,1,,,,6,12,0
NC,0,1,0,1,0,1,0,1,0,,,,4,10,0
,1,0,0,0,0,1,0,4,0,,,,6,16,1
LG,0,1,5,2,0,0,0,2,,,,,10,10,2
홛,0,0,0,0,0,0,0,0,0,,,,0,6,1
온,0,1,0,0,0,2,3,0,,,,,6,10,1
kt,0,1,0,1,4,0,0,0,0,,,,6,9,0
SK,0,2,0,0,0,0,0,0,1,,,,3,9,1
왍,0,0,0,3,2,1,3,2,0,0,,,11,15,1
KIA,0,0,6,3,0,0,0,2,0,1,,,12,17,1
庸,2,0,0,0,0,5,0,0,1,,,,8,10,0
NC,0,0,0,0,3,0,1,1,2,,,,7,13,0
,0,0,0,0,0,0,0,0,0,,,,0,3,0
LG,1,0,2,0,0,0,0,5,,,,,8,12,1
홛,0,0,0,0,0,1,1,0,1,,,,3,7,0
LG,2,0,2,3,0,0,0,0,,,,,7,17,1
KIA,0,0,0,0,1,2,6,2,0,,,,11,15,0
kt,1,0,0,0,0,0,1,0,0,,,,2,9,2
온,0,1,0,3,3,4,1,0,0,,,,12,13,1
NC,0,0,0,0,0,2,0,4,0,,,,6,5,1
왍,1,0,3,0,0,0,1,1,0,,,,6,12,1
,2,0,0,1,4,1,4,1,,,,,13,17,0
庸,0,0,0,0,0,0,0,2,0,,,,2,4,0
SK,3,0,0,0,0,1,2,0,,,,,6,9,0
홛,1,1,0,0,0,0,3,0,0,,,,5,9,1
LG,0,0,0,0,0,0,0,1,0,,,,1,6,0
KIA,1,0,0,0,0,0,3,1,0,,,,5,8,0
kt,0,0,0,1,1,0,0,0,0,,,,2,6,1
온,6,0,0,1,1,2,0,0,0,,,,10,13,0
NC,1,0,1,0,0,0,0,1,2,,,,5,9,0
왍,2,2,1,1,0,0,0,1,0,,,,7,13,0
,0,0,0,0,1,1,0,0,1,,,,3,9,2
庸,0,0,2,0,0,0,0,0,0,,,,2,11,0
SK,0,1,3,2,1,0,0,0,,,,,7,9,0
홛,2,2,1,0,0,0,0,0,0,,,,5,13,2
LG,0,2,2,0,0,0,0,2,,,,,6,12,1
KIA,0,1,1,0,0,0,0,0,0,,,,2,7,3
kt,0,0,0,0,0,0,0,0,1,,,,1,4,1
온,0,0,0,0,0,4,0,0,0,,,,4,11,1
NC,1,1,0,1,0,0,0,2,,,,,5,9,0
왍,0,1,0,0,0,0,2,0,0,,,,3,7,0
,0,0,0,0,0,0,0,0,0,,,,0,5,1
庸,0,1,0,0,3,0,2,0,0,,,,6,11,0
SK,0,0,1,0,0,0,0,1,0,,,,2,6,0
KIA,1,0,0,0,0,0,0,1,4,,,,6,12,1
온,0,0,0,4,1,1,3,0,,,,,9,14,0
LG,0,0,5,0,0,2,0,0,2,,,,9,13,2
庸,0,0,0,0,2,0,3,0,0,,,,5,11,0
NC,0,0,1,0,0,0,0,0,0,,,,1,7,0
왍,0,0,0,2,0,0,0,4,,,,,6,9,0
SK,1,0,0,0,2,2,0,0,0,,,,5,8,1
홛,1,0,3,0,2,0,1,0,,,,,7,11,1
,2,0,0,2,0,0,5,0,2,,,,11,15,1
kt,3,1,1,0,0,0,0,0,0,,,,5,10,1
KIA,1,0,1,2,0,0,0,0,3,,,,7,11,1
온,2,0,0,0,0,0,0,0,3,,,,5,12,0
LG,0,0,0,0,0,0,0,6,0,,,,6,10,0
庸,0,0,0,0,0,0,0,0,0,,,,0,5,0
NC,0,0,0,0,0,0,0,0,0,,,,0,4,0
왍,0,0,0,0,0,0,0,3,,,,,3,7,0
SK,0,0,1,0,0,0,0,0,0,3,,,4,8,1
홛,0,0,0,1,0,0,0,0,0,1,,,2,7,0
,0,0,0,1,0,0,0,0,1,,,,2,8,0
kt,2,3,0,0,0,0,0,0,,,,,5,7,1
LG,0,0,0,0,1,2,0,0,0,,,,3,7,2
庸,4,0,1,0,0,2,5,0,,,,,12,13,2
NC,0,0,0,0,0,0,0,0,3,,,,3,4,1
왍,1,1,0,0,0,0,0,0,4,,,,6,6,2
SK,2,0,0,0,0,0,0,0,1,,,,3,9,0
홛,0,0,1,1,1,0,0,0,1,,,,4,10,0
,2,2,0,0,2,0,0,0,0,,,,6,13,1
kt,1,0,0,0,0,0,0,0,0,,,,1,5,1
홛,1,0,0,0,0,1,0,3,1,,,,6,11,1
,1,0,0,1,0,0,0,0,0,,,,2,5,2
kt,0,0,0,1,0,1,0,0,0,,,,2,7,1
왍,1,1,0,0,0,0,0,0,1,,,,3,7,0
LG,1,1,1,0,0,0,0,0,1,,,,4,7,0
NC,4,3,0,0,0,0,1,0,,,,,8,6,0
SK,0,0,0,0,0,0,0,0,0,,,,0,6,0
KIA,0,0,0,0,0,1,0,3,,,,,4,6,0
庸,0,0,0,0,0,3,0,1,0,,,,4,11,1
온,1,0,1,0,0,0,0,0,0,,,,2,8,1
홛,1,0,0,0,0,0,0,1,0,,,,2,6,0
,0,0,0,0,0,4,0,0,,,,,4,9,1
kt,1,0,0,0,1,0,1,1,0,,,,4,10,0
왍,1,0,0,0,0,2,1,2,,,,,6,14,1
LG,0,0,0,0,0,3,0,0,0,,,,3,6,0
NC,1,0,4,1,0,0,0,0,,,,,6,8,0
SK,2,0,3,0,0,0,0,0,0,,,,5,10,1
KIA,0,2,0,0,0,1,1,0,0,,,,4,5,0
庸,2,0,2,0,0,0,4,0,1,0,0,,9,12,0
온,3,3,2,0,0,1,0,0,0,0,1,,10,11,0
홛,0,1,0,2,1,0,2,0,3,,,,9,9,0
,0,0,1,0,1,0,0,0,6,,,,8,12,0
kt,4,0,0,0,0,2,0,1,1,,,,8,11,0
왍,0,7,0,0,0,0,0,2,,,,,9,9,0
LG,0,4,0,1,0,0,2,0,0,,,,7,9,1
NC,6,2,2,0,0,0,1,0,,,,,11,15,1
SK,3,0,0,0,0,0,3,0,3,,,,9,12,0
KIA,0,0,0,2,0,0,0,0,0,,,,2,5,1
庸,0,2,0,1,0,5,3,0,0,,,,11,12,1
온,1,1,1,4,2,0,0,0,0,,,,9,11,0
KIA,0,0,0,0,0,0,0,1,2,,,,3,10,2
LG,1,0,1,0,0,0,0,1,1,,,,4,9,0
kt,0,3,0,0,0,1,0,0,0,,,,4,6,0
NC,2,0,0,0,0,1,0,2,,,,,5,14,3
온,0,0,1,2,0,3,6,0,2,,,,14,18,0
SK,1,0,1,0,2,0,0,1,1,,,,6,8,2
왍,2,0,1,6,0,1,0,0,3,,,,13,21,1
홛,0,0,0,0,0,0,3,0,1,,,,4,6,0
庸,0,0,0,1,0,0,0,0,1,,,,2,5,0
,5,1,0,2,0,0,0,1,,,,,9,14,1
KIA,0,2,0,0,0,1,0,0,0,,,,3,9,0
LG,0,0,0,1,1,0,1,0,1,,,,4,12,0
kt,0,1,0,0,0,0,0,0,0,,,,1,4,2
NC,0,0,1,0,0,0,3,1,,,,,5,10,0
온,0,1,0,0,0,1,4,3,0,,,,9,10,0
SK,0,0,0,0,0,1,0,2,0,,,,3,7,0
왍,0,0,0,1,1,2,1,0,3,,,,8,13,1
홛,0,0,0,1,0,2,0,0,0,,,,3,10,0
庸,0,0,0,0,1,0,0,0,0,,,,1,7,1
,0,0,0,4,4,0,1,0,,,,,9,13,0
KIA,0,0,2,1,0,0,1,2,0,,,,6,9,0
LG,2,4,0,0,0,3,0,0,,,,,9,12,0
kt,0,0,0,0,2,1,0,1,1,,,,5,11,0
NC,1,0,0,0,0,0,2,1,0,,,,4,8,0
온,2,4,4,1,0,0,1,1,0,,,,13,16,1
SK,0,0,1,0,0,3,1,2,0,,,,7,11,1
왍,0,1,2,1,0,0,0,1,1,,,,6,11,2
홛,1,4,1,1,3,0,0,1,,,,,11,13,0
庸,0,0,0,0,1,1,0,3,3,,,,8,15,1
,0,7,0,0,1,0,1,3,,,,,12,14,0
LG,0,0,3,0,0,1,0,0,0,,,,4,11,0
홛,0,0,0,0,0,0,0,0,0,,,,0,4,0
온,0,0,1,2,3,1,0,1,1,,,,9,14,0
kt,1,0,0,0,0,5,1,0,0,,,,7,11,0
SK,0,0,0,0,6,6,4,1,,,,,,,
庸,0,6,0,0,0,6,8,0,,,,,,,
,0,0,1,0,0,1,3,0,0,1,,,6,10,2
왍,1,0,1,0,0,2,1,0,0,0,,,5,8,0
LG,1,0,2,1,2,1,0,0,0,,,,7,12,1
홛,2,0,0,7,2,0,0,0,,,,,11,13,1
온,1,3,0,5,0,0,0,0,2,,,,11,18,1
kt,0,0,1,1,0,0,0,1,1,,,,4,11,0
NC,0,0,3,1,0,0,0,0,1,,,,5,13,0
KIA,0,0,0,1,0,0,0,5,,,,,6,10,0
SK,0,4,0,0,0,0,0,0,0,,,,4,10,1
庸,0,1,0,0,0,0,2,3,,,,,6,6,1
,0,6,0,0,0,0,2,0,0,,,,8,10,1
왍,0,0,0,3,2,0,0,0,0,,,,5,12,0
LG,2,1,1,1,0,1,0,0,0,,,,6,12,0
홛,0,1,2,1,0,0,0,2,3,,,,9,14,1
온,0,0,0,0,0,2,0,0,1,2,0,0,5,9,0
kt,0,0,1,0,1,0,0,1,0,2,0,0,5,11,1
NC,0,2,4,0,0,1,0,0,0,,,,7,7,0
KIA,1,0,3,0,0,0,0,0,0,,,,4,6,0
SK,1,0,3,0,0,0,0,0,1,,,,5,8,0
庸,1,0,0,0,0,0,0,0,0,,,,1,5,3
,0,0,0,1,0,0,1,0,1,,,,3,7,1
왍,1,0,2,1,1,0,4,0,,,,,9,15,0
홛,0,0,0,0,0,1,0,4,0,,,,5,9,0
NC,0,0,0,0,0,0,0,0,0,,,,0,1,0
KIA,0,0,4,2,0,0,1,0,1,,,,8,12,0
,0,0,0,1,0,2,1,0,1,,,,5,10,0
온,0,0,1,0,0,0,0,0,0,,,,1,5,0
LG,0,0,0,2,0,0,0,0,,,,,2,4,1
왍,3,3,0,0,0,0,3,0,5,,,,14,17,0
庸,6,1,0,3,6,0,0,0,,,,,16,16,0
SK,4,0,0,1,0,0,3,3,2,,,,13,18,2
kt,0,1,1,1,2,0,4,0,0,,,,9,14,0
홛,0,0,1,1,0,0,5,1,0,,,,8,13,0
NC,0,0,0,1,0,0,0,0,0,,,,1,5,2
KIA,0,0,0,2,0,0,0,2,0,,,,4,8,2
,0,0,0,2,2,2,0,3,,,,,9,14,2
온,2,0,2,3,0,1,0,0,0,,,,8,14,2
LG,1,0,1,9,0,1,3,3,,,,,18,19,0
왍,0,0,0,0,2,0,5,1,3,,,,11,17,1
庸,0,0,0,0,2,2,0,0,0,,,,4,9,0
SK,0,3,1,2,0,0,0,1,0,,,,7,6,0
kt,0,0,1,1,1,1,0,0,0,,,,4,10,0
홛,0,0,1,0,0,0,0,4,0,,,,5,9,0
NC,0,1,0,0,1,0,0,1,0,,,,3,11,0
KIA,1,0,4,0,0,0,2,7,0,,,,14,14,0
,2,0,5,0,1,0,2,0,0,,,,10,14,1
온,0,0,0,0,0,1,1,0,0,0,0,0,2,6,2
LG,0,1,0,0,0,0,1,0,0,0,0,0,2,6,1
왍,0,2,1,0,1,4,2,2,0,,,,12,17,2
庸,1,0,0,0,0,1,4,1,0,,,,7,14,0
SK,0,0,0,0,0,0,0,0,0,,,,0,5,0
kt,2,0,0,0,2,0,0,0,,,,,4,8,0
왍,3,0,0,0,0,0,1,0,0,,,,4,9,1
NC,0,0,0,1,3,0,1,0,,,,,5,11,0
庸,0,0,5,0,2,4,2,0,0,,,,13,15,0
홛,0,0,0,0,0,1,0,1,,,,,2,7,1
,6,0,1,0,0,0,0,0,2,,,,9,11,0
온,0,1,0,0,1,0,0,1,0,,,,3,8,0
KIA,0,0,0,0,0,1,0,1,0,,,,2,8,0
SK,0,0,1,0,0,0,1,1,,,,,3,6,0
kt,0,0,0,0,0,2,0,0,0,,,,2,6,2
LG,0,0,1,0,5,0,1,0,,,,,7,12,0
왍,0,0,4,1,0,0,1,0,0,,,,6,8,0
NC,0,2,1,0,0,0,0,0,0,,,,3,7,2
庸,0,0,0,0,0,0,0,0,0,,,,0,7,1
홛,2,0,0,0,0,0,2,0,,,,,4,9,1
,0,0,0,1,1,0,3,0,1,0,2,0,8,12,3
온,0,0,0,1,1,0,0,4,0,0,2,1,9,13,2
왍,0,6,0,3,0,0,0,0,0,,,,9,9,0
NC,0,0,0,0,0,0,0,0,0,,,,0,8,0
庸,1,0,0,0,0,0,0,0,2,,,,3,10,3
홛,0,0,0,1,0,0,6,1,,,,,8,6,0
,3,2,0,0,1,0,0,0,0,,,,6,10,2
온,0,0,0,0,1,3,4,0,,,,,8,11,2
KIA,0,0,0,1,0,0,0,3,0,3,,,7,14,0
왍,2,0,0,0,0,2,0,0,0,0,,,4,12,1
LG,0,1,0,0,0,0,0,0,0,,,,1,5,2
SK,0,2,1,4,2,0,0,1,,,,,10,9,0
온,0,0,0,0,2,0,0,0,0,,,,2,4,1
홛,1,0,0,0,1,3,0,0,,,,,5,5,0
NC,2,0,0,0,0,0,0,1,0,,,,3,9,1
kt,3,1,0,0,1,0,0,2,,,,,7,13,0
,0,0,0,5,2,0,1,0,0,,,,8,10,0
庸,2,0,0,1,0,0,1,1,2,,,,7,11,1
KIA,0,0,0,0,0,0,0,2,0,,,,2,5,2
왍,7,0,2,2,1,0,0,0,,,,,12,17,0
LG,0,2,0,0,0,1,0,0,0,,,,3,6,2
SK,0,0,1,1,0,0,0,1,3,,,,6,9,0
온,0,2,0,1,0,0,0,2,0,,,,5,6,1
홛,2,0,0,0,0,0,0,1,3,,,,6,8,1
NC,0,0,0,0,0,0,0,2,0,,,,,,
kt,0,0,0,0,1,,1,2,0,,,,,,
,0,0,1,2,0,0,0,0,0,,,,3,8,0
庸,0,0,0,0,0,0,0,1,0,,,,1,7,0
홛,0,1,0,1,0,0,0,0,0,,,,2,5,2
KIA,2,1,1,3,1,1,0,0,,,,,9,14,0
NC,0,0,3,0,0,0,0,0,3,7,,,13,18,1
LG,0,2,0,0,2,0,0,0,2,0,,,6,15,1
SK,0,0,1,0,6,0,2,0,0,,,,9,11,1
,0,0,2,0,0,1,0,0,0,,,,3,8,0
홛,2,0,0,2,0,0,0,0,0,,,,4,10,1
KIA,0,0,0,2,0,2,2,0,,,,,6,11,1
NC,0,1,0,1,0,1,0,0,0,,,,3,5,1
LG,1,4,1,3,0,3,0,1,,,,,13,13,0
왍,2,0,0,0,0,3,0,0,2,,,,7,13,0
온,0,0,1,0,1,0,0,1,1,,,,4,9,1
SK,0,0,0,0,0,0,0,1,4,1,0,0,6,15,0
,1,0,0,1,1,0,0,0,2,1,0,1,7,13,0
庸,0,0,0,4,0,1,0,0,0,,,,5,13,1
kt,1,4,0,1,0,0,0,0,,,,,6,13,1
홛,0,3,0,0,0,0,2,3,0,,,,8,13,0
KIA,0,0,0,2,0,0,0,0,0,,,,2,5,0
NC,0,1,0,0,0,0,4,0,0,,,,5,13,1
LG,0,2,0,0,0,1,0,0,0,,,,3,7,0
왍,0,0,0,5,1,0,1,2,0,,,,9,14,0
온,0,0,0,0,0,0,0,2,0,,,,2,10,0
SK,0,0,0,0,0,0,0,2,0,,,,2,9,1
,0,0,0,3,0,0,0,0,,,,,3,6,0
庸,1,0,0,0,0,1,0,0,0,0,0,0,2,6,0
kt,0,1,1,0,0,0,0,0,0,0,0,0,2,9,0
홛,0,0,0,0,0,0,0,0,0,,,,0,4,0
SK,1,2,1,0,0,2,0,0,,,,,6,12,2
kt,2,1,2,0,3,0,1,0,0,,,,9,13,1
온,0,2,0,0,4,1,4,0,,,,,11,18,1
LG,0,3,0,0,1,0,0,0,0,,,,4,8,2
KIA,7,1,1,0,0,0,0,4,,,,,13,14,0
NC,0,0,0,0,0,1,0,0,1,,,,2,5,1
,1,2,0,0,0,1,2,0,,,,,6,8,0
庸,5,0,1,0,0,0,0,0,0,,,,6,11,1
왍,0,1,0,7,0,2,1,2,,,,,13,20,2
홛,0,0,0,0,0,4,0,0,0,,,,4,8,0
SK,0,0,1,0,0,0,4,0,,,,,5,8,0
kt,2,1,3,2,0,1,0,0,0,,,,9,15,1
온,0,0,0,1,0,0,0,0,0,,,,1,5,1
LG,0,0,4,0,3,0,1,5,0,,,,13,14,0
KIA,0,0,1,5,0,0,3,1,0,,,,10,17,2
NC,0,1,1,0,2,0,0,0,0,,,,4,12,0
,1,0,1,1,0,3,0,0,,,,,6,10,2
庸,0,0,0,0,0,0,3,0,0,,,,3,10,0
왍,0,0,0,1,2,0,5,0,,,,,8,9,1
홛,0,4,0,0,0,0,0,0,1,,,,5,8,0
SK,0,0,0,0,0,2,0,0,0,,,,2,6,0
kt,1,0,0,0,4,0,0,0,0,,,,5,10,1
온,0,0,0,5,1,4,0,0,,,,,10,13,0
LG,0,3,1,1,0,0,1,0,2,,,,8,17,0
KIA,1,0,0,0,0,0,0,0,0,,,,1,5,0
NC,0,0,0,0,0,0,1,1,0,,,,2,8,0
,0,0,1,0,0,0,0,0,0,,,,1,7,0
庸,0,0,0,6,0,2,2,1,0,,,,11,19,1
왍,0,0,0,1,0,0,0,0,0,,,,1,11,0
KIA,2,2,0,0,0,0,0,2,0,,,,6,10,0
NC,0,1,4,3,0,0,0,0,,,,,8,7,1
온,1,0,0,2,0,0,0,0,0,,,,3,10,0
庸,0,2,0,1,0,3,0,0,,,,,6,9,0
왍,1,0,0,0,0,0,0,0,0,,,,1,6,0
kt,0,0,7,0,0,0,2,0,,,,,9,10,0
SK,0,3,4,1,0,0,2,0,0,,,,10,16,1
LG,0,1,2,0,0,0,0,0,0,,,,3,8,1
,0,0,1,0,0,0,0,0,0,,,,1,6,0
홛,0,0,1,0,0,0,0,3,,,,,4,10,0
KIA,0,0,0,0,0,0,0,0,1,,,,1,3,3
NC,0,0,0,0,0,1,3,1,,,,,5,8,1
온,2,0,0,0,0,0,0,0,0,,,,2,9,1
庸,0,0,0,2,0,1,1,0,,,,,4,10,0
왍,1,1,1,0,0,0,0,0,3,,,,6,13,0
kt,0,0,0,0,0,0,0,0,0,,,,0,6,0
SK,0,0,0,0,0,1,0,0,0,,,,1,5,0
LG,0,2,0,0,1,0,0,0,,,,,3,7,0
,0,3,1,9,1,1,4,0,3,,,,22,15,3
홛,0,0,0,2,2,0,0,0,4,,,,8,15,1
KIA,0,1,0,0,0,1,0,1,0,,,,3,9,0
NC,0,1,2,0,0,1,0,0,,,,,4,6,0
온,0,2,0,1,0,0,0,0,1,,,,4,11,1
庸,1,1,0,2,1,2,1,0,,,,,8,13,1
왍,0,0,0,1,0,0,1,0,2,,,,4,8,0
kt,1,6,1,1,0,2,0,0,,,,,11,14,0
SK,1,0,2,0,1,3,0,0,0,,,,7,9,0
LG,0,0,0,3,0,0,1,0,0,,,,4,5,1
,0,0,1,0,0,0,0,0,0,,,,1,5,1
홛,0,2,0,0,0,1,1,0,,,,,4,12,1
홛,1,0,0,0,5,0,0,2,0,,,,8,12,1
kt,0,0,0,0,1,0,0,0,0,,,,1,8,1
LG,2,1,0,1,0,1,0,0,4,,,,9,16,0
,2,0,0,0,0,0,0,0,1,,,,3,9,3
온,1,0,6,0,0,1,0,2,2,,,,12,17,0
왍,1,0,0,2,0,2,0,0,1,,,,6,12,0
NC,0,0,0,0,2,0,2,0,0,,,,4,12,2
SK,1,0,2,0,1,1,2,3,,,,,10,10,0
庸,1,1,1,0,0,0,0,0,0,,,,3,9,0
KIA,0,0,0,2,0,0,1,3,,,,,6,10,0
홛,0,0,0,1,0,0,1,0,0,0,0,0,2,13,0
kt,0,1,0,0,0,0,1,0,0,0,0,2,4,13,0
LG,3,0,0,0,0,0,0,4,1,,,,8,11,0
,0,2,2,0,2,0,0,0,1,,,,7,11,1
온,0,0,0,1,0,0,0,1,2,,,,4,8,0
왍,0,0,0,0,1,1,0,3,,,,,5,9,1
NC,0,3,0,0,0,0,1,0,0,,,,4,8,1
SK,2,0,0,0,0,1,0,0,0,,,,3,13,0
庸,1,0,0,2,3,0,0,1,0,,,,7,13,0
KIA,0,1,0,0,0,0,0,0,0,,,,1,5,3
홛,1,4,0,0,1,0,0,1,0,,,,7,15,1
kt,1,2,3,0,0,0,2,0,,,,,8,10,2
LG,0,0,7,0,0,0,1,0,0,,,,8,13,0
,0,1,0,0,0,1,0,1,0,,,,3,6,1
온,0,0,0,0,1,0,0,0,0,,,,1,6,0
왍,1,0,1,0,0,1,0,4,,,,,7,14,0
NC,0,0,0,0,0,0,0,0,0,,,,0,7,0
SK,0,1,0,1,0,1,0,0,,,,,3,10,1
庸,1,0,3,1,0,0,0,1,0,,,,6,11,1
KIA,0,0,2,0,0,0,0,0,0,,,,2,11,0
홛,0,0,0,0,0,1,0,0,0,,,,1,7,0
庸,0,0,0,0,0,0,0,0,0,,,,0,4,0
kt,1,0,0,1,0,1,0,1,0,,,,4,7,1
KIA,2,0,0,0,0,0,3,1,,,,,6,10,0
왍,1,0,0,0,0,2,1,0,0,0,0,1,5,19,0
LG,2,0,0,2,0,0,0,0,0,0,0,0,4,12,1
SK,2,0,2,0,0,0,0,0,2,,,,6,10,1
온,0,2,0,0,0,0,0,0,0,,,,2,5,0
,0,0,1,0,1,1,2,3,0,,,,8,14,0
NC,0,0,3,0,1,3,0,3,,,,,10,12,0
홛,0,0,0,0,0,0,0,3,0,,,,3,10,2
庸,0,0,0,0,3,0,0,0,1,,,,4,10,0
kt,0,0,1,0,0,1,0,0,0,,,,2,8,0
KIA,3,0,0,0,0,0,0,5,,,,,8,12,0
왍,0,1,0,0,0,2,8,5,1,,,,17,23,0
LG,3,0,4,1,0,0,2,0,0,,,,10,16,4
SK,0,2,0,0,1,0,1,0,0,,,,4,12,0
온,0,0,0,0,1,0,0,1,1,,,,3,11,1
,0,0,1,3,1,1,0,0,0,,,,6,10,0
NC,1,1,0,0,0,0,0,0,1,,,,3,7,1
홛,2,0,0,2,0,0,0,0,0,,,,4,7,1
庸,0,0,0,0,0,2,0,2,1,,,,5,7,1
kt,0,1,0,0,2,1,2,0,0,,,,6,9,1
KIA,3,0,0,1,0,0,0,0,1,,,,5,12,0
왍,0,0,0,0,0,0,2,1,3,,,,6,9,0
LG,1,0,0,0,0,0,0,0,0,,,,1,2,1
SK,1,0,0,1,1,0,0,1,0,,,,4,10,1
온,2,0,4,0,5,0,1,0,,,,,12,14,0
,1,0,0,0,0,1,2,0,2,,,,6,8,1
NC,0,0,2,0,0,0,1,0,0,,,,3,8,1
KIA,0,0,0,0,0,0,0,0,0,,,,0,4,1
홛,0,3,1,0,1,0,0,0,,,,,5,9,1
kt,0,0,3,1,0,0,0,4,1,,,,9,12,1
,0,0,0,0,1,0,5,0,0,,,,6,11,0
NC,0,0,0,1,0,0,0,0,1,0,0,1,3,10,0
온,0,0,0,0,2,0,0,0,0,0,0,0,2,7,1
왍,0,0,0,0,0,1,0,0,0,,,,1,4,1
SK,0,0,0,1,0,0,1,1,,,,,3,9,1
庸,3,2,0,0,2,4,0,0,0,,,,11,11,0
LG,0,0,0,0,0,0,1,0,0,,,,1,8,0
KIA,4,0,2,0,1,0,2,2,0,,,,11,13,0
홛,1,2,0,0,0,0,0,0,0,,,,3,10,2
kt,3,0,0,0,0,0,0,0,0,,,,3,9,1
,2,0,0,2,0,2,1,0,,,,,7,10,0
NC,5,0,3,1,0,0,0,0,0,,,,9,12,1
온,0,3,1,1,0,0,0,1,0,,,,6,15,1
왍,0,0,1,0,2,0,0,2,0,,,,5,11,0
SK,4,3,1,0,3,0,0,0,,,,,11,15,1
庸,0,0,1,0,0,0,0,0,0,,,,1,7,1
LG,0,0,0,0,0,0,0,0,0,,,,0,7,1
KIA,2,0,0,1,0,0,0,0,0,,,,3,5,1
홛,0,0,4,2,0,0,0,0,,,,,6,11,0
kt,0,1,0,0,4,2,0,0,0,,,,7,8,1
,0,0,0,0,0,0,2,2,0,,,,4,9,3
NC,0,0,0,0,0,1,0,0,0,,,,1,6,1
온,2,1,3,1,0,2,2,2,,,,,13,15,0
왍,0,0,0,0,1,0,0,0,2,,,,3,7,2
SK,0,0,0,5,0,2,0,1,,,,,8,14,2
庸,0,3,2,0,0,0,0,0,0,,,,5,12,0
LG,0,0,3,0,1,0,0,0,3,,,,7,9,1
홛,0,1,0,6,0,0,4,1,4,,,,16,15,0
왍,0,1,0,2,1,2,0,0,1,,,,7,16,0
KIA,4,0,0,0,2,2,0,0,0,0,2,,10,20,0
庸,2,0,0,0,3,0,3,0,0,0,3,,11,24,0
LG,0,0,0,1,0,2,2,0,2,,,,7,12,1
kt,3,0,2,3,0,0,0,1,,,,,9,11,1
온,0,4,1,1,1,1,1,0,0,,,,9,13,0
,0,1,0,0,0,1,0,0,0,,,,2,9,1
SK,0,0,0,0,0,0,0,0,0,,,,0,2,1
NC,0,0,0,0,0,0,0,0,1,,,,1,7,1
홛,1,0,2,0,0,0,2,0,1,,,,6,15,1
왍,2,0,2,1,2,0,2,4,,,,,13,15,1
KIA,0,0,0,0,0,2,0,0,0,,,,2,7,1
庸,0,1,0,0,2,0,0,0,,,,,3,9,1
LG,0,0,0,1,6,1,0,2,0,,,,10,21,1
kt,1,0,4,1,0,1,0,2,2,,,,11,11,2
온,0,0,0,0,0,3,1,5,2,,,,11,15,5
,1,0,0,0,2,0,1,3,0,,,,7,8,1
SK,1,2,0,0,2,0,0,0,2,,,,7,13,1
NC,0,0,0,2,0,0,0,1,0,,,,3,7,2
홛,0,0,0,0,1,0,0,0,0,,,,1,5,0
왍,0,0,0,1,1,1,0,0,,,,,3,6,1
KIA,0,0,0,0,0,0,0,1,0,,,,1,4,0
庸,0,0,0,1,0,3,3,6,,,,,13,15,0
LG,0,0,0,1,0,2,0,1,3,,,,7,10,0
kt,0,1,2,0,0,0,0,1,0,,,,4,8,1
온,0,0,3,0,0,0,1,0,0,,,,4,8,1
,0,1,0,0,1,0,1,0,0,,,,3,11,1
SK,1,0,0,0,2,0,0,0,0,,,,3,7,1
NC,3,0,0,0,0,0,1,0,,,,,4,6,2
kt,1,0,0,1,0,2,0,1,0,,,,5,8,0
홛,0,0,1,0,0,3,0,0,0,,,,4,10,1
LG,0,0,1,0,0,1,0,0,0,,,,2,11,1
왍,0,2,0,0,1,3,0,0,,,,,6,11,0
온,0,0,0,0,0,1,0,0,0,,,,1,3,0
KIA,0,0,1,0,0,3,0,0,,,,,4,6,0
NC,0,0,0,1,0,0,0,3,0,0,0,0,4,12,1
庸,2,0,0,0,0,0,2,0,0,0,0,0,4,11,2
庸,2,0,0,0,0,0,2,0,0,,,,0,0,0
,1,0,0,1,0,0,1,0,0,,,,3,6,1
SK,0,1,0,0,0,0,0,0,0,,,,1,3,1
kt,0,0,0,1,0,1,0,0,1,,,,3,7,1
홛,0,1,0,2,0,0,0,1,,,,,4,6,0
LG,1,0,1,1,2,2,0,1,0,,,,8,17,2
왍,0,3,0,1,3,3,4,0,,,,,14,16,0
온,0,0,0,0,0,1,0,0,0,,,,1,5,0
KIA,1,2,2,0,0,2,1,0,,,,,8,15,2
NC,1,0,4,2,0,0,0,0,2,,,,9,12,1
庸,3,0,0,1,0,0,1,0,0,,,,5,5,0
,0,0,1,1,0,1,0,0,5,,,,8,12,2
SK,0,0,1,7,0,3,1,2,,,,,14,20,1
kt,0,1,0,0,0,2,0,0,0,,,,3,6,3
홛,1,0,1,0,0,0,0,0,3,,,,5,7,2
LG,1,1,0,0,1,0,1,1,0,,,,5,10,0
왍,2,1,1,0,1,1,0,0,,,,,6,9,0
온,5,0,0,0,1,1,0,2,0,,,,9,18,0
KIA,5,0,0,0,0,1,0,0,0,,,,6,7,0
NC,0,0,0,0,0,0,0,2,0,,,,2,11,1
庸,1,0,1,1,0,0,0,0,,,,,3,10,1
,0,0,1,1,0,0,0,2,0,,,,4,11,0
SK,0,0,0,2,1,0,0,0,0,,,,3,5,0
NC,2,0,4,0,1,0,0,0,0,,,,7,8,1
홛,0,0,0,1,0,2,0,1,1,,,,5,10,1
왍,1,0,0,0,1,1,0,0,2,,,,5,11,3
KIA,3,3,0,5,0,0,0,2,,,,,13,13,1
SK,0,4,0,4,0,0,0,1,0,,,,9,10,0
LG,0,1,0,0,1,0,0,0,0,,,,2,10,0
庸,1,1,1,1,0,0,0,0,0,,,,4,10,0
온,2,0,0,0,1,0,2,0,,,,,5,10,1
,0,0,0,0,1,0,0,0,2,,,,3,8,0
kt,0,0,0,0,0,0,1,0,0,,,,1,3,0
NC,0,0,1,4,0,0,3,0,2,,,,10,14,2
홛,0,5,0,0,0,0,2,1,0,,,,8,13,2
왍,0,0,2,0,0,0,1,0,0,,,,3,8,0
KIA,0,0,0,1,0,1,3,1,,,,,6,12,2
SK,0,4,0,0,1,0,0,1,6,,,,12,20,0
LG,0,0,0,0,1,0,0,2,0,,,,3,9,1
庸,0,2,3,0,0,1,2,0,0,,,,8,12,0
온,0,0,2,0,0,0,0,0,0,,,,2,10,0
,6,1,5,0,2,1,2,3,0,,,,20,20,0
kt,0,0,0,0,0,0,0,0,2,,,,2,8,0
홛,0,3,1,0,0,0,0,0,0,,,,4,7,0
왍,0,3,0,1,1,0,1,0,,,,,6,8,0
KIA,0,0,0,0,1,0,0,0,0,,,,1,7,0
,1,0,0,0,0,2,2,4,,,,,9,19,0
kt,0,0,0,3,0,0,2,2,5,,,,12,12,2
NC,4,0,2,0,3,0,1,0,0,,,,10,14,0
LG,0,0,0,2,0,1,0,0,0,,,,3,7,1
온,1,0,1,1,1,0,0,0,,,,,4,9,0
庸,3,0,5,0,0,0,1,0,1,,,,10,16,1
SK,2,1,4,0,0,0,0,1,0,,,,8,9,2
홛,0,2,2,2,0,0,0,0,2,,,,8,10,1
왍,1,0,1,0,0,0,0,0,0,2,,,7,1,3
KIA,0,1,1,0,0,0,0,4,0,0,,,6,12,1
,0,0,0,1,0,0,1,4,0,,,,1,7,15
kt,0,0,0,0,2,1,0,0,0,,,,3,6,0
NC,0,1,4,0,1,0,0,1,,,,,7,14,0
LG,0,0,0,0,0,0,1,0,0,,,,1,2,0
온,1,0,0,0,1,0,0,0,,,,,2,6,0
庸,0,0,0,0,0,0,0,0,0,,,,0,3,1
SK,1,0,2,1,0,3,0,5,,,,,12,14,0
온,0,2,0,0,6,3,0,0,0,,,,11,14,0
KIA,0,0,4,0,0,0,0,0,0,,,,4,6,0
왍,0,0,3,0,0,1,0,0,0,,,,4,12,0
kt,0,2,0,0,0,0,0,0,0,,,,2,3,0
SK,0,0,0,0,0,0,0,3,0,,,,3,3,1
NC,0,1,1,0,2,1,0,1,,,,,6,10,1
庸,1,0,0,0,2,1,0,2,3,,,,9,15,0
LG,1,3,0,0,0,0,0,0,2,,,,6,12,1
,2,0,1,0,0,5,1,4,3,,,,16,25,1
홛,0,0,1,0,0,0,0,2,2,,,,5,13,2
왍,0,0,0,0,0,0,0,1,0,,,,1,9,0
kt,0,0,1,0,5,0,0,1,,,,,7,13,0
SK,0,1,3,0,6,0,0,0,2,,,,12,9,2
NC,3,1,1,3,0,0,0,0,0,,,,8,10,2
LG,0,0,0,0,0,0,2,0,1,,,,3,8,1
kt,0,0,0,0,3,0,0,0,1,,,,4,8,0
온,0,0,2,0,0,0,2,0,0,,,,4,6,1
홛,0,0,0,4,0,1,0,1,,,,,6,11,1
庸,0,0,0,0,0,0,0,1,4,,,,5,9,0
NC,0,0,0,1,0,0,2,0,0,,,,3,6,2
,0,0,0,0,4,1,0,0,2,,,,7,11,0
SK,0,0,0,0,0,2,0,1,0,,,,3,9,1
KIA,0,0,0,0,0,0,1,0,0,,,,1,7,1
왍,0,2,2,0,0,3,7,0,,,,,14,18,0
LG,0,0,0,0,1,1,0,0,2,,,,4,10,1
kt,1,1,1,0,0,0,0,0,0,,,,3,5,0
온,1,0,0,0,1,2,1,0,0,,,,5,12,1
홛,0,2,3,1,0,0,5,0,,,,,11,12,0
庸,0,1,4,0,0,0,0,0,0,,,,5,8,0
NC,0,0,2,0,0,0,1,0,0,3,,,2,1,1
,0,2,2,1,0,5,1,0,0,0,,,11,11,1
SK,0,2,2,0,0,0,0,5,2,,,,1,12,17
홛,1,1,0,3,2,1,0,1,0,,,,9,23,0
kt,0,0,0,0,0,0,0,0,2,,,,2,6,3
NC,0,0,0,1,0,0,2,0,0,,,,3,9,2
LG,1,0,1,0,2,0,1,1,,,,,6,12,0
왍,0,0,0,0,2,1,0,0,3,,,,6,9,1
庸,0,1,0,0,0,1,0,0,0,,,,2,7,0
SK,0,0,0,0,0,0,0,0,0,,,,0,4,1
온,0,0,1,0,1,1,5,2,,,,,10,13,0
,2,0,0,0,0,0,0,0,0,,,,2,8,0
KIA,0,0,0,0,1,0,0,6,,,,,7,7,0
홛,0,1,0,0,0,0,0,0,3,,,,4,9,1
kt,3,0,0,4,1,3,0,1,,,,,12,12,1
NC,0,0,5,0,1,5,0,0,0,,,,11,15,1
LG,0,0,0,0,0,0,1,0,0,,,,1,8,1
왍,0,0,0,1,1,1,2,0,2,,,,7,11,0
庸,2,0,0,0,0,0,0,0,0,,,,2,9,1
SK,0,0,0,0,0,1,0,2,0,,,,3,3,0
온,0,0,0,0,0,0,0,0,0,,,,0,7,1
,0,0,0,0,2,1,2,0,0,,,,5,12,1
KIA,2,0,1,1,0,3,0,0,,,,,7,8,1
홛,0,0,0,0,0,0,1,0,0,,,,1,5,1
LG,3,0,0,0,0,0,0,2,,,,,5,8,0
kt,2,1,2,0,0,3,0,4,0,,,,12,18,1
,4,0,0,0,0,0,1,1,0,,,,6,11,1
온,0,0,0,1,0,0,0,0,0,,,,1,4,0
NC,0,0,0,2,1,0,1,3,,,,,7,11,0
왍,0,0,0,1,0,0,1,0,1,,,,3,7,0
SK,0,0,0,0,0,0,0,0,0,,,,0,5,2
庸,1,0,0,0,0,0,0,0,3,,,,4,8,1
KIA,0,0,2,0,8,1,1,0,,,,,12,12,0
홛,0,0,1,1,0,0,0,3,0,,,,5,6,1
LG,0,2,0,4,0,0,1,1,,,,,8,11,2
kt,0,2,0,0,1,0,1,0,0,,,,4,6,1
,3,1,0,0,0,0,2,0,,,,,6,9,0
온,1,0,2,0,0,0,0,0,0,,,,3,11,3
NC,1,0,5,3,0,0,1,1,,,,,11,16,1
왍,0,2,0,0,0,0,0,0,0,,,,2,5,1
SK,0,1,0,4,1,0,1,7,,,,,14,15,0
庸,0,0,6,0,0,0,0,0,0,,,,6,9,1
KIA,0,4,0,0,0,1,0,0,0,5,4,0,8,12,0
홛,0,0,0,0,4,0,3,0,0,0,0,1,7,12,1
庸,0,4,0,1,0,2,0,0,0,0,0,0,,,
KIA,2,0,1,3,0,0,0,0,1,7,7,1,,,
NC,0,4,0,2,0,0,0,4,,10,,,11,0,0
kt,0,0,0,0,0,1,1,1,0,0,,,3,10,1
SK,0,0,0,0,0,0,0,1,2,,,,1,4,7
왍,1,0,5,0,3,7,0,1,0,,,,17,19,0
온,0,0,0,2,0,2,0,0,0,,,,4,6,0
,1,0,0,1,0,0,0,0,1,,,,3,6,0
LG,0,0,0,0,0,1,0,0,0,,,,1,7,2
홛,4,0,0,3,0,0,0,0,0,,,,7,9,0
庸,3,0,0,0,0,0,0,0,0,,,,3,6,1
KIA,0,0,0,0,0,1,0,0,3,,,,4,9,1
NC,1,0,0,2,1,0,0,0,1,,,,5,9,0
kt,0,1,2,0,0,0,0,0,0,,,,3,8,3
SK,1,1,1,2,3,0,0,0,,,,,8,15,1
왍,0,0,7,2,0,0,2,0,2,,,,13,14,3
온,1,0,1,0,0,0,2,3,2,9,,,12,0,1
,0,0,3,0,0,0,0,1,0,0,,,4,6,1
LG,0,0,1,0,0,0,1,1,1,,,,1,5,10
kt,0,2,1,0,0,0,0,0,0,,,,3,6,2
왍,1,0,1,1,4,2,0,1,,,,,10,12,0
LG,1,0,0,4,0,0,1,0,0,,,,6,12,2
庸,1,0,0,0,2,1,0,1,0,,,,5,10,0
SK,0,0,1,0,0,1,0,0,0,,,,2,8,0
홛,1,0,0,0,0,0,0,0,0,,,,1,5,1
KIA,1,0,0,0,0,3,2,0,3,,,,9,18,0
온,3,0,0,1,1,0,0,0,0,,,,5,11,0
kt,1,0,0,0,1,0,0,0,0,,,,2,8,1
왍,1,4,0,1,0,0,0,1,,,,,7,10,0
LG,0,0,0,0,1,0,0,0,0,,,,1,3,1
庸,0,3,0,0,2,1,0,0,,,,,6,9,0
SK,1,0,0,2,4,0,0,0,0,,,,7,7,1
홛,0,1,0,0,0,0,3,1,0,,,,5,11,1
,0,0,1,0,0,0,0,2,0,,,,3,6,1
NC,0,3,0,0,0,2,0,2,,,,,7,10,0
LG,0,0,7,2,3,0,0,0,0,,,,12,10,0
홛,0,1,1,1,0,0,0,1,0,,,,4,8,2
NC,0,5,0,0,0,5,3,0,0,,,,13,14,3
왍,0,0,0,0,2,2,2,0,1,,,,7,10,0
SK,0,0,1,0,0,0,0,1,0,,,,2,6,1
KIA,0,0,0,0,0,0,0,4,,,,,4,10,0
庸,0,0,3,2,2,0,0,0,0,,,,7,14,0
kt,0,1,0,0,0,2,0,2,0,,,,5,12,2
,1,0,2,1,0,1,0,0,1,,,,6,9,1
온,0,3,0,1,1,0,0,0,0,,,,5,8,1
LG,0,0,0,0,0,0,1,0,0,,,,1,8,0
홛,0,2,0,1,2,0,0,0,,,,,5,11,2
NC,0,0,1,0,0,0,0,0,0,,,,1,5,0
왍,1,0,0,0,0,4,0,0,,5,,,8,2,1
SK,1,0,1,1,0,0,1,0,2,0,,,6,13,3
KIA,0,1,0,2,0,1,0,0,2,,,,1,7,13
庸,0,0,0,1,0,1,0,0,0,,,,2,8,0
kt,0,0,0,0,2,1,0,1,,,,,4,11,0
,0,0,0,0,2,0,0,0,0,,,,2,5,0
온,0,0,0,0,0,0,0,0,0,,,,0,3,0
홛,0,2,0,0,1,0,0,0,0,,,,3,11,2
NC,5,0,0,2,0,2,0,1,,,,,10,13,0
KIA,0,0,5,0,5,0,5,3,0,,,,18,16,0
庸,0,1,1,0,1,0,0,0,0,,,,3,7,2
온,0,0,1,0,0,0,0,3,0,,,,4,9,0
LG,0,0,0,0,0,0,1,0,0,,,,1,7,1
왍,1,0,0,3,0,2,1,0,0,,,,7,14,1
,0,3,0,0,1,0,3,3,,,,,10,15,3
SK,0,0,0,2,0,3,0,0,0,,,,5,9,2
kt,0,0,0,1,3,1,1,3,,,,,9,12,0
홛,2,1,0,1,0,0,0,0,3,,,,7,13,1
NC,2,0,0,0,0,1,1,0,0,,,,4,9,2
KIA,0,0,0,0,0,1,0,0,7,,,,8,13,1
庸,1,0,0,0,0,4,0,1,3,9,,,15,0,2
온,5,4,0,1,0,0,0,1,0,4,,,15,22,3
LG,0,2,0,0,2,1,1,5,0,0,,,11,15,0
왍,0,0,0,1,1,0,1,1,0,0,,,4,7,2
,2,0,0,0,0,0,2,0,0,,,,1,5,10
SK,5,4,2,4,1,2,0,0,0,,,,18,17,0
kt,4,0,1,1,1,0,0,1,0,,,,8,8,0
홛,2,0,0,1,0,0,3,2,0,,,,8,10,0
SK,0,0,0,0,0,1,0,1,0,,,,2,10,3
kt,0,2,0,2,1,1,0,4,0,,,,10,11,1
온,3,0,2,6,0,0,0,0,,,,,11,12,1
NC,3,0,0,0,0,3,0,0,0,,,,6,10,0
KIA,2,2,1,1,0,0,0,0,1,,,,7,11,0
왍,0,0,0,4,2,2,0,0,1,,,,9,14,0
LG,0,0,2,1,0,0,0,0,0,,,,3,8,0
庸,0,0,0,0,0,0,1,0,1,,,,2,10,0
,2,0,0,0,0,0,1,0,,,,,3,10,0
홛,0,0,1,0,0,0,2,0,1,,,,4,11,2
SK,0,0,2,0,1,0,2,0,,,,,5,9,1
NC,0,0,0,0,0,2,2,0,0,,,,4,10,2
KIA,0,0,0,0,0,3,1,2,,,,,6,10,0
왍,3,1,0,0,4,2,0,0,0,,,,10,13,0
LG,0,0,0,1,0,0,0,0,2,,,,3,9,1
庸,2,0,0,1,1,2,4,0,0,,,,10,15,0
,0,0,0,3,0,0,0,0,0,,,,3,10,2
KIA,4,0,2,0,0,1,4,0,0,,,,11,16,0
홛,0,0,0,0,0,3,0,2,0,,,,5,6,1
kt,0,0,0,0,4,0,0,1,1,,,,6,9,1
LG,1,0,0,0,0,0,0,0,0,,,,1,7,0
온,0,0,0,1,0,0,2,2,0,,,,5,9,0
庸,0,1,0,0,0,0,1,0,0,,,,2,8,1
왍,0,0,0,1,0,6,3,0,3,,,,13,14,0
NC,0,1,6,0,1,0,0,2,0,,,,10,14,0
SK,0,0,0,2,0,0,0,0,0,,,,2,6,1
,5,0,3,0,0,0,0,0,,,,,8,9,2
KIA,0,4,0,0,1,0,0,0,1,,,,6,11,0
홛,1,0,0,3,0,4,0,0,,8,,,12,1,0
kt,0,0,0,0,0,1,0,3,0,0,,,4,8,0
LG,2,0,1,0,0,0,0,1,0,,,,1,5,12
온,0,0,2,0,0,0,0,0,0,,,,2,7,1
庸,2,0,0,0,0,0,0,3,,,,,5,8,1
왍,0,0,1,0,0,1,0,0,1,,,,3,13,0
NC,0,0,0,0,0,1,0,3,,,,,4,4,1
SK,0,0,0,0,0,0,0,0,0,,,,0,6,2
,1,0,1,0,0,2,0,0,,,,,4,9,0
KIA,0,0,3,0,1,2,3,0,0,,,,9,12,2
kt,0,0,1,0,0,3,2,0,1,,,,7,11,2
LG,0,0,2,0,0,0,4,0,1,,,,7,11,2
SK,2,0,0,2,1,0,1,10,,,,,16,21,1
NC,0,1,6,0,0,0,0,0,0,,,,7,13,1
온,0,0,0,0,0,2,6,0,,,,,8,14,2
庸,4,0,0,1,1,1,0,1,0,,,,8,10,0
홛,0,0,0,1,0,0,0,0,0,,,,1,6,0
,1,0,0,0,1,0,0,0,0,,,,2,9,0
왍,3,0,0,0,0,0,6,4,,,,,13,14,0
KIA,0,0,1,0,0,0,0,1,0,,,,2,8,1
kt,4,1,2,0,0,2,0,0,,,,,9,18,0
LG,0,0,0,0,0,2,0,0,0,,,,2,6,2
SK,0,0,0,0,2,0,0,3,,,,,5,7,1
NC,0,0,2,0,2,0,0,0,3,,,,7,7,1
온,0,0,1,0,4,0,2,3,,,,,10,12,1
庸,0,1,0,1,0,0,0,0,2,,,,4,9,1
홛,0,2,2,0,1,0,1,2,,,,,8,9,0
,1,1,0,0,0,2,4,0,0,,,,8,9,0
왍,1,0,0,4,3,0,0,0,1,,,,9,11,2
KIA,0,0,0,0,0,1,0,0,0,,,,1,3,1
LG,3,1,1,2,2,0,0,0,,,,,9,11,0
kt,0,0,0,0,1,0,3,0,2,,,,6,12,1
庸,0,0,0,0,1,0,1,5,,,,,7,12,0
온,1,0,0,0,2,2,1,0,2,,,,8,13,1
,3,0,0,0,0,0,3,0,0,,,,6,8,0
NC,1,1,0,0,0,0,0,2,0,,,,4,9,2
SK,2,2,4,0,0,3,0,0,,,,,11,14,0
왍,0,4,0,0,0,0,1,0,1,,,,6,10,2
홛,0,1,2,0,1,4,0,1,,,,,9,13,0
KIA,1,1,0,0,0,0,0,4,0,,,,6,8,0
LG,0,0,2,0,0,0,0,0,0,2,9,1,5,14,1
kt,0,0,0,2,0,3,0,0,0,0,0,0,5,13,0
庸,0,0,2,0,1,0,0,2,0,,,,0,0,0
온,1,1,0,0,0,0,2,3,1,,,,8,14,2
,2,0,0,0,5,2,0,0,,,,,9,5,0
NC,0,0,0,0,0,0,0,0,2,,,,2,7,1
SK,6,0,0,0,0,0,0,0,,6,,,8,0,1
왍,1,1,0,0,0,2,0,0,0,0,,,4,9,0
홛,1,0,0,0,3,0,0,0,0,,,,1,5,10
홛,0,0,0,0,0,0,0,0,3,,,,3,4,0
KIA,1,0,0,0,0,3,0,0,,,,,4,8,1
LG,0,0,2,1,4,0,0,0,1,,,,8,16,1
왍,0,0,1,0,5,0,1,2,,,,,9,14,3
온,3,1,1,0,0,0,0,2,1,,,,8,15,1
kt,0,1,0,0,0,0,0,0,2,,,,3,4,0
NC,0,3,2,0,0,0,0,0,0,,,,5,11,1
,1,0,3,0,0,1,0,0,1,,,,6,10,2
SK,2,0,0,0,1,0,0,0,0,,,,3,7,1
庸,0,0,0,3,0,1,4,1,,,,,9,11,0
홛,0,1,3,0,0,0,0,0,0,,,,4,9,1
KIA,0,1,0,0,3,0,0,2,,,,,6,15,1
LG,0,0,0,0,0,0,1,0,0,,,,1,6,1
왍,2,1,0,0,0,3,1,0,,,,,7,11,0
온,1,0,0,1,0,5,0,1,0,,,,8,14,0
kt,1,0,1,0,3,0,0,2,0,,,,7,11,1
NC,0,1,0,1,0,0,0,0,0,,,,2,5,0
,0,0,0,2,0,4,2,0,,,,,8,9,0
SK,2,1,0,0,5,0,0,0,0,,,,8,9,2
庸,0,0,0,0,0,0,0,4,0,,,,4,8,1
kt,2,2,2,0,0,0,0,0,0,,,,6,9,1
LG,1,0,4,2,0,1,1,1,,10,,,11,1,1
온,0,0,1,2,0,0,1,0,2,2,,,8,14,0
SK,0,4,1,0,1,0,0,0,0,0,6,,10,16,0
NC,2,1,1,1,0,0,0,0,0,0,1,,6,9,0
KIA,0,0,0,0,2,0,0,2,1,,,,0,0,5
KIA,0,0,2,0,0,1,0,2,0,,,,5,12,3
庸,0,0,5,3,11,1,0,0,,,,,20,20,0
kt,0,0,0,0,1,3,0,0,0,,,,4,8,0
LG,0,0,0,3,0,0,0,0,0,,,,3,11,1
온,0,0,0,0,5,0,0,0,1,,,,6,9,1
홛,2,0,0,0,0,0,5,0,,,,,7,9,0
KIA,0,5,1,0,0,0,1,0,0,,,,7,11,0
SK,1,1,0,1,0,0,0,0,0,,,,3,10,0
온,0,0,2,0,2,0,0,1,2,,,,7,13,1
홛,0,0,0,0,0,0,0,2,0,,,,2,5,3
홛,0,1,2,0,0,2,0,0,0,,,,5,9,0
온,3,0,0,1,3,1,0,0,,,,,8,9,0
KIA,0,1,1,0,3,2,0,1,0,,,,8,13,1
SK,2,0,0,1,0,0,0,1,0,,,,4,8,2
LG,0,0,0,0,2,0,1,0,0,,,,3,7,0
왍,0,0,0,0,0,0,0,1,0,,,,1,4,0
庸,0,0,0,1,0,0,0,0,0,,,,1,6,1
kt,0,0,1,3,0,0,2,0,,,,,6,9,0
,0,0,1,2,1,0,0,1,0,,,,5,12,0
NC,0,1,2,0,0,0,0,0,3,6,,,5,0,1
KIA,1,0,0,3,0,0,0,0,0,0,,,4,10,1
왍,0,0,2,0,0,1,0,1,0,,,,3,7,13
온,0,3,0,1,3,0,0,1,0,,,,8,15,0
NC,0,0,0,1,1,0,0,0,0,,,,2,9,1
홛,0,2,3,1,0,0,2,2,0,,,,10,16,2
kt,0,1,0,0,0,0,1,4,0,6,11,,0,12,1
KIA,0,0,8,0,0,0,0,1,0,1,0,,10,16,2
온,2,1,4,0,0,1,0,0,1,,,,1,1,11
庸,0,0,0,0,0,0,0,1,7,,,,8,11,0
SK,0,0,0,1,3,0,0,0,0,,,,4,8,0
kt,1,4,0,0,0,0,4,1,0,,,,10,12,0
온,0,0,0,0,0,0,0,1,0,,,,1,6,3
홛,0,0,0,0,0,0,0,0,1,,,,1,5,1
KIA,0,0,0,0,1,2,3,0,,,,,6,10,0
kt,0,2,0,2,0,2,0,0,1,,,,7,8,0
온,0,0,0,0,0,0,0,0,0,,,,0,4,1
SK,4,0,0,1,1,0,0,1,5,,,,12,10,0
왍,0,1,0,0,1,0,2,0,1,,,,5,11,0
온,0,0,1,0,0,0,0,3,0,,,,4,6,0
KIA,0,0,0,0,0,0,0,0,0,,,,0,5,2
SK,0,2,0,0,0,0,0,1,0,,,,3,7,1
왍,0,1,0,0,1,0,1,5,,,,,8,12,0
온,0,0,0,1,0,2,1,0,0,,,,4,8,2
KIA,3,0,0,0,0,0,3,0,,,,,6,8,2
NC,2,0,0,0,0,0,0,0,0,,,,2,8,1
왍,2,1,0,3,0,0,0,7,,,,,13,17,0
,1,1,2,0,3,1,0,0,2,,,,10,15,2
kt,1,1,0,0,3,0,0,0,0,5,,,11,0,1
kt,2,0,0,0,0,0,0,1,0,1,,,4,12,0
왍,1,0,0,0,1,0,0,0,1,,,,0,3,15
LG,0,0,0,0,0,0,0,0,3,,,,3,8,0
SK,0,0,2,0,0,0,0,0,0,,,,2,12,1
온,1,0,1,0,0,2,0,1,0,,,,5,8,2
KIA,1,0,0,0,0,0,0,0,0,,,,1,7,0
NC,2,0,2,0,1,0,1,0,2,,,,8,8,1
홛,0,0,2,2,6,0,0,0,,,,,10,11,0
왍,0,0,0,0,0,0,3,1,1,,,,5,8,0
온,0,0,0,1,0,0,0,0,0,,,,1,9,0
KIA,0,0,0,0,2,2,1,1,0,,,,6,8,4
,0,0,0,0,5,0,4,1,,,,,10,11,0
,0,0,0,2,0,0,1,0,0,,,,3,9,4
홛,0,0,0,0,0,1,1,0,0,,,,2,12,1
,0,0,0,3,3,0,1,0,0,,,,7,10,1
홛,0,1,0,3,0,0,0,1,0,,,,5,9,2
홛,0,2,0,0,0,1,0,0,1,,,,4,8,2
,0,0,0,0,2,1,0,0,0,,,,3,5,0
홛,1,0,0,1,0,0,0,0,0,,,,2,9,1
,0,0,1,2,0,0,0,2,0,,,,5,6,1
