팀명,1,2,3,4,5,6,7,8,9,10,11,12,R,H,E
한화,0,0,1,0,1,0,0,1,1,,,,4,12,1
두산,0,0,0,2,0,1,0,2,-,,,,5,6,0
kt,2,0,0,2,0,0,0,0,0,,,,4,9,1
SK,3,0,0,1,0,0,2,1,-,,,,7,8,1
LG,0,0,0,0,1,0,0,1,0,,,,2,8,0
KIA,0,0,0,0,0,0,0,0,0,,,,0,3,0
삼성,0,0,0,0,0,0,0,0,0,,,,0,4,1
NC,4,2,0,1,0,0,0,0,-,,,,7,8,2
키움,0,0,3,0,2,0,1,1,0,,,,7,14,2
롯데,0,0,1,0,3,0,0,0,0,,,,4,7,3
한화,2,0,0,0,0,0,4,5,0,,,,11,9,0
두산,0,0,0,0,0,0,0,0,1,,,,1,3,3
kt,0,0,0,0,0,3,0,0,0,,,,3,7,1
SK,0,0,2,0,0,0,0,4,-,,,,6,9,0
LG,3,4,1,0,0,0,1,0,0,,,,9,12,1
KIA,0,0,0,0,0,3,0,0,0,,,,3,9,3
삼성,0,0,0,0,1,0,2,1,0,,,,4,5,2
NC,0,0,0,0,2,1,0,0,0,,,,3,8,2
키움,0,0,0,1,0,1,0,0,0,,,,2,6,1
롯데,0,0,1,0,1,2,2,0,-,,,,6,9,1
한화,0,2,4,2,0,0,4,0,1,,,,13,16,2
KIA,0,0,5,0,0,0,0,2,0,,,,7,8,0
kt,0,0,3,0,0,2,0,0,2,0,1,8,13,5,
NC,1,2,3,0,1,0,0,0,0,0,2,9,12,2,
LG,0,1,3,0,0,0,0,2,0,,,,6,5,0
SK,1,1,0,1,0,0,0,0,0,,,,3,8,1
삼성,0,0,0,0,0,0,0,0,2,,,,2,4,3
롯데,0,0,3,0,0,0,4,0,-,,,,7,9,0
키움,0,0,0,0,1,0,0,1,0,,,,2,6,0
두산,0,0,0,0,0,1,6,0,-,,,,7,7,0
한화,0,0,0,2,0,1,0,0,1,,,,4,9,0
KIA,4,0,0,0,3,1,0,1,-,,,,9,13,1
kt,0,0,0,0,0,1,0,0,0,,,,1,8,0
NC,0,0,2,0,0,2,0,0,-,,,,4,6,1
LG,0,0,0,0,0,0,0,1,0,0,0,1,9,1,
SK,0,1,0,0,0,0,0,0,0,0,1,2,5,1,
삼성,0,0,6,1,3,1,2,10,0,,,,23,24,0
롯데,1,0,2,1,0,0,0,0,0,,,,4,8,1
키움,0,0,0,0,2,0,0,0,0,0,2,6,0,,
두산,0,0,0,2,0,0,0,0,0,1,3,12,0,,
한화,0,0,0,2,0,0,2,0,0,,,,4,5,0
KIA,3,0,1,0,0,0,0,2,-,,,,6,9,0
kt,1,0,1,0,0,0,0,0,0,,,,2,11,0
NC,0,2,0,2,0,1,0,1,-,,,,6,9,0
LG,1,0,0,0,0,0,0,0,0,,,,1,2,0
SK,0,1,0,0,0,0,0,0,2,,,,3,4,0
삼성,4,0,2,0,1,0,2,0,3,,,,12,12,1
롯데,0,0,0,0,4,0,0,2,1,,,,7,11,3
키움,0,0,2,0,1,0,0,0,2,,,,5,9,0
두산,4,0,0,0,0,0,0,0,0,,,,4,9,0
KIA,0,0,0,3,0,0,0,0,0,,,,3,7,0
kt,0,1,0,1,3,1,0,0,-,,,,6,15,0
롯데,0,0,1,0,0,0,0,0,0,,,,1,6,0
LG,0,0,0,0,0,2,0,0,-,,,,2,6,0
NC,0,0,0,0,0,0,0,0,0,,,,0,7,1
한화,0,2,0,3,0,0,2,2,-,,,,9,13,0
두산,1,0,0,0,0,1,0,0,1,,,,3,11,1
삼성,0,0,0,0,1,1,0,0,0,,,,2,11,1
SK,0,0,0,1,1,2,1,0,0,,,,5,10,0
키움,2,0,0,0,0,0,0,0,0,,,,2,9,0
KIA,1,0,0,0,0,0,0,1,0,,,,2,6,1
kt,0,0,0,0,2,2,2,0,-,,,,6,10,0
롯데,2,1,0,2,0,2,0,0,0,,,,7,9,1
LG,0,0,0,0,0,0,0,0,1,,,,1,3,1
NC,2,0,1,2,0,0,0,0,0,,,,5,12,2
한화,0,0,8,5,0,0,0,0,-,,,,13,9,0
두산,0,0,0,0,1,0,0,0,3,,,,4,5,0
삼성,0,0,1,0,0,0,0,1,0,,,,2,5,0
SK,0,0,0,0,1,0,0,0,0,,,,1,3,2
키움,0,0,0,1,0,0,2,0,-,,,,3,7,0
KIA,0,0,1,0,0,2,1,0,0,,,,4,7,0
kt,0,0,1,1,0,0,0,0,0,,,,2,9,2
롯데,1,1,1,0,1,0,0,0,1,0,5,9,2,,
LG,1,0,0,0,0,0,0,1,3,1,6,12,0,,
NC,3,0,0,0,0,0,0,3,0,,,,6,8,0
한화,0,0,1,0,0,1,0,0,1,,,,3,9,0
두산,0,0,4,1,2,0,0,2,0,,,,9,9,1
삼성,0,2,0,1,1,0,0,0,0,,,,4,10,1
SK,0,0,0,0,1,0,7,0,0,,,,8,9,0
키움,0,1,1,0,0,0,4,0,1,,,,7,9,1
KIA,1,1,2,0,0,0,0,0,0,,,,4,7,2
삼성,0,0,0,0,0,0,1,0,0,,,,1,6,0
kt,0,0,0,0,0,0,0,0,0,,,,0,5,2
두산,3,1,0,3,0,1,0,1,-,,,,9,10,0
LG,2,0,0,0,0,0,0,0,0,,,,2,6,1
한화,1,5,0,0,0,0,0,0,-,,,,6,6,1
롯데,0,0,0,2,0,1,0,0,2,,,,5,10,0
SK,0,0,0,0,0,0,0,0,0,,,,0,7,1
키움,0,0,0,3,0,1,0,2,2,,,,8,13,2
NC,0,1,2,0,0,1,0,2,0,,,,6,11,1
KIA,0,1,1,0,0,0,1,0,0,,,,3,9,1
삼성,0,2,0,0,2,0,0,2,-,,,,6,3,2
kt,0,0,0,0,1,0,0,0,0,,,,1,11,0
두산,0,2,0,0,0,1,2,0,-,,,,5,6,0
LG,0,0,4,0,1,1,0,0,1,,,,7,11,0
한화,0,0,0,0,0,0,0,0,0,,,,0,5,2
롯데,0,0,0,0,0,0,3,0,0,,,,3,8,0
SK,0,0,0,0,0,0,0,0,1,,,,1,3,0
키움,0,1,0,0,0,0,0,0,0,,,,1,8,2
NC,0,0,0,0,1,2,5,1,-,,,,9,19,0
KIA,0,0,4,2,1,0,0,0,0,,,,7,8,0
삼성,5,2,4,0,1,0,0,0,-,,,,12,14,2
kt,0,0,0,0,0,0,0,1,3,,,,4,8,0
두산,0,0,1,0,3,0,0,1,-,,,,5,8,2
LG,0,0,0,0,0,0,0,1,0,,,,1,5,0
한화,0,0,0,0,0,0,0,1,1,,,,2,6,1
롯데,0,0,4,0,0,0,2,0,0,0,0,6,12,0,
SK,1,0,0,0,1,0,4,0,0,0,1,7,14,0,
키움,4,0,0,0,0,2,0,0,0,,,,6,12,1
NC,1,0,0,0,0,1,0,3,0,,,,5,6,1
한화,0,0,1,1,0,0,0,0,0,,,,2,11,2
롯데,0,0,2,2,0,0,0,1,-,,,,5,12,0
LG,1,1,0,0,0,1,2,2,6,,,,13,16,1
kt,0,0,0,0,0,0,0,0,0,,,,0,2,1
NC,1,3,1,0,0,2,0,0,0,,,,7,10,0
두산,0,0,0,0,0,0,0,3,0,,,,3,8,0
삼성,0,0,0,0,0,0,0,0,0,,,,0,8,1
SK,0,1,0,0,2,0,0,0,-,,,,3,9,0
키움,0,0,1,0,0,0,0,3,0,,,,4,11,2
KIA,0,3,0,0,1,0,0,2,-,,,,6,11,0
한화,0,0,2,0,4,0,1,0,0,,,,7,11,1
롯데,0,0,1,5,0,0,3,0,-,,,,9,8,0
LG,0,0,0,0,0,0,0,1,0,,,,1,7,0
kt,2,0,0,0,0,0,0,0,-,,,,2,4,0
NC,1,2,0,0,0,0,0,3,0,,,,6,9,0
두산,0,0,4,0,0,0,0,1,0,,,,5,11,1
삼성,0,0,0,1,0,0,0,0,0,,,,1,3,0
SK,0,0,0,0,0,0,0,1,1,,,,2,8,1
키움,3,0,0,0,9,2,0,0,0,,,,14,14,0
KIA,0,0,3,0,0,0,1,0,0,,,,4,8,1
한화,0,0,16,0,0,0,0,,,,,,16,19,0
롯데,0,1,0,0,0,0,-,,,,,,1,5,1
LG,2,0,1,0,0,0,0,0,0,,,,3,5,1
kt,0,0,2,0,2,0,0,0,-,,,,4,8,0
NC,3,0,0,0,0,0,1,0,1,,,,5,12,0
두산,0,0,0,0,1,1,0,1,0,,,,3,8,1
삼성,0,1,0,1,0,0,0,0,0,,,,2,9,1
SK,0,0,0,0,0,1,1,0,1,,,,3,7,1
kt,2,0,1,0,0,0,0,0,0,,,,3,9,1
키움,4,0,2,0,1,0,0,0,-,,,,7,9,1
kt,0,0,0,0,0,0,0,2,0,,,,2,8,0
키움,0,0,0,4,0,0,0,0,-,,,,4,7,0
NC,0,1,0,0,0,0,0,0,0,0,1,8,1,,
KIA,0,0,0,0,1,0,0,0,0,1,2,9,1,,
두산,2,0,0,1,0,0,0,0,0,,,,3,6,1
롯데,0,0,0,1,0,0,0,0,0,,,,1,6,2
SK,1,0,5,1,0,0,0,1,0,,,,8,11,2
한화,2,0,0,1,0,0,0,0,0,,,,3,9,2
삼성,0,0,0,0,0,0,5,1,0,,,,6,6,1
LG,1,2,1,0,1,0,0,0,0,,,,5,7,1
kt,2,0,1,0,3,0,0,0,2,,,,8,13,0
키움,0,0,0,1,0,0,0,0,0,,,,1,5,1
NC,3,0,0,0,0,0,0,0,1,,,,4,12,0
KIA,0,0,0,2,0,0,0,0,0,,,,2,9,0
두산,2,0,0,0,0,0,3,0,0,,,,5,11,0
롯데,0,0,0,0,0,1,0,0,0,,,,1,10,0
SK,0,0,1,0,0,0,0,0,0,,,,1,8,0
한화,0,0,0,0,0,0,0,0,0,,,,0,5,1
삼성,0,0,0,1,1,0,0,0,0,,,,2,6,0
LG,0,0,1,0,1,0,3,0,-,,,,5,10,0
한화,0,3,0,0,0,0,0,0,0,,,,3,9,0
키움,0,1,0,1,0,0,2,1,-,,,,5,11,0
KIA,0,0,0,0,0,1,1,0,1,1,0,0,4,12,0
SK,0,0,0,1,0,0,0,2,0,1,0,0,4,10,2
kt,0,0,0,0,0,0,0,0,0,,,,0,2,2
삼성,0,0,0,0,0,0,2,3,-,,,,5,8,0
롯데,0,0,1,0,0,0,0,0,0,,,,1,8,0
NC,0,0,1,0,0,0,0,0,1,,,,2,6,0
두산,0,0,0,0,0,0,0,0,0,,,,0,7,0
LG,1,0,2,0,0,0,0,0,-,,,,3,10,0
한화,0,0,0,0,0,0,0,1,2,,,,3,12,1
키움,3,2,0,0,0,0,0,0,-,,,,5,12,0
KIA,0,0,0,0,0,0,1,0,5,,,,6,8,0
SK,1,0,0,2,1,0,0,0,0,,,,4,8,0
kt,0,0,0,0,0,5,0,0,0,,,,5,12,2
삼성,1,0,0,2,0,0,0,0,0,,,,3,6,0
롯데,0,0,0,3,0,0,2,0,0,,,,5,10,1
NC,0,0,0,1,1,3,2,0,-,,,,7,12,0
두산,1,1,0,0,0,0,0,0,0,,,,2,6,1
LG,0,1,0,0,3,0,0,1,-,,,,5,13,1
한화,1,1,0,0,0,0,0,0,0,1,3,11,0,,
키움,0,0,0,1,0,1,0,0,0,0,2,11,0,,
KIA,0,0,0,0,3,0,1,0,0,,,,4,9,0
SK,0,1,0,0,0,0,0,0,1,,,,2,6,0
kt,3,0,0,0,0,0,0,4,5,,,,12,15,1
삼성,3,0,1,0,1,0,9,0,-,,,,14,15,1
롯데,0,0,0,0,0,0,0,0,1,,,,1,9,1
NC,2,0,2,0,2,2,0,0,-,,,,8,10,1
두산,1,0,0,2,3,2,0,0,0,,,,8,13,0
LG,0,0,0,0,0,0,0,0,0,,,,0,5,2
한화,0,0,0,0,0,0,0,2,0,,,,2,7,1
kt,0,0,0,2,0,2,0,0,-,,,,4,5,1
KIA,0,0,7,0,0,0,0,2,0,,,,9,13,0
롯데,1,1,1,0,7,0,0,0,-,,,,10,15,0
LG,0,0,0,2,0,0,0,0,0,0,5,7,9,1,
NC,0,0,0,0,0,0,0,2,0,0,0,2,6,0,
SK,0,0,0,0,0,0,2,1,0,,,,3,8,0
두산,0,0,1,1,0,0,4,2,-,,,,8,15,1
키움,1,0,0,1,0,0,0,1,1,,,,4,10,2
삼성,0,0,0,0,0,0,0,0,0,,,,0,5,1
한화,2,2,0,0,2,0,0,1,1,,,,8,8,0
kt,2,0,1,0,0,0,2,0,0,,,,5,11,1
KIA,1,0,2,0,0,1,0,2,0,0,6,14,0,,
롯데,2,0,0,0,2,0,0,2,0,2,8,16,0,,
LG,0,0,0,0,0,1,1,0,0,0,0,2,4,13,1
NC,0,0,0,0,1,0,0,1,0,0,0,0,2,10,1
SK,0,1,0,0,2,0,0,0,0,,,,3,7,3
두산,5,2,0,0,0,4,1,0,-,,,,12,12,0
키움,0,1,0,3,1,0,0,0,0,,,,5,11,1
삼성,1,0,0,1,0,1,0,0,0,,,,3,4,1
한화,0,0,0,0,2,1,0,2,0,,,,5,10,1
kt,2,3,0,0,0,0,0,1,-,,,,6,10,0
KIA,0,0,0,0,1,0,0,0,8,,,,9,11,0
롯데,0,1,1,0,2,0,0,0,6,,,,10,13,0
LG,0,0,0,1,0,0,0,5,0,,,,6,9,0
NC,1,0,0,0,0,0,0,0,0,,,,1,8,4
SK,0,0,2,0,1,0,1,0,0,,,,4,8,0
두산,0,0,1,0,1,0,0,1,0,,,,3,9,1
키움,0,0,2,0,0,0,0,1,1,0,0,4,8,0,
삼성,0,2,0,0,1,0,0,1,0,0,1,5,14,2,
kt,1,0,1,0,0,3,0,0,1,,,,6,10,2
롯데,5,0,0,0,0,0,0,0,0,,,,5,6,0
NC,0,4,0,0,2,2,0,5,1,,,,14,21,2
SK,0,0,0,0,2,1,1,7,0,,,,11,11,0
두산,0,0,1,0,0,3,1,0,3,,,,8,7,1
KIA,0,0,2,2,0,0,0,0,2,,,,6,14,1
삼성,0,0,0,0,1,0,0,1,1,0,0,3,13,0,
한화,0,1,1,0,0,0,0,0,1,0,1,4,8,0,
키움,3,5,0,1,0,3,1,0,0,,,,13,15,0
LG,0,3,0,0,0,0,0,0,0,,,,3,10,0
kt,0,0,0,0,0,0,0,1,3,0,4,9,0,,
롯데,1,1,0,0,0,0,0,0,2,1,5,8,0,,
NC,0,0,1,1,2,0,0,0,0,,,,4,10,0
SK,0,5,0,1,0,1,1,2,-,,,,10,15,1
두산,1,0,0,2,0,2,5,0,0,,,,10,14,0
KIA,0,0,0,0,0,1,0,0,0,,,,1,5,0
삼성,4,0,0,0,0,0,0,1,0,,,,5,12,1
한화,0,0,8,2,0,0,0,2,-,,,,12,12,1
키움,1,2,0,0,0,0,0,0,4,,,,7,10,0
LG,0,3,0,0,0,0,0,0,0,,,,3,8,1
kt,1,0,0,0,0,1,0,0,4,,,,6,11,0
롯데,0,1,0,0,0,0,1,1,0,,,,3,7,0
NC,0,0,0,0,0,1,0,0,0,,,,1,7,0
SK,3,0,0,0,0,0,0,1,-,,,,4,9,0
두산,2,0,1,0,0,0,6,0,0,,,,9,10,0
KIA,0,1,0,0,0,0,0,0,1,,,,2,6,0
삼성,0,1,0,7,2,1,5,0,0,,,,16,23,1
한화,0,0,0,0,0,0,0,0,0,,,,0,0,0
키움,0,0,1,0,2,0,0,0,0,,,,3,8,2
LG,0,0,1,2,0,1,0,1,-,,,,5,7,1
KIA,0,0,0,2,0,0,0,0,0,,,,2,3,0
LG,0,0,6,2,0,1,0,0,-,,,,9,9,0
NC,0,1,0,1,0,0,0,0,2,,,,4,9,0
kt,0,0,0,2,1,0,0,0,0,,,,3,8,2
두산,0,0,0,4,1,2,2,0,0,,,,9,13,0
키움,1,0,0,0,1,0,1,0,0,,,,3,8,0
KIA,0,0,0,0,0,0,1,0,2,,,,3,6,2
LG,2,4,0,1,2,1,0,0,-,,,,10,14,0
롯데,1,0,0,0,2,0,0,1,0,0,0,4,12,3,
한화,0,0,0,3,0,0,0,1,0,0,1,5,9,0,
NC,0,2,0,2,0,0,5,0,1,,,,10,12,1
kt,1,0,1,0,0,0,0,0,0,,,,2,6,3
두산,0,0,0,1,0,2,0,0,0,,,,3,6,0
키움,0,2,0,0,1,0,4,1,-,,,,8,13,0
SK,0,0,0,0,1,1,3,0,3,0,1,9,12,2,
삼성,1,1,0,3,0,0,0,0,3,0,0,8,16,0,
두산,0,5,0,1,0,0,0,0,0,,,,6,11,1
키움,0,2,5,2,0,0,0,0,-,,,,9,16,1
SK,0,0,2,0,0,1,0,0,0,1,4,8,1,,
삼성,0,1,1,0,1,0,0,0,0,0,3,12,1,,
KIA,0,2,0,0,0,0,0,1,1,,,,4,14,2
키움,1,2,0,0,5,0,0,0,-,,,,8,8,0
롯데,0,0,1,0,2,0,0,0,5,,,,8,8,2
두산,0,3,0,3,5,0,0,0,-,,,,11,12,2
SK,0,0,0,0,0,2,0,0,0,,,,2,6,0
kt,0,0,0,0,0,0,0,0,0,,,,0,5,1
한화,0,0,0,1,0,0,0,0,0,,,,1,4,1
NC,0,1,1,1,0,6,6,0,-,,,,15,22,1
KIA,0,1,0,0,0,1,2,0,2,,,,6,9,0
키움,0,0,3,0,0,1,0,0,0,,,,4,8,2
LG,0,3,0,0,3,0,0,1,1,,,,8,12,0
삼성,0,0,0,0,0,0,0,0,0,,,,0,7,1
롯데,0,0,0,0,0,0,0,0,0,,,,0,5,0
두산,0,1,2,0,0,0,4,0,-,,,,7,10,0
SK,0,0,0,0,2,0,0,0,0,,,,2,4,0
kt,0,0,0,0,0,1,0,0,0,,,,1,8,0
한화,0,0,0,1,0,0,2,1,0,,,,4,9,1
NC,0,0,3,0,0,7,0,0,-,,,,10,11,0
KIA,0,0,0,0,5,0,0,0,0,,,,5,14,1
키움,0,0,1,1,5,1,0,5,-,,,,13,16,1
LG,0,0,1,0,0,0,0,0,1,,,,2,6,0
삼성,0,0,0,0,0,0,1,0,0,,,,1,6,0
롯데,0,0,0,0,0,1,0,1,0,,,,2,7,1
두산,2,4,0,1,0,0,1,1,-,,,,9,10,0
SK,0,0,0,0,0,0,0,1,2,,,,3,9,0
kt,0,0,0,0,0,0,0,0,0,,,,0,5,0
kt,1,0,2,0,0,3,2,0,0,1,0,9,15,1,
LG,1,7,0,0,0,0,0,0,0,1,1,10,19,1,
NC,0,0,0,0,0,0,0,1,0,,,,1,4,1
롯데,0,1,2,0,0,2,1,0,-,,,,6,9,0
두산,0,0,0,0,0,0,0,1,0,,,,1,7,0
한화,1,0,1,0,0,0,0,0,-,,,,2,5,1
삼성,0,0,0,0,0,0,0,0,0,,,,0,6,2
KIA,0,0,3,4,0,1,0,0,-,,,,8,9,1
키움,0,0,0,1,0,6,3,5,0,,,,15,23,0
SK,1,0,0,0,0,4,0,0,0,,,,5,8,0
kt,1,0,0,0,1,0,0,0,0,,,,2,6,2
LG,0,0,0,1,2,0,0,0,-,,,,3,7,0
NC,0,0,0,4,0,2,2,0,1,,,,9,18,2
롯데,0,4,0,0,0,1,0,0,0,,,,5,8,1
두산,0,1,0,0,0,0,0,0,0,,,,1,7,0
한화,2,0,0,2,0,0,0,0,-,,,,4,5,0
삼성,3,1,2,1,0,0,0,1,2,,,,10,15,0
KIA,1,0,0,0,1,0,0,0,0,,,,2,11,1
키움,0,0,0,0,0,0,0,0,0,,,,0,6,1
SK,0,0,0,0,0,0,0,2,-,,,,2,5,1
kt,1,1,1,1,0,0,0,0,0,,,,4,10,1
LG,0,0,3,0,1,0,0,1,-,,,,5,15,0
NC,1,0,0,0,1,1,0,3,0,,,,0,0,1
롯데,1,1,0,0,0,0,0,2,2,,,,0,0,0
두산,1,0,0,0,0,0,4,0,0,,,,5,9,1
한화,1,0,0,0,0,3,0,0,0,,,,4,9,1
삼성,0,0,0,0,0,1,0,0,0,,,,1,5,1
KIA,5,0,1,0,1,0,1,0,-,,,,8,10,0
키움,1,0,2,0,4,3,0,0,0,,,,10,16,1
SK,2,0,0,5,0,0,0,1,0,,,,8,12,0
KIA,0,6,0,1,0,0,0,0,1,,,,8,9,0
NC,0,2,0,0,2,0,0,0,0,,,,4,9,1
kt,0,0,0,0,0,1,0,3,1,,,,5,8,1
한화,1,0,0,0,0,0,1,2,0,,,,4,7,2
LG,0,0,0,0,1,1,0,0,0,,,,2,13,0
두산,0,1,0,5,0,0,0,1,-,,,,7,15,0
SK,0,0,0,0,5,0,5,1,0,,,,11,16,3
롯데,0,0,3,0,0,0,1,3,0,,,,7,15,2
삼성,2,0,0,0,0,0,1,0,0,,,,3,8,0
키움,0,2,0,0,0,0,1,5,-,,,,8,13,1
KIA,0,0,0,0,0,0,0,0,1,,,,1,5,1
NC,0,0,0,0,0,0,2,2,-,,,,4,8,0
kt,0,0,0,1,0,5,3,0,0,,,,9,14,0
한화,0,0,2,0,3,0,1,1,3,,,,10,16,0
LG,0,1,0,1,0,0,0,0,0,,,,2,8,1
두산,0,1,0,1,0,1,0,0,-,,,,3,9,2
SK,0,0,0,0,7,1,0,0,2,,,,10,14,0
롯데,0,0,1,0,0,0,2,1,0,,,,4,8,0
삼성,0,0,0,0,0,1,0,2,0,,,,3,10,0
키움,0,0,0,0,0,0,1,0,0,,,,1,4,0
KIA,0,0,0,1,1,0,0,1,0,,,,3,7,1
NC,5,2,0,0,1,0,2,0,-,,,,10,17,1
kt,1,0,1,0,0,0,0,2,0,,,,4,7,0
한화,1,0,5,0,0,0,0,0,-,,,,6,8,0
LG,0,0,0,0,0,0,1,1,0,,,,2,8,1
두산,2,1,3,0,0,5,0,0,-,,,,11,16,1
SK,3,0,0,0,0,0,1,0,0,,,,4,7,0
롯데,0,0,0,0,0,3,0,0,0,,,,3,5,4
삼성,0,0,0,0,0,0,2,0,0,,,,2,5,0
키움,5,2,0,0,1,1,0,3,-,,,,12,17,0
한화,1,0,0,0,1,0,0,0,0,,,,2,7,0
SK,1,0,4,0,4,2,0,0,-,,,,11,12,1
KIA,0,0,0,0,0,1,1,0,1,,,,3,8,2
두산,0,0,0,2,0,0,0,1,1,,,,4,6,0
LG,1,1,2,2,1,0,2,0,3,,,,12,18,0
키움,5,0,1,2,2,0,0,0,0,,,,10,12,2
롯데,0,0,0,0,0,0,1,1,0,,,,2,10,0
kt,0,3,0,0,2,0,0,2,-,,,,7,10,0
NC,0,0,0,2,0,1,0,0,0,,,,3,7,2
삼성,0,3,0,2,0,1,0,0,-,,,,6,6,1
한화,0,0,1,0,0,1,0,0,0,,,,2,6,2
SK,9,1,2,0,0,5,0,0,-,,,,17,19,0
KIA,0,0,0,0,0,0,0,0,0,,,,0,3,0
두산,0,0,0,0,0,0,1,0,-,,,,1,8,0
LG,0,0,0,0,0,0,0,0,0,,,,0,6,1
키움,1,0,0,2,1,0,0,2,-,,,,6,10,0
롯데,2,0,0,0,0,0,2,0,0,,,,4,11,0
kt,0,0,0,4,1,0,0,0,-,,,,5,8,0
NC,0,0,0,0,0,0,0,0,0,,,,0,2,0
삼성,2,0,0,0,0,0,0,0,-,,,,2,5,0
한화,1,0,0,0,0,0,0,1,4,,,,6,10,1
SK,0,0,0,0,0,0,0,0,1,,,,1,10,2
KIA,0,0,0,0,1,0,0,2,2,,,,5,12,1
두산,2,0,0,1,0,0,0,0,0,,,,3,9,0
LG,0,0,0,0,0,1,0,0,0,,,,1,7,1
키움,0,0,0,0,0,0,1,1,-,,,,2,6,0
롯데,1,3,4,1,2,1,0,1,0,,,,13,22,0
kt,1,0,1,0,0,3,0,1,0,,,,6,16,0
NC,0,0,0,3,1,0,0,0,0,,,,4,10,0
삼성,0,0,5,1,0,0,0,0,-,,,,6,10,1
한화,0,0,0,4,1,0,0,0,0,,,,5,8,1
LG,0,0,0,2,0,0,0,0,0,,,,2,4,1
롯데,0,4,0,2,1,2,0,3,0,,,,12,18,2
삼성,3,1,1,0,0,0,0,0,0,,,,5,4,3
두산,0,0,3,0,0,1,0,0,7,,,,11,13,1
NC,1,2,1,3,0,3,1,0,1,,,,12,17,0
한화,1,1,0,0,0,0,1,0,0,,,,3,13,1
넥센,0,0,1,3,2,0,0,0,-,,,,6,12,1
kt,0,0,1,0,0,3,1,0,0,,,,5,11,0
KIA,2,0,0,0,0,2,0,0,0,,,,4,12,0
LG,0,1,0,0,0,0,0,0,1,,,,2,7,0
NC,0,0,2,0,0,0,0,2,-,,,,4,9,0
롯데,1,1,1,0,1,0,1,0,0,,,,5,7,2
SK,2,0,2,1,0,0,1,0,-,,,,6,8,3
삼성,1,0,3,0,0,0,0,0,2,,,,6,13,1
두산,0,0,0,0,1,0,2,0,0,,,,3,6,0
한화,0,0,1,0,2,0,0,1,0,,,,4,11,0
넥센,0,0,0,0,0,0,1,0,0,,,,1,5,0
kt,0,0,0,0,1,0,0,0,0,,,,1,7,0
KIA,6,1,0,0,0,3,0,4,-,,,,14,16,0
LG,0,0,0,0,0,0,0,1,0,,,,1,3,3
NC,0,0,1,0,5,0,1,0,-,,,,7,8,0
롯데,0,0,0,0,0,0,0,0,0,,,,0,5,0
SK,1,0,0,1,0,0,3,0,-,,,,5,9,1
삼성,4,0,0,0,0,0,0,0,0,,,,4,6,1
두산,1,1,2,0,0,0,1,0,-,,,,5,8,0
한화,0,0,0,3,0,0,0,3,0,,,,6,10,1
NC,1,4,0,1,0,0,3,0,-,,,,9,9,0
kt,0,0,1,0,0,0,3,1,0,,,,5,8,2
SK,2,0,1,3,1,1,0,0,-,,,,8,14,2
LG,0,2,0,0,0,0,0,0,2,,,,0,4,10
넥센,0,0,0,1,0,2,0,0,1,,,,1,5,14
롯데,0,0,0,0,0,0,0,0,0,,,,0,3,0
두산,1,2,0,0,0,2,0,0,-,,,,5,7,0
삼성,0,0,0,0,0,0,0,0,0,,,,0,6,0
KIA,0,0,1,10,3,0,3,0,-,,,,17,14,0
한화,0,0,1,0,1,0,0,4,0,,,,6,10,0
NC,2,0,0,0,0,0,0,0,0,,,,2,5,2
kt,0,0,1,2,0,3,2,0,0,,,,8,15,1
SK,0,2,0,1,0,0,0,2,0,,,,5,9,2
LG,4,0,0,3,0,0,0,2,0,,,,9,13,0
넥센,0,0,2,1,0,0,0,0,0,,,,3,4,2
롯데,2,2,0,0,0,0,0,0,1,,,,5,10,2
두산,1,0,2,0,0,0,0,3,-,,,,6,5,1
삼성,1,1,0,0,0,1,1,2,0,,,,6,14,0
KIA,0,0,0,0,0,0,0,0,0,,,,0,5,1
한화,0,0,0,0,0,1,0,0,0,,,,1,6,2
NC,0,0,0,0,0,0,0,4,-,,,,4,10,1
kt,0,2,1,0,0,4,0,0,0,,,,7,12,0
SK,0,0,0,0,0,0,1,0,0,,,,1,7,0
LG,1,1,0,0,0,0,0,0,2,,,,4,11,0
넥센,5,0,3,1,0,0,0,0,-,,,,9,12,1
롯데,0,0,0,1,0,0,0,0,0,,,,1,4,1
두산,1,0,0,0,0,3,0,0,-,,,,4,9,1
삼성,0,0,0,0,0,0,0,0,0,,,,0,3,0
KIA,1,0,0,0,3,0,3,0,-,,,,7,13,0
KIA,0,0,0,1,2,0,1,0,0,,,,4,10,1
LG,0,0,0,0,0,2,0,1,0,,,,3,10,0
NC,0,0,3,0,2,0,1,1,0,,,,7,10,1
롯데,0,0,0,0,0,2,0,0,3,,,,5,6,1
두산,0,0,3,0,0,0,0,3,0,,,,6,11,1
kt,0,0,0,0,0,1,1,0,0,,,,2,7,0
SK,0,1,0,3,4,0,0,0,0,,,,8,6,0
한화,0,1,1,0,0,1,0,1,0,,,,4,9,1
넥센,0,0,2,0,3,3,0,0,0,,,,0,0,2
삼성,2,1,0,0,0,0,5,0,0,,,,0,0,0
KIA,0,1,0,0,3,0,0,0,0,,,,4,6,1
LG,0,2,1,2,0,0,1,0,-,,,,6,9,0
NC,0,0,0,3,0,2,0,0,5,,,,10,14,0
롯데,0,2,0,0,2,0,0,1,0,,,,5,9,0
두산,4,0,4,0,0,0,0,0,0,,,,8,13,2
kt,0,0,3,5,1,0,2,9,-,,,,20,22,0
SK,3,0,0,0,4,1,0,2,2,,,,12,13,0
한화,0,0,0,0,0,1,0,0,0,,,,1,8,1
넥센,1,0,0,0,0,1,2,0,0,,,,4,9,0
삼성,0,0,0,0,0,2,0,0,0,,,,2,7,0
KIA,0,0,0,0,1,2,2,0,0,,,,5,9,0
LG,2,0,0,0,0,3,0,0,1,,,,6,10,0
NC,0,0,0,0,1,1,0,0,0,,,,2,7,1
롯데,0,0,0,0,1,0,0,2,-,,,,3,10,0
두산,0,2,1,0,1,0,0,0,0,,,,4,10,1
kt,0,1,0,0,2,0,6,0,-,,,,9,13,0
SK,1,1,1,0,4,1,3,1,1,,,,13,15,0
한화,0,0,0,1,0,0,0,0,0,,,,1,4,1
넥센,0,0,1,3,0,0,0,0,1,,,,5,9,1
삼성,2,0,1,0,1,0,2,0,-,,,,6,14,2
KIA,1,1,0,1,0,0,0,0,0,,,,3,5,0
SK,4,2,0,6,0,0,0,1,-,,,,13,14,1
kt,0,2,2,1,2,0,0,0,0,,,,7,11,0
넥센,0,0,0,1,0,0,0,0,0,,,,1,6,1
LG,0,0,0,1,0,0,0,1,2,,,,0,0,4
두산,0,2,0,0,0,0,0,2,0,,,,0,1,5
롯데,0,0,2,8,0,0,1,0,0,,,,11,15,2
한화,4,2,5,0,3,3,0,0,-,,,,17,11,2
삼성,0,0,0,0,0,0,2,1,0,,,,0,3,11
NC,1,0,0,1,0,0,0,0,1,,,,1,4,8
KIA,0,1,0,0,0,1,0,4,0,,,,3,9,19
SK,0,0,5,0,0,1,0,0,0,,,,0,6,7
kt,0,1,1,0,0,0,0,0,0,,,,2,5,0
넥센,3,0,0,1,5,0,0,1,-,,,,10,12,0
LG,0,1,0,0,0,0,1,0,1,,,,3,12,0
두산,1,0,0,1,0,3,0,1,-,,,,6,10,0
롯데,2,0,1,0,0,1,0,0,2,,,,6,12,1
한화,2,0,0,0,1,2,2,0,-,,,,7,10,1
삼성,0,0,1,0,0,0,0,0,0,,,,1,4,0
NC,0,0,0,0,2,0,0,2,-,,,,4,9,1
kt,2,0,0,0,0,0,0,0,1,,,,0,3,6
넥센,0,1,0,0,0,0,2,0,0,,,,1,4,7
삼성,0,0,0,0,0,0,0,1,3,,,,4,13,1
NC,0,0,0,0,0,0,1,0,0,,,,1,7,1
LG,2,1,5,0,1,2,1,0,2,,,,14,14,1
롯데,0,1,0,0,0,2,3,0,0,,,,6,9,0
넥센,0,1,0,0,2,0,0,1,1,,,,5,13,1
KIA,2,0,0,0,3,3,0,3,-,,,,11,16,1
한화,0,1,0,0,0,0,1,0,0,,,,2,8,1
kt,0,2,0,0,0,2,6,0,-,,,,10,10,1
LG,0,0,1,1,0,0,0,0,0,,,,2,9,0
롯데,0,2,1,3,1,0,0,0,-,,,,7,13,0
NC,0,0,0,0,1,2,0,0,0,,,,3,8,1
두산,0,0,1,1,0,2,0,2,-,,,,6,7,1
삼성,0,0,0,2,0,0,0,1,0,,,,0,0,0
SK,1,0,0,0,0,2,0,0,0,,,,0,0,1
넥센,0,0,0,1,0,0,0,0,0,,,,1,10,1
KIA,0,3,1,0,1,0,0,0,-,,,,5,9,0
한화,0,0,0,3,0,0,5,0,0,,,,4,12,14
kt,0,2,4,0,0,0,2,0,0,,,,0,8,10
LG,0,0,0,0,1,0,1,0,2,,,,4,7,4
롯데,0,0,0,0,0,0,2,0,0,,,,2,7,1
NC,0,0,0,3,2,0,0,1,4,,,,10,13,2
두산,0,0,2,0,1,3,0,3,2,,,,11,14,0
삼성,0,3,3,4,2,0,0,0,0,,,,12,11,0
SK,2,0,0,0,0,0,0,0,2,,,,4,10,2
넥센,0,0,1,0,0,0,2,0,0,,,,3,13,0
KIA,0,0,0,1,0,1,2,0,-,,,,4,9,0
KIA,0,1,0,2,0,0,0,0,0,,,,3,8,0
한화,2,0,0,0,0,1,0,1,-,,,,4,7,0
kt,0,0,0,0,0,0,0,2,3,,,,5,8,1
NC,3,0,0,0,0,1,0,0,0,,,,4,5,1
두산,2,0,1,1,0,2,0,0,2,,,,8,12,0
삼성,0,0,0,0,0,0,1,0,0,,,,1,4,4
SK,0,1,1,0,2,0,0,0,0,,,,4,12,2
LG,0,0,0,0,0,0,0,1,0,,,,1,6,1
넥센,2,0,0,0,0,0,1,0,0,,,,3,6,1
롯데,0,1,1,0,1,0,1,0,-,,,,4,11,0
KIA,0,0,0,1,3,0,0,0,0,,,,4,7,1
한화,1,0,1,1,0,3,0,0,-,,,,6,11,1
kt,0,0,2,1,2,3,0,0,4,,,,12,21,0
NC,2,0,0,2,0,0,0,0,0,,,,4,7,3
두산,0,0,1,0,3,3,0,0,0,,,,7,10,0
삼성,4,1,0,0,0,0,0,0,1,,,,6,14,1
SK,0,0,0,0,0,0,0,0,0,,,,0,3,0
LG,0,0,0,1,1,1,0,0,-,,,,3,7,0
넥센,0,0,0,0,0,0,0,0,0,,,,0,2,0
롯데,0,0,0,3,2,7,0,0,-,,,,12,17,0
KIA,0,1,0,0,0,0,1,2,0,,,,4,7,1
한화,4,3,0,1,0,5,2,0,-,,,,15,17,0
kt,0,1,0,0,2,2,2,0,0,,,,7,13,3
NC,0,0,0,0,0,2,0,0,0,,,,2,6,1
두산,0,2,0,3,0,2,0,1,1,,,,9,17,0
삼성,0,1,0,1,0,0,0,1,0,,,,3,7,0
SK,0,0,0,0,0,0,0,0,4,,,,4,7,2
LG,0,1,0,0,0,0,1,0,3,,,,5,9,1
넥센,1,0,1,0,2,0,1,0,0,,,,5,9,0
롯데,1,0,0,0,0,2,0,0,0,,,,3,9,0
kt,0,1,0,0,0,0,0,0,0,,,,1,5,1
LG,0,0,0,0,3,0,0,0,-,,,,3,3,0
롯데,0,0,0,0,0,0,0,1,7,,,,8,11,3
KIA,0,0,0,0,0,2,2,0,0,,,,4,4,0
NC,0,0,0,0,0,0,0,2,0,,,,2,7,0
SK,0,0,0,0,3,0,1,0,-,,,,4,10,2
두산,0,0,1,0,1,0,0,7,3,,,,12,12,0
넥센,0,0,0,0,0,0,0,0,0,,,,0,2,1
삼성,0,3,0,0,0,0,0,0,1,,,,4,11,1
한화,0,0,0,2,0,0,0,0,0,,,,2,5,3
kt,0,0,0,0,0,0,0,0,0,,,,0,6,2
LG,0,0,3,0,0,4,0,1,-,,,,8,13,0
NC,0,0,0,0,0,0,0,0,0,,,,0,3,0
SK,0,1,1,0,1,3,0,1,-,,,,7,12,0
두산,0,0,0,1,5,0,0,0,0,,,,6,9,0
넥센,2,3,0,2,0,0,0,0,-,,,,7,10,0
삼성,1,0,0,0,0,0,0,0,1,,,,2,6,1
한화,2,1,0,3,0,4,4,0,-,,,,14,17,0
kt,0,0,3,0,0,0,0,5,0,,,,8,13,1
LG,4,0,0,3,2,1,0,1,-,,,,11,16,0
NC,0,0,0,0,0,0,0,2,0,,,,2,12,0
SK,0,0,1,2,0,0,0,0,-,,,,3,12,0
두산,0,0,1,0,0,0,2,0,0,,,,3,8,0
넥센,0,0,0,0,0,0,2,0,0,,,,2,4,0
삼성,0,1,3,0,0,0,0,0,0,,,,4,11,1
한화,1,0,5,1,0,0,0,0,-,,,,7,10,0
한화,2,0,2,0,1,0,0,0,0,,,,5,12,0
두산,0,0,0,0,0,2,0,0,0,,,,2,7,0
LG,0,1,1,0,0,1,0,0,1,,,,4,8,1
KIA,1,0,1,0,2,0,0,0,1,,,,5,11,2
NC,0,0,0,0,0,2,0,0,0,,,,0,1,3
넥센,0,0,0,0,2,0,0,0,0,,,,0,0,2
SK,1,0,1,1,2,1,1,1,1,,,,9,17,1
kt,3,0,0,0,1,0,1,0,0,,,,5,11,1
삼성,0,0,3,0,3,1,2,0,2,,,,11,13,2
롯데,0,0,0,0,3,0,3,0,0,,,,6,11,2
한화,0,0,2,0,0,2,0,0,0,,,,4,13,1
두산,0,0,0,0,2,0,3,0,-,,,,5,7,0
LG,2,0,0,0,0,1,0,0,0,,,,3,10,0
KIA,0,3,0,0,0,0,0,1,-,,,,4,8,1
NC,0,0,0,0,0,0,0,1,0,,,,1,2,0
넥센,0,0,0,0,0,0,0,0,0,,,,0,2,0
SK,4,0,0,2,0,0,1,0,1,,,,8,13,0
kt,0,0,0,0,0,0,1,0,2,,,,3,9,1
삼성,1,1,3,0,1,0,0,0,0,,,,0,0,1
롯데,0,0,0,0,1,2,0,3,0,,,,0,0,3
한화,2,0,0,0,0,0,0,0,0,,,,2,7,0
두산,0,3,0,0,0,0,2,0,-,,,,5,11,0
LG,0,1,0,3,0,0,0,0,0,,,,4,8,0
KIA,0,0,1,6,0,1,0,0,-,,,,8,12,1
NC,0,0,0,0,0,0,0,1,2,,,,3,6,1
넥센,0,0,2,3,0,0,1,0,-,,,,6,11,0
SK,2,0,2,0,0,0,0,0,2,,,,6,7,0
kt,1,0,0,0,0,4,0,0,0,,,,5,13,0
삼성,0,2,1,1,0,0,1,1,0,,,,6,13,0
롯데,0,0,0,0,0,0,0,0,0,,,,0,8,3
KIA,0,0,0,0,0,1,0,1,2,,,,4,7,0
두산,0,0,2,3,1,0,0,0,-,,,,6,10,1
kt,0,0,0,0,0,0,4,0,1,,,,5,12,0
삼성,0,0,0,0,0,1,1,1,1,,,,4,11,1
LG,0,6,0,0,2,0,0,0,1,,,,9,14,2
NC,0,0,0,0,1,0,0,3,0,,,,4,8,0
SK,2,0,0,1,0,1,1,0,0,,,,5,7,0
롯데,0,2,4,0,1,0,1,2,-,,,,10,12,0
넥센,0,0,1,1,3,0,1,0,0,,,,6,13,0
한화,0,1,0,0,0,0,0,0,0,,,,1,8,1
KIA,0,0,0,0,0,0,2,3,0,,,,5,9,0
두산,0,0,1,1,2,0,2,4,-,,,,10,13,1
kt,0,1,0,0,0,0,0,0,0,,,,1,7,0
삼성,0,0,0,0,4,0,0,0,-,,,,4,9,1
LG,2,0,2,1,1,0,0,0,0,,,,6,12,1
NC,0,2,0,0,0,0,0,1,0,,,,3,5,0
SK,0,0,0,0,0,0,0,3,0,,,,3,9,0
롯데,0,2,1,0,0,0,0,0,1,,,,4,8,1
넥센,0,0,0,0,0,2,0,2,0,,,,4,9,0
한화,3,0,0,0,0,0,0,0,0,,,,3,8,0
KIA,3,0,3,3,4,0,1,0,0,,,,14,22,2
두산,0,0,0,0,1,0,0,2,1,,,,4,10,2
kt,0,1,1,0,1,0,0,3,0,,,,6,11,2
삼성,0,0,0,1,0,1,2,0,0,,,,4,8,1
LG,1,1,0,0,0,0,1,2,0,,,,5,9,0
NC,0,1,0,0,2,0,0,0,1,,,,4,13,1
SK,0,0,6,0,0,1,3,0,0,,,,10,13,0
롯데,0,0,0,0,0,4,0,0,0,,,,4,9,0
넥센,2,2,0,0,6,0,0,0,0,,,,10,15,0
한화,0,0,0,1,0,0,0,0,0,,,,1,5,1
롯데,4,0,1,0,8,1,0,0,0,,,,14,17,2
kt,0,0,0,0,4,1,0,2,1,,,,8,10,1
NC,0,2,0,0,0,0,0,0,0,,,,2,5,1
삼성,3,2,2,0,0,0,0,0,-,,,,7,7,0
두산,0,1,0,0,1,8,0,0,0,,,,10,11,0
SK,2,0,1,0,0,0,0,6,0,,,,9,13,1
넥센,0,1,0,0,0,0,0,0,1,,,,2,7,1
LG,1,0,0,0,0,0,7,0,-,,,,8,10,2
한화,0,0,0,2,0,0,0,0,1,,,,3,6,1
KIA,0,0,0,0,0,1,0,1,0,,,,2,7,1
롯데,0,0,0,0,3,1,0,1,0,,,,5,16,0
kt,0,0,1,0,1,2,0,0,0,,,,4,12,1
NC,0,0,0,1,0,2,0,3,3,,,,9,13,0
삼성,0,0,1,0,0,0,1,0,0,,,,2,9,0
두산,1,0,0,0,0,0,0,0,3,,,,2,6,12
SK,2,0,0,0,0,1,0,0,1,,,,3,7,12
넥센,0,1,0,0,0,0,0,0,0,,,,1,6,1
LG,0,0,1,0,0,1,0,0,-,,,,2,9,0
한화,0,0,0,0,0,0,0,0,3,,,,3,7,1
KIA,1,0,0,0,0,0,0,0,0,,,,1,10,1
롯데,1,0,0,0,0,0,0,0,1,,,,2,4,1
kt,0,1,0,3,1,0,0,0,-,,,,5,7,0
NC,0,0,0,3,0,0,1,0,1,,,,5,9,0
삼성,0,0,0,0,0,0,0,0,2,,,,2,8,1
두산,0,0,0,0,0,0,0,4,0,,,,4,10,0
SK,0,0,2,2,0,0,1,0,-,,,,5,8,0
넥센,0,0,0,0,0,0,0,1,0,,,,1,3,0
LG,0,1,3,5,1,1,0,0,-,,,,11,17,1
한화,2,0,0,0,0,0,0,1,0,,,,3,12,1
롯데,0,0,0,1,2,0,0,2,-,,,,5,9,0
KIA,0,1,0,0,0,3,0,4,0,,,,8,15,0
kt,0,2,0,0,0,0,0,1,0,,,,3,6,0
두산,1,0,0,1,0,1,0,2,1,,,,6,9,0
NC,2,0,0,0,0,0,0,0,0,,,,2,6,1
SK,1,1,0,2,2,1,1,0,0,,,,8,10,0
넥센,0,0,1,0,1,0,0,0,1,,,,3,10,0
삼성,1,0,0,0,0,0,1,0,0,,,,2,7,0
LG,0,4,2,0,0,3,0,0,-,,,,9,15,1
한화,0,2,1,0,1,0,0,0,0,,,,4,6,2
롯데,0,1,0,0,0,0,0,1,0,,,,2,9,0
KIA,1,0,0,0,0,1,0,0,0,,,,2,10,0
kt,0,0,3,0,2,0,4,0,-,,,,9,13,1
두산,0,0,0,0,0,0,1,0,0,,,,1,7,0
NC,0,1,0,0,0,4,0,0,-,,,,5,10,1
SK,2,1,0,0,0,0,0,0,3,,,,6,11,3
넥센,1,0,0,2,1,0,0,0,0,,,,4,8,3
삼성,0,0,0,0,2,1,1,0,0,,,,4,8,1
LG,1,0,1,0,4,0,0,0,-,,,,6,9,1
한화,0,0,2,0,0,0,0,1,0,,,,3,12,1
롯데,0,0,4,0,0,0,0,0,-,,,,4,7,1
KIA,0,0,0,0,0,0,1,2,0,,,,3,7,1
kt,0,0,2,0,0,2,0,1,-,,,,5,9,0
두산,0,3,0,0,2,0,1,0,1,,,,7,12,0
NC,0,0,0,0,0,0,1,0,0,,,,1,6,2
SK,0,1,0,2,0,0,0,1,1,,,,5,10,1
넥센,0,0,2,2,3,0,0,1,-,,,,8,17,2
삼성,0,0,0,0,2,3,0,0,3,,,,8,18,1
LG,0,1,3,1,0,0,0,0,2,,,,7,15,1
KIA,0,0,0,0,0,0,0,0,0,,,,0,7,0
롯데,0,0,0,0,1,1,0,2,-,,,,4,13,1
kt,0,0,0,1,0,1,0,0,0,,,,2,7,0
두산,1,0,0,3,0,0,0,0,-,,,,4,9,1
LG,0,0,1,0,0,2,0,1,1,,,,5,9,1
한화,0,0,4,0,2,0,0,0,-,,,,6,11,2
SK,1,5,1,4,0,0,0,1,0,,,,12,17,0
삼성,0,0,0,0,0,2,1,0,0,,,,3,8,0
넥센,0,0,0,0,1,3,0,8,1,,,,13,17,1
NC,0,0,1,0,0,3,0,0,0,,,,4,9,0
KIA,1,0,0,4,1,3,1,0,2,,,,12,17,1
롯데,2,0,1,2,0,0,1,0,0,,,,6,12,6
LG,0,0,0,0,0,0,3,0,0,,,,3,7,1
한화,1,1,0,0,0,0,0,0,2,,,,4,9,0
SK,0,0,0,3,2,0,0,0,2,,,,7,14,0
삼성,0,0,0,1,3,0,0,0,0,,,,4,11,0
넥센,3,1,0,2,0,1,1,0,0,,,,8,14,2
NC,0,2,3,3,0,3,1,1,-,,,,13,17,0
KIA,0,0,0,0,3,0,0,0,1,,,,4,9,3
롯데,1,0,0,0,0,0,2,0,2,,,,5,10,1
kt,1,0,0,0,0,0,1,0,0,,,,0,1,3
두산,0,1,0,0,0,1,0,0,0,,,,0,0,2
LG,0,0,0,0,0,3,0,0,0,,,,3,10,1
한화,1,0,0,1,1,0,4,0,-,,,,7,11,0
SK,0,0,0,1,3,0,0,0,0,,,,4,5,1
삼성,0,6,0,0,2,0,0,0,-,,,,8,9,0
넥센,0,0,0,4,1,0,4,3,1,,,,13,14,0
NC,1,0,0,4,3,0,0,1,0,,,,9,13,0
한화,0,2,0,1,0,0,0,2,4,,,,9,13,1
삼성,0,2,2,2,0,0,0,0,0,,,,6,11,1
롯데,0,2,0,0,1,0,0,0,1,,,,4,9,2
SK,0,1,0,2,0,2,0,0,-,,,,5,10,0
NC,2,0,0,0,1,0,0,0,3,,,,6,14,1
KIA,2,0,0,0,1,2,0,0,0,,,,5,11,0
두산,0,4,0,1,0,0,5,0,1,,,,11,14,0
LG,3,3,0,1,0,0,1,0,0,,,,8,12,0
넥센,1,3,0,0,4,1,1,0,1,,,,11,15,0
kt,0,0,0,0,0,0,0,1,0,,,,1,9,0
한화,0,0,0,0,0,0,3,0,0,,,,3,9,0
삼성,0,0,5,1,0,2,0,0,-,,,,8,10,0
롯데,0,0,0,0,0,0,0,1,7,,,,8,8,0
SK,0,0,0,0,1,0,0,0,0,,,,1,5,0
NC,0,0,2,0,0,1,0,1,0,,,,4,8,1
KIA,1,5,0,0,0,0,6,0,-,,,,12,18,0
두산,2,0,0,1,0,0,0,0,0,,,,3,11,0
LG,0,0,0,0,0,0,0,0,0,,,,0,5,0
넥센,0,2,0,5,0,0,1,1,1,,,,10,15,0
kt,1,0,0,0,0,0,0,0,0,,,,1,8,2
NC,2,0,0,0,0,0,1,0,0,,,,3,6,0
KIA,0,0,3,2,2,0,4,0,-,,,,11,19,0
두산,0,2,2,1,4,1,0,3,0,,,,13,20,0
LG,0,0,0,2,0,1,0,2,0,,,,5,7,1
한화,0,2,2,0,0,2,0,0,4,,,,10,15,1
넥센,0,3,0,0,4,0,2,0,0,,,,9,15,2
롯데,0,0,0,1,0,1,2,0,0,,,,4,11,0
LG,0,0,2,0,0,0,0,0,0,,,,2,7,2
두산,0,0,0,0,0,0,0,0,0,,,,0,6,0
KIA,6,1,0,0,0,0,0,3,-,,,,10,13,0
SK,0,0,0,0,0,0,0,0,0,,,,0,6,0
NC,3,0,0,0,1,0,0,5,-,,,,9,9,0
삼성,0,4,0,0,0,3,2,0,0,,,,9,14,0
kt,1,2,0,0,0,0,0,1,0,,,,4,7,1
한화,0,2,0,0,0,0,0,2,0,,,,4,7,0
넥센,0,0,0,0,0,0,0,1,0,,,,1,8,0
롯데,0,0,1,0,0,0,0,1,0,,,,2,11,0
LG,1,0,2,0,0,0,0,0,-,,,,3,5,0
두산,0,0,4,7,0,2,0,0,0,,,,13,16,0
KIA,0,4,0,1,0,0,0,0,2,,,,7,8,1
SK,0,2,2,0,0,0,0,2,0,,,,6,10,2
NC,0,0,0,0,0,0,0,0,5,,,,5,7,0
삼성,0,0,2,1,0,0,1,0,1,,,,5,17,1
kt,0,0,0,2,0,1,0,1,0,,,,4,13,0
한화,1,0,0,0,1,1,0,0,0,,,,3,10,0
넥센,0,0,1,0,0,0,0,0,0,,,,1,9,3
롯데,1,2,0,0,0,0,0,4,0,,,,7,7,1
LG,0,0,1,0,1,0,0,0,0,,,,2,8,0
두산,1,0,0,1,0,1,0,1,1,,,,0,0,5
KIA,3,0,2,0,0,0,0,0,0,,,,0,1,6
SK,0,0,0,1,4,0,0,1,0,,,,6,11,1
NC,1,0,0,0,0,1,0,0,0,,,,2,5,0
삼성,0,0,0,1,1,0,0,1,1,,,,0,0,4
kt,0,0,0,0,0,0,0,3,1,,,,0,1,5
KIA,0,0,0,0,0,0,1,0,2,,,,3,7,2
삼성,0,2,2,0,2,0,2,0,-,,,,8,13,0
kt,0,0,0,0,0,0,0,0,2,,,,2,6,1
롯데,0,0,4,2,0,0,0,0,-,,,,6,10,1
LG,1,1,0,3,3,0,0,6,0,,,,14,17,1
SK,0,5,0,1,0,0,3,0,0,,,,9,16,1
NC,1,0,1,0,0,0,0,0,0,,,,0,2,4
한화,0,0,0,0,0,0,0,0,2,,,,0,0,2
넥센,5,0,0,1,1,0,0,0,3,,,,10,11,1
두산,0,0,2,3,0,0,0,0,0,,,,5,10,2
KIA,0,0,3,0,2,1,1,1,0,,,,8,11,2
삼성,1,0,6,0,0,0,0,0,0,,,,7,11,0
kt,0,0,0,1,0,0,0,0,0,,,,1,4,0
롯데,1,0,1,0,0,1,0,0,-,,,,3,11,0
LG,0,0,0,0,0,0,0,0,0,,,,0,5,0
SK,1,0,0,2,0,0,4,3,-,,,,10,15,0
NC,0,0,0,0,0,0,0,0,0,,,,0,5,2
한화,3,0,1,0,0,0,0,0,-,,,,4,11,0
넥센,0,0,0,0,0,1,1,0,0,,,,2,6,0
두산,0,0,0,0,0,0,1,0,0,,,,1,5,0
KIA,0,0,0,1,0,0,0,0,1,,,,2,4,0
넥센,0,0,0,0,0,0,1,0,0,,,,1,7,0
kt,0,0,0,0,1,0,0,0,2,,,,3,8,0
한화,0,0,0,0,0,0,0,0,0,,,,0,8,0
LG,0,0,0,0,0,1,1,0,0,,,,2,13,0
삼성,0,0,1,0,1,0,0,2,-,,,,4,9,1
롯데,0,1,0,0,0,0,0,0,2,,,,2,5,10
NC,0,3,0,0,0,0,0,0,0,,,,0,3,11
SK,1,0,2,0,0,0,0,0,1,,,,4,7,0
두산,0,0,1,0,0,2,0,0,3,,,,6,12,0
KIA,1,0,0,0,0,3,3,0,0,,,,7,13,0
넥센,0,0,7,0,0,0,0,0,1,,,,8,9,0
kt,0,0,0,4,0,0,0,0,0,,,,4,9,1
한화,0,0,0,0,2,3,0,0,-,,,,5,4,1
LG,0,0,1,5,1,0,0,0,1,,,,8,16,1
삼성,0,0,0,2,0,0,5,0,0,,,,7,11,2
SK,0,2,0,1,0,0,0,0,0,,,,3,6,1
두산,0,4,0,0,1,0,0,0,-,,,,5,8,0
KIA,0,1,0,1,0,0,0,0,0,,,,2,6,0
넥센,0,0,0,2,1,0,5,0,-,,,,8,12,0
kt,1,0,0,0,0,1,1,0,0,,,,3,11,2
한화,3,0,0,1,0,0,1,0,-,,,,5,10,0
LG,0,1,0,0,0,1,1,0,5,,,,8,16,0
삼성,0,0,0,2,0,0,0,0,3,,,,5,5,0
롯데,0,0,0,4,0,0,0,3,0,,,,7,11,0
NC,0,0,0,0,0,0,0,0,0,,,,0,6,1
한화,0,0,0,0,2,1,0,0,1,,,,4,10,1
LG,0,0,1,2,0,0,0,0,0,,,,3,9,1
NC,0,4,0,0,1,1,0,0,0,,,,6,11,1
kt,0,0,0,0,0,0,1,0,0,,,,1,4,1
두산,0,3,0,0,0,0,1,0,3,,,,7,10,0
롯데,0,0,0,0,0,0,0,0,1,,,,1,5,0
SK,0,0,0,1,0,0,0,0,0,,,,1,5,0
KIA,0,2,1,0,1,1,0,0,-,,,,5,10,0
삼성,0,0,0,0,2,0,0,2,1,,,,5,13,0
넥센,0,0,0,0,0,0,0,0,0,,,,0,3,1
한화,1,0,0,0,1,0,0,0,0,,,,2,6,1
LG,0,0,0,0,0,1,0,0,0,,,,1,6,0
NC,0,0,0,0,0,0,0,1,1,,,,2,10,0
kt,0,0,0,0,1,1,0,0,1,,,,3,8,0
두산,0,0,0,1,0,1,0,0,0,,,,2,7,1
롯데,0,8,2,1,0,0,0,4,-,,,,15,14,1
SK,0,1,0,0,0,0,0,0,0,,,,1,4,1
KIA,0,0,2,0,0,0,0,0,-,,,,2,6,0
삼성,0,0,1,1,1,0,0,0,0,,,,3,10,1
넥센,1,1,0,0,0,2,1,1,-,,,,6,15,0
한화,0,1,0,0,0,0,0,1,0,,,,2,7,1
LG,3,1,0,0,0,0,2,0,-,,,,6,12,0
NC,0,1,0,0,1,0,0,0,1,,,,3,11,1
kt,3,2,1,0,0,0,5,7,-,,,,18,25,1
두산,0,0,1,0,0,1,0,0,0,,,,5,7,10
롯데,0,0,1,1,0,0,0,0,0,,,,4,6,10
SK,0,0,1,2,0,0,0,0,0,,,,3,7,0
KIA,1,0,2,1,2,1,0,1,-,,,,8,13,1
삼성,1,0,0,0,0,0,0,3,0,,,,4,10,0
넥센,0,1,1,0,0,1,0,0,0,,,,3,12,0
kt,1,0,0,0,3,0,0,0,1,,,,5,4,0
KIA,0,0,5,3,0,0,0,0,-,,,,8,14,1
롯데,2,0,0,0,0,2,0,0,0,,,,4,11,5
삼성,0,0,0,0,0,0,5,5,-,,,,10,12,0
NC,0,0,1,0,0,0,0,0,0,,,,1,7,0
LG,0,0,0,1,0,2,3,0,-,,,,6,15,0
두산,0,1,0,0,0,0,2,4,0,,,,0,0,7
한화,0,0,5,1,0,0,0,0,1,,,,0,1,8
넥센,2,1,1,0,0,0,3,2,1,,,,10,15,0
SK,0,0,0,3,0,0,0,1,0,,,,4,6,2
kt,0,0,3,0,0,1,0,0,5,,,,9,10,1
KIA,5,0,0,0,0,2,1,0,0,,,,8,17,1
롯데,1,0,0,0,3,0,0,0,0,,,,4,8,0
삼성,0,0,2,0,4,0,0,0,-,,,,6,11,1
NC,2,0,0,0,0,0,0,0,0,,,,2,5,2
LG,4,1,6,0,0,0,0,1,-,,,,12,15,0
두산,0,1,0,2,0,0,0,0,0,,,,3,6,2
한화,1,1,1,0,0,0,2,0,-,,,,5,9,0
넥센,0,0,0,1,0,0,1,0,0,,,,2,7,1
SK,2,0,3,0,0,0,5,3,-,,,,13,16,1
kt,2,0,2,2,6,0,0,0,1,,,,13,19,0
KIA,0,0,0,0,0,0,0,0,1,,,,1,7,6
롯데,0,0,0,1,0,0,0,1,0,,,,2,10,0
삼성,0,0,0,2,3,0,3,1,-,,,,9,14,0
NC,0,0,0,0,0,0,0,0,0,,,,0,4,0
LG,0,0,4,0,0,0,0,0,-,,,,4,8,0
두산,1,0,0,1,0,3,2,0,0,,,,7,12,3
한화,0,0,0,0,0,0,0,0,1,,,,1,9,0
넥센,0,1,0,0,0,0,0,0,0,,,,1,7,2
SK,0,0,2,1,0,0,0,0,-,,,,3,9,0
한화,0,0,1,0,0,0,0,0,0,,,,1,3,0
SK,0,0,0,1,0,0,2,2,-,,,,5,9,0
KIA,3,0,0,1,7,2,0,0,1,,,,14,14,0
NC,0,0,0,1,1,0,0,0,0,,,,2,12,0
LG,2,1,1,0,0,3,0,0,0,,,,7,12,0
kt,3,0,0,1,4,3,0,2,-,,,,13,14,0
롯데,0,1,0,1,0,0,0,0,0,,,,2,7,0
넥센,0,2,5,0,0,0,5,1,-,,,,13,15,1
삼성,1,0,0,0,0,1,1,3,0,,,,6,10,0
두산,0,0,0,0,0,0,0,0,1,,,,1,5,0
한화,1,0,0,0,0,0,1,0,0,,,,2,7,1
SK,1,2,2,1,0,1,0,0,-,,,,7,14,0
KIA,0,0,0,0,0,0,0,0,0,,,,0,7,0
NC,0,0,0,2,0,0,3,0,-,,,,5,11,0
LG,0,1,0,1,2,0,0,1,0,,,,5,9,0
kt,0,0,0,0,0,0,0,0,0,,,,0,3,0
롯데,2,0,0,0,0,0,0,0,0,,,,2,7,1
넥센,2,0,1,0,0,0,0,0,-,,,,3,10,0
삼성,0,0,1,0,0,0,0,0,0,,,,1,7,2
두산,1,2,2,0,0,1,0,0,-,,,,6,10,0
한화,2,0,1,0,0,0,0,1,0,,,,3,7,14
SK,0,0,0,0,2,2,0,0,0,,,,1,5,14
KIA,0,2,2,0,1,0,2,2,3,,,,12,17,0
NC,0,0,0,0,0,0,1,0,0,,,,1,4,1
LG,2,0,0,4,0,0,0,0,1,,,,7,15,0
kt,1,1,0,1,1,2,2,0,-,,,,8,9,0
롯데,3,0,0,0,0,3,0,0,0,,,,6,7,1
넥센,0,0,0,1,3,0,0,0,0,,,,4,9,0
삼성,0,0,0,0,0,1,0,1,0,,,,2,8,1
두산,3,1,1,0,0,0,3,0,-,,,,8,11,1
kt,8,0,2,0,2,0,1,0,1,,,,14,21,2
삼성,1,1,0,0,0,1,1,0,0,,,,4,11,0
LG,0,0,0,0,0,2,0,0,3,,,,5,13,0
롯데,0,0,2,0,1,0,0,0,0,,,,3,9,0
NC,0,1,0,0,0,0,0,1,0,,,,2,9,1
한화,0,2,0,0,1,1,3,0,-,,,,7,8,0
넥센,3,1,2,0,4,1,1,0,0,,,,12,18,0
KIA,0,2,0,2,0,1,0,1,2,,,,8,10,1
kt,0,0,2,0,1,0,0,0,0,,,,3,9,1
삼성,1,0,2,0,0,0,1,0,-,,,,4,6,0
LG,2,2,0,0,0,3,0,8,0,,,,15,17,1
롯데,0,0,0,0,0,4,0,1,0,,,,5,11,2
NC,2,0,0,1,1,0,0,0,0,,,,4,8,4
한화,0,8,0,1,0,0,0,1,-,,,,10,15,2
SK,0,0,0,0,2,1,0,0,0,,,,3,7,0
두산,4,2,0,0,0,2,1,2,-,,,,11,13,0
넥센,0,0,0,1,1,3,0,1,0,,,,6,13,0
KIA,0,0,1,0,0,0,0,0,0,,,,1,10,0
kt,0,0,0,0,0,0,0,0,0,,,,0,5,2
삼성,1,1,0,0,0,2,1,1,-,,,,6,10,0
LG,1,0,4,0,1,1,0,0,4,,,,11,13,0
롯데,5,1,0,1,0,2,1,0,0,,,,10,11,1
NC,0,0,0,5,0,0,0,0,0,,,,5,9,2
한화,0,0,0,2,0,2,0,0,0,,,,4,5,1
SK,0,0,0,1,0,1,0,2,0,,,,4,7,1
두산,1,1,0,0,0,0,0,0,4,,,,6,11,1
넥센,0,0,0,0,0,0,0,0,0,,,,0,3,1
KIA,1,1,0,1,1,0,0,1,-,,,,5,10,0
한화,0,0,0,2,2,1,0,4,4,,,,13,14,0
롯데,1,1,4,0,0,0,0,0,0,,,,6,11,4
kt,0,0,1,0,0,0,0,0,0,,,,1,8,1
SK,0,2,0,2,1,1,1,1,-,,,,8,14,0
두산,0,1,0,0,0,0,1,2,1,,,,5,10,0
KIA,0,0,0,0,0,2,1,0,0,,,,3,7,0
삼성,3,0,0,1,0,0,0,1,0,,,,5,7,0
NC,0,0,0,0,0,0,0,1,2,,,,3,8,1
넥센,0,1,0,0,0,0,0,0,0,,,,1,6,0
LG,0,3,0,0,0,0,0,0,-,,,,3,8,0
한화,0,0,1,0,0,0,1,0,1,,,,3,10,0
롯데,0,1,0,0,0,0,0,1,0,,,,2,11,1
kt,0,0,0,0,0,1,0,0,0,,,,1,8,1
SK,0,0,0,1,2,3,0,0,-,,,,6,10,1
두산,0,1,0,2,2,1,1,0,3,,,,10,17,0
KIA,0,0,0,0,0,0,0,0,0,,,,0,5,0
삼성,0,0,3,0,1,1,0,0,1,,,,6,12,0
NC,0,1,0,1,0,1,0,1,0,,,,4,10,0
넥센,1,0,0,0,0,1,0,4,0,,,,6,16,1
LG,0,1,5,2,0,0,0,2,-,,,,10,10,2
한화,0,0,0,0,0,0,0,0,0,,,,0,6,1
롯데,0,1,0,0,0,2,3,0,-,,,,6,10,1
kt,0,1,0,1,4,0,0,0,0,,,,6,9,0
SK,0,2,0,0,0,0,0,0,1,,,,3,9,1
두산,0,0,0,3,2,1,3,2,0,,,,0,11,15
KIA,0,0,6,3,0,0,0,2,0,,,,1,12,17
삼성,2,0,0,0,0,5,0,0,1,,,,8,10,0
NC,0,0,0,0,3,0,1,1,2,,,,7,13,0
넥센,0,0,0,0,0,0,0,0,0,,,,0,3,0
LG,1,0,2,0,0,0,0,5,-,,,,8,12,1
한화,0,0,0,0,0,1,1,0,1,,,,3,7,0
LG,2,0,2,3,0,0,0,0,-,,,,7,17,1
KIA,0,0,0,0,1,2,6,2,0,,,,11,15,0
kt,1,0,0,0,0,0,1,0,0,,,,2,9,2
롯데,0,1,0,3,3,4,1,0,0,,,,12,13,1
NC,0,0,0,0,0,2,0,4,0,,,,6,5,1
두산,1,0,3,0,0,0,1,1,0,,,,6,12,1
넥센,2,0,0,1,4,1,4,1,-,,,,13,17,0
삼성,0,0,0,0,0,0,0,2,0,,,,2,4,0
SK,3,0,0,0,0,1,2,0,-,,,,6,9,0
한화,1,1,0,0,0,0,3,0,0,,,,5,9,1
LG,0,0,0,0,0,0,0,1,0,,,,1,6,0
KIA,1,0,0,0,0,0,3,1,0,,,,5,8,0
kt,0,0,0,1,1,0,0,0,0,,,,2,6,1
롯데,6,0,0,1,1,2,0,0,0,,,,10,13,0
NC,1,0,1,0,0,0,0,1,2,,,,5,9,0
두산,2,2,1,1,0,0,0,1,0,,,,7,13,0
넥센,0,0,0,0,1,1,0,0,1,,,,3,9,2
삼성,0,0,2,0,0,0,0,0,0,,,,2,11,0
SK,0,1,3,2,1,0,0,0,-,,,,7,9,0
한화,2,2,1,0,0,0,0,0,0,,,,5,13,2
LG,0,2,2,0,0,0,0,2,-,,,,6,12,1
KIA,0,1,1,0,0,0,0,0,0,,,,2,7,3
kt,0,0,0,0,0,0,0,0,1,,,,1,4,1
롯데,0,0,0,0,0,4,0,0,0,,,,4,11,1
NC,1,1,0,1,0,0,0,2,-,,,,5,9,0
두산,0,1,0,0,0,0,2,0,0,,,,3,7,0
넥센,0,0,0,0,0,0,0,0,0,,,,0,5,1
삼성,0,1,0,0,3,0,2,0,0,,,,6,11,0
SK,0,0,1,0,0,0,0,1,0,,,,2,6,0
KIA,1,0,0,0,0,0,0,1,4,,,,6,12,1
롯데,0,0,0,4,1,1,3,0,-,,,,9,14,0
LG,0,0,5,0,0,2,0,0,2,,,,9,13,2
삼성,0,0,0,0,2,0,3,0,0,,,,5,11,0
NC,0,0,1,0,0,0,0,0,0,,,,1,7,0
두산,0,0,0,2,0,0,0,4,-,,,,6,9,0
SK,1,0,0,0,2,2,0,0,0,,,,5,8,1
한화,1,0,3,0,2,0,1,0,-,,,,7,11,1
넥센,2,0,0,2,0,0,5,0,2,,,,11,15,1
kt,3,1,1,0,0,0,0,0,0,,,,5,10,1
KIA,1,0,1,2,0,0,0,0,3,,,,7,11,1
롯데,2,0,0,0,0,0,0,0,3,,,,5,12,0
LG,0,0,0,0,0,0,0,6,0,,,,6,10,0
삼성,0,0,0,0,0,0,0,0,0,,,,0,5,0
NC,0,0,0,0,0,0,0,0,0,,,,0,4,0
두산,0,0,0,0,0,0,0,3,-,,,,3,7,0
SK,0,0,1,0,0,0,0,0,0,,,,3,4,8
한화,0,0,0,1,0,0,0,0,0,,,,1,2,7
넥센,0,0,0,1,0,0,0,0,1,,,,2,8,0
kt,2,3,0,0,0,0,0,0,-,,,,5,7,1
LG,0,0,0,0,1,2,0,0,0,,,,3,7,2
삼성,4,0,1,0,0,2,5,0,-,,,,12,13,2
NC,0,0,0,0,0,0,0,0,3,,,,3,4,1
두산,1,1,0,0,0,0,0,0,4,,,,6,6,2
SK,2,0,0,0,0,0,0,0,1,,,,3,9,0
한화,0,0,1,1,1,0,0,0,1,,,,4,10,0
넥센,2,2,0,0,2,0,0,0,0,,,,6,13,1
kt,1,0,0,0,0,0,0,0,0,,,,1,5,1
한화,1,0,0,0,0,1,0,3,1,,,,6,11,1
넥센,1,0,0,1,0,0,0,0,0,,,,2,5,2
kt,0,0,0,1,0,1,0,0,0,,,,2,7,1
두산,1,1,0,0,0,0,0,0,1,,,,3,7,0
LG,1,1,1,0,0,0,0,0,1,,,,4,7,0
NC,4,3,0,0,0,0,1,0,-,,,,8,6,0
SK,0,0,0,0,0,0,0,0,0,,,,0,6,0
KIA,0,0,0,0,0,1,0,3,-,,,,4,6,0
삼성,0,0,0,0,0,3,0,1,0,,,,4,11,1
롯데,1,0,1,0,0,0,0,0,0,,,,2,8,1
한화,1,0,0,0,0,0,0,1,0,,,,2,6,0
넥센,0,0,0,0,0,4,0,0,-,,,,4,9,1
kt,1,0,0,0,1,0,1,1,0,,,,4,10,0
두산,1,0,0,0,0,2,1,2,-,,,,6,14,1
LG,0,0,0,0,0,3,0,0,0,,,,3,6,0
NC,1,0,4,1,0,0,0,0,-,,,,6,8,0
SK,2,0,3,0,0,0,0,0,0,,,,5,10,1
KIA,0,2,0,0,0,1,1,0,0,,,,4,5,0
삼성,2,0,2,0,0,0,4,0,1,,,,0,0,9
롯데,3,3,2,0,0,1,0,0,0,,,,0,1,10
한화,0,1,0,2,1,0,2,0,3,,,,9,9,0
넥센,0,0,1,0,1,0,0,0,6,,,,8,12,0
kt,4,0,0,0,0,2,0,1,1,,,,8,11,0
두산,0,7,0,0,0,0,0,2,-,,,,9,9,0
LG,0,4,0,1,0,0,2,0,0,,,,7,9,1
NC,6,2,2,0,0,0,1,0,-,,,,11,15,1
SK,3,0,0,0,0,0,3,0,3,,,,9,12,0
KIA,0,0,0,2,0,0,0,0,0,,,,2,5,1
삼성,0,2,0,1,0,5,3,0,0,,,,11,12,1
롯데,1,1,1,4,2,0,0,0,0,,,,9,11,0
KIA,0,0,0,0,0,0,0,1,2,,,,3,10,2
LG,1,0,1,0,0,0,0,1,1,,,,4,9,0
kt,0,3,0,0,0,1,0,0,0,,,,4,6,0
NC,2,0,0,0,0,1,0,2,-,,,,5,14,3
롯데,0,0,1,2,0,3,6,0,2,,,,14,18,0
SK,1,0,1,0,2,0,0,1,1,,,,6,8,2
두산,2,0,1,6,0,1,0,0,3,,,,13,21,1
한화,0,0,0,0,0,0,3,0,1,,,,4,6,0
삼성,0,0,0,1,0,0,0,0,1,,,,2,5,0
넥센,5,1,0,2,0,0,0,1,-,,,,9,14,1
KIA,0,2,0,0,0,1,0,0,0,,,,3,9,0
LG,0,0,0,1,1,0,1,0,1,,,,4,12,0
kt,0,1,0,0,0,0,0,0,0,,,,1,4,2
NC,0,0,1,0,0,0,3,1,-,,,,5,10,0
롯데,0,1,0,0,0,1,4,3,0,,,,9,10,0
SK,0,0,0,0,0,1,0,2,0,,,,3,7,0
두산,0,0,0,1,1,2,1,0,3,,,,8,13,1
한화,0,0,0,1,0,2,0,0,0,,,,3,10,0
삼성,0,0,0,0,1,0,0,0,0,,,,1,7,1
넥센,0,0,0,4,4,0,1,0,-,,,,9,13,0
KIA,0,0,2,1,0,0,1,2,0,,,,6,9,0
LG,2,4,0,0,0,3,0,0,-,,,,9,12,0
kt,0,0,0,0,2,1,0,1,1,,,,5,11,0
NC,1,0,0,0,0,0,2,1,0,,,,4,8,0
롯데,2,4,4,1,0,0,1,1,0,,,,13,16,1
SK,0,0,1,0,0,3,1,2,0,,,,7,11,1
두산,0,1,2,1,0,0,0,1,1,,,,6,11,2
한화,1,4,1,1,3,0,0,1,-,,,,11,13,0
삼성,0,0,0,0,1,1,0,3,3,,,,8,15,1
넥센,0,7,0,0,1,0,1,3,-,,,,12,14,0
LG,0,0,3,0,0,1,0,0,0,,,,4,11,0
한화,0,0,0,0,0,0,0,0,0,,,,0,4,0
롯데,0,0,1,2,3,1,0,1,1,,,,9,14,0
kt,1,0,0,0,0,5,1,0,0,,,,7,11,0
SK,0,0,0,0,6,,,,,,,,,,
삼성,0,6,0,0,0,,,,,,,,,,
넥센,0,0,1,0,0,1,3,0,0,,,,1,6,10
두산,1,0,1,0,0,2,1,0,0,,,,0,5,8
LG,1,0,2,1,2,1,0,0,0,,,,7,12,1
한화,2,0,0,7,2,0,0,0,-,,,,11,13,1
롯데,1,3,0,5,0,0,0,0,2,,,,11,18,1
kt,0,0,1,1,0,0,0,1,1,,,,4,11,0
NC,0,0,3,1,0,0,0,0,1,,,,5,13,0
KIA,0,0,0,1,0,0,0,5,-,,,,6,10,0
SK,0,4,0,0,0,0,0,0,0,,,,4,10,1
삼성,0,1,0,0,0,0,2,3,-,,,,6,6,1
넥센,0,6,0,0,0,0,2,0,0,,,,8,10,1
두산,0,0,0,3,2,0,0,0,0,,,,5,12,0
LG,2,1,1,1,0,1,0,0,0,,,,6,12,0
한화,0,1,2,1,0,0,0,2,3,,,,9,14,1
롯데,0,0,0,0,0,2,0,0,1,,,,2,0,0
kt,0,0,1,0,1,0,0,1,0,,,,2,0,0
NC,0,2,4,0,0,1,0,0,0,,,,7,7,0
KIA,1,0,3,0,0,0,0,0,0,,,,4,6,0
SK,1,0,3,0,0,0,0,0,1,,,,5,8,0
삼성,1,0,0,0,0,0,0,0,0,,,,1,5,3
넥센,0,0,0,1,0,0,1,0,1,,,,3,7,1
두산,1,0,2,1,1,0,4,0,-,,,,9,15,0
한화,0,0,0,0,0,1,0,4,0,,,,5,9,0
NC,0,0,0,0,0,0,0,0,0,,,,0,1,0
KIA,0,0,4,2,0,0,1,0,1,,,,8,12,0
넥센,0,0,0,1,0,2,1,0,1,,,,5,10,0
롯데,0,0,1,0,0,0,0,0,0,,,,1,5,0
LG,0,0,0,2,0,0,0,0,-,,,,2,4,1
두산,3,3,0,0,0,0,3,0,5,,,,14,17,0
삼성,6,1,0,3,6,0,0,0,-,,,,16,16,0
SK,4,0,0,1,0,0,3,3,2,,,,13,18,2
kt,0,1,1,1,2,0,4,0,0,,,,9,14,0
한화,0,0,1,1,0,0,5,1,0,,,,8,13,0
NC,0,0,0,1,0,0,0,0,0,,,,1,5,2
KIA,0,0,0,2,0,0,0,2,0,,,,4,8,2
넥센,0,0,0,2,2,2,0,3,-,,,,9,14,2
롯데,2,0,2,3,0,1,0,0,0,,,,8,14,2
LG,1,0,1,9,0,1,3,3,-,,,,18,19,0
두산,0,0,0,0,2,0,5,1,3,,,,11,17,1
삼성,0,0,0,0,2,2,0,0,0,,,,4,9,0
SK,0,3,1,2,0,0,0,1,0,,,,7,6,0
kt,0,0,1,1,1,1,0,0,0,,,,4,10,0
한화,0,0,1,0,0,0,0,4,0,,,,5,9,0
NC,0,1,0,0,1,0,0,1,0,,,,3,11,0
KIA,1,0,4,0,0,0,2,7,0,,,,14,14,0
넥센,2,0,5,0,1,0,2,0,0,,,,10,14,1
롯데,0,0,0,0,0,1,1,0,0,,,,0,0,0
LG,0,1,0,0,0,0,1,0,0,,,,0,0,0
두산,0,2,1,0,1,4,2,2,0,,,,12,17,2
삼성,1,0,0,0,0,1,4,1,0,,,,7,14,0
SK,0,0,0,0,0,0,0,0,0,,,,0,5,0
kt,2,0,0,0,2,0,0,0,-,,,,4,8,0
두산,3,0,0,0,0,0,1,0,0,,,,4,9,1
NC,0,0,0,1,3,0,1,0,-,,,,5,11,0
삼성,0,0,5,0,2,4,2,0,0,,,,13,15,0
한화,0,0,0,0,0,1,0,1,-,,,,2,7,1
넥센,6,0,1,0,0,0,0,0,2,,,,9,11,0
롯데,0,1,0,0,1,0,0,1,0,,,,3,8,0
KIA,0,0,0,0,0,1,0,1,0,,,,2,8,0
SK,0,0,1,0,0,0,1,1,-,,,,3,6,0
kt,0,0,0,0,0,2,0,0,0,,,,2,6,2
LG,0,0,1,0,5,0,1,0,-,,,,7,12,0
두산,0,0,4,1,0,0,1,0,0,,,,6,8,0
NC,0,2,1,0,0,0,0,0,0,,,,3,7,2
삼성,0,0,0,0,0,0,0,0,0,,,,0,7,1
한화,2,0,0,0,0,0,2,0,-,,,,4,9,1
넥센,0,0,0,1,1,0,3,0,1,,,,0,2,0
롯데,0,0,0,1,1,0,0,4,0,,,,0,2,1
두산,0,6,0,3,0,0,0,0,0,,,,9,9,0
NC,0,0,0,0,0,0,0,0,0,,,,0,8,0
삼성,1,0,0,0,0,0,0,0,2,,,,3,10,3
한화,0,0,0,1,0,0,6,1,-,,,,8,6,0
넥센,3,2,0,0,1,0,0,0,0,,,,6,10,2
롯데,0,0,0,0,1,3,4,0,-,,,,8,11,2
KIA,0,0,0,1,0,0,0,3,0,,,,3,7,14
두산,2,0,0,0,0,2,0,0,0,,,,0,4,12
LG,0,1,0,0,0,0,0,0,0,,,,1,5,2
SK,0,2,1,4,2,0,0,1,-,,,,10,9,0
롯데,0,0,0,0,2,0,0,0,0,,,,2,4,1
한화,1,0,0,0,1,3,0,0,-,,,,5,5,0
NC,2,0,0,0,0,0,0,1,0,,,,3,9,1
kt,3,1,0,0,1,0,0,2,-,,,,7,13,0
넥센,0,0,0,5,2,0,1,0,0,,,,8,10,0
삼성,2,0,0,1,0,0,1,1,2,,,,7,11,1
KIA,0,0,0,0,0,0,0,2,0,,,,2,5,2
두산,7,0,2,2,1,0,0,0,-,,,,12,17,0
LG,0,2,0,0,0,1,0,0,0,,,,3,6,2
SK,0,0,1,1,0,0,0,1,3,,,,6,9,0
롯데,0,2,0,1,0,0,0,2,0,,,,5,6,1
한화,2,0,0,0,0,0,0,1,3,,,,6,8,1
NC,0,0,0,0,0,0,,,,,,,,,
kt,0,0,0,0,1,-,,,,,,,,,
넥센,0,0,1,2,0,0,0,0,0,,,,3,8,0
삼성,0,0,0,0,0,0,0,1,0,,,,1,7,0
한화,0,1,0,1,0,0,0,0,0,,,,2,5,2
KIA,2,1,1,3,1,1,0,0,-,,,,9,14,0
NC,0,0,3,0,0,0,0,0,3,,,,7,13,18
LG,0,2,0,0,2,0,0,0,2,,,,0,6,15
SK,0,0,1,0,6,0,2,0,0,,,,9,11,1
넥센,0,0,2,0,0,1,0,0,0,,,,3,8,0
한화,2,0,0,2,0,0,0,0,0,,,,4,10,1
KIA,0,0,0,2,0,2,2,0,-,,,,6,11,1
NC,0,1,0,1,0,1,0,0,0,,,,3,5,1
LG,1,4,1,3,0,3,0,1,-,,,,13,13,0
두산,2,0,0,0,0,3,0,0,2,,,,7,13,0
롯데,0,0,1,0,1,0,0,1,1,,,,4,9,1
SK,0,0,0,0,0,0,0,1,4,,,,1,0,0
넥센,1,0,0,1,1,0,0,0,2,,,,1,0,1
삼성,0,0,0,4,0,1,0,0,0,,,,5,13,1
kt,1,4,0,1,0,0,0,0,-,,,,6,13,1
한화,0,3,0,0,0,0,2,3,0,,,,8,13,0
KIA,0,0,0,2,0,0,0,0,0,,,,2,5,0
NC,0,1,0,0,0,0,4,0,0,,,,5,13,1
LG,0,2,0,0,0,1,0,0,0,,,,3,7,0
두산,0,0,0,5,1,0,1,2,0,,,,9,14,0
롯데,0,0,0,0,0,0,0,2,0,,,,2,10,0
SK,0,0,0,0,0,0,0,2,0,,,,2,9,1
넥센,0,0,0,3,0,0,0,0,-,,,,3,6,0
삼성,1,0,0,0,0,1,0,0,0,,,,0,0,0
kt,0,1,1,0,0,0,0,0,0,,,,0,0,0
한화,0,0,0,0,0,0,0,0,0,,,,0,4,0
SK,1,2,1,0,0,2,0,0,-,,,,6,12,2
kt,2,1,2,0,3,0,1,0,0,,,,9,13,1
롯데,0,2,0,0,4,1,4,0,-,,,,11,18,1
LG,0,3,0,0,1,0,0,0,0,,,,4,8,2
KIA,7,1,1,0,0,0,0,4,-,,,,13,14,0
NC,0,0,0,0,0,1,0,0,1,,,,2,5,1
넥센,1,2,0,0,0,1,2,0,-,,,,6,8,0
삼성,5,0,1,0,0,0,0,0,0,,,,6,11,1
두산,0,1,0,7,0,2,1,2,-,,,,13,20,2
한화,0,0,0,0,0,4,0,0,0,,,,4,8,0
SK,0,0,1,0,0,0,4,0,-,,,,5,8,0
kt,2,1,3,2,0,1,0,0,0,,,,9,15,1
롯데,0,0,0,1,0,0,0,0,0,,,,1,5,1
LG,0,0,4,0,3,0,1,5,0,,,,13,14,0
KIA,0,0,1,5,0,0,3,1,0,,,,10,17,2
NC,0,1,1,0,2,0,0,0,0,,,,4,12,0
넥센,1,0,1,1,0,3,0,0,-,,,,6,10,2
삼성,0,0,0,0,0,0,3,0,0,,,,3,10,0
두산,0,0,0,1,2,0,5,0,-,,,,8,9,1
한화,0,4,0,0,0,0,0,0,1,,,,5,8,0
SK,0,0,0,0,0,2,0,0,0,,,,2,6,0
kt,1,0,0,0,4,0,0,0,0,,,,5,10,1
롯데,0,0,0,5,1,4,0,0,-,,,,10,13,0
LG,0,3,1,1,0,0,1,0,2,,,,8,17,0
KIA,1,0,0,0,0,0,0,0,0,,,,1,5,0
NC,0,0,0,0,0,0,1,1,0,,,,2,8,0
넥센,0,0,1,0,0,0,0,0,0,,,,1,7,0
삼성,0,0,0,6,0,2,2,1,0,,,,11,19,1
두산,0,0,0,1,0,0,0,0,0,,,,1,11,0
KIA,2,2,0,0,0,0,0,2,0,,,,6,10,0
NC,0,1,4,3,0,0,0,0,-,,,,8,7,1
롯데,1,0,0,2,0,0,0,0,0,,,,3,10,0
삼성,0,2,0,1,0,3,0,0,-,,,,6,9,0
두산,1,0,0,0,0,0,0,0,0,,,,1,6,0
kt,0,0,7,0,0,0,2,0,-,,,,9,10,0
SK,0,3,4,1,0,0,2,0,0,,,,10,16,1
LG,0,1,2,0,0,0,0,0,0,,,,3,8,1
넥센,0,0,1,0,0,0,0,0,0,,,,1,6,0
한화,0,0,1,0,0,0,0,3,-,,,,4,10,0
KIA,0,0,0,0,0,0,0,0,1,,,,1,3,3
NC,0,0,0,0,0,1,3,1,-,,,,5,8,1
롯데,2,0,0,0,0,0,0,0,0,,,,2,9,1
삼성,0,0,0,2,0,1,1,0,-,,,,4,10,0
두산,1,1,1,0,0,0,0,0,3,,,,6,13,0
kt,0,0,0,0,0,0,0,0,0,,,,0,6,0
SK,0,0,0,0,0,1,0,0,0,,,,1,5,0
LG,0,2,0,0,1,0,0,0,-,,,,3,7,0
넥센,0,3,1,9,1,1,4,0,3,,,,22,15,3
한화,0,0,0,2,2,0,0,0,4,,,,8,15,1
KIA,0,1,0,0,0,1,0,1,0,,,,3,9,0
NC,0,1,2,0,0,1,0,0,-,,,,4,6,0
롯데,0,2,0,1,0,0,0,0,1,,,,4,11,1
삼성,1,1,0,2,1,2,1,0,-,,,,8,13,1
두산,0,0,0,1,0,0,1,0,2,,,,4,8,0
kt,1,6,1,1,0,2,0,0,-,,,,11,14,0
SK,1,0,2,0,1,3,0,0,0,,,,7,9,0
LG,0,0,0,3,0,0,1,0,0,,,,4,5,1
넥센,0,0,1,0,0,0,0,0,0,,,,1,5,1
한화,0,2,0,0,0,1,1,0,-,,,,4,12,1
한화,1,0,0,0,5,0,0,2,0,,,,8,12,1
kt,0,0,0,0,1,0,0,0,0,,,,1,8,1
LG,2,1,0,1,0,1,0,0,4,,,,9,16,0
넥센,2,0,0,0,0,0,0,0,1,,,,3,9,3
롯데,1,0,6,0,0,1,0,2,2,,,,12,17,0
두산,1,0,0,2,0,2,0,0,1,,,,6,12,0
NC,0,0,0,0,2,0,2,0,0,,,,4,12,2
SK,1,0,2,0,1,1,2,3,-,,,,10,10,0
삼성,1,1,1,0,0,0,0,0,0,,,,3,9,0
KIA,0,0,0,2,0,0,1,3,-,,,,6,10,0
한화,0,0,0,1,0,0,1,0,0,,,,0,0,0
kt,0,1,0,0,0,0,1,0,0,,,,0,0,2
LG,3,0,0,0,0,0,0,4,1,,,,8,11,0
넥센,0,2,2,0,2,0,0,0,1,,,,7,11,1
롯데,0,0,0,1,0,0,0,1,2,,,,4,8,0
두산,0,0,0,0,1,1,0,3,-,,,,5,9,1
NC,0,3,0,0,0,0,1,0,0,,,,4,8,1
SK,2,0,0,0,0,1,0,0,0,,,,3,13,0
삼성,1,0,0,2,3,0,0,1,0,,,,7,13,0
KIA,0,1,0,0,0,0,0,0,0,,,,1,5,3
한화,1,4,0,0,1,0,0,1,0,,,,7,15,1
kt,1,2,3,0,0,0,2,0,-,,,,8,10,2
LG,0,0,7,0,0,0,1,0,0,,,,8,13,0
넥센,0,1,0,0,0,1,0,1,0,,,,3,6,1
롯데,0,0,0,0,1,0,0,0,0,,,,1,6,0
두산,1,0,1,0,0,1,0,4,-,,,,7,14,0
NC,0,0,0,0,0,0,0,0,0,,,,0,7,0
SK,0,1,0,1,0,1,0,0,-,,,,3,10,1
삼성,1,0,3,1,0,0,0,1,0,,,,6,11,1
KIA,0,0,2,0,0,0,0,0,0,,,,2,11,0
한화,0,0,0,0,0,1,0,0,0,,,,1,7,0
삼성,0,0,0,0,0,0,0,0,0,,,,0,4,0
kt,1,0,0,1,0,1,0,1,0,,,,4,7,1
KIA,2,0,0,0,0,0,3,1,-,,,,6,10,0
두산,1,0,0,0,0,2,1,0,0,,,,0,0,1
LG,2,0,0,2,0,0,0,0,0,,,,0,0,0
SK,2,0,2,0,0,0,0,0,2,,,,6,10,1
롯데,0,2,0,0,0,0,0,0,0,,,,2,5,0
넥센,0,0,1,0,1,1,2,3,0,,,,8,14,0
NC,0,0,3,0,1,3,0,3,-,,,,10,12,0
한화,0,0,0,0,0,0,0,3,0,,,,3,10,2
삼성,0,0,0,0,3,0,0,0,1,,,,4,10,0
kt,0,0,1,0,0,1,0,0,0,,,,2,8,0
KIA,3,0,0,0,0,0,0,5,-,,,,8,12,0
두산,0,1,0,0,0,2,8,5,1,,,,17,23,0
LG,3,0,4,1,0,0,2,0,0,,,,10,16,4
SK,0,2,0,0,1,0,1,0,0,,,,4,12,0
롯데,0,0,0,0,1,0,0,1,1,,,,3,11,1
넥센,0,0,1,3,1,1,0,0,0,,,,6,10,0
NC,1,1,0,0,0,0,0,0,1,,,,3,7,1
한화,2,0,0,2,0,0,0,0,0,,,,4,7,1
삼성,0,0,0,0,0,2,0,2,1,,,,5,7,1
kt,0,1,0,0,2,1,2,0,0,,,,6,9,1
KIA,3,0,0,1,0,0,0,0,1,,,,5,12,0
두산,0,0,0,0,0,0,2,1,3,,,,6,9,0
LG,1,0,0,0,0,0,0,0,0,,,,1,2,1
SK,1,0,0,1,1,0,0,1,0,,,,4,10,1
롯데,2,0,4,0,5,0,1,0,-,,,,12,14,0
넥센,1,0,0,0,0,1,2,0,2,,,,6,8,1
NC,0,0,2,0,0,0,1,0,0,,,,3,8,1
KIA,0,0,0,0,0,0,0,0,0,,,,0,4,1
한화,0,3,1,0,1,0,0,0,-,,,,5,9,1
kt,0,0,3,1,0,0,0,4,1,,,,9,12,1
넥센,0,0,0,0,1,0,5,0,0,,,,6,11,0
NC,0,0,0,1,0,0,0,0,1,,,,0,0,1
롯데,0,0,0,0,2,0,0,0,0,,,,0,0,0
두산,0,0,0,0,0,1,0,0,0,,,,1,4,1
SK,0,0,0,1,0,0,1,1,-,,,,3,9,1
삼성,3,2,0,0,2,4,0,0,0,,,,11,11,0
LG,0,0,0,0,0,0,1,0,0,,,,1,8,0
KIA,4,0,2,0,1,0,2,2,0,,,,11,13,0
한화,1,2,0,0,0,0,0,0,0,,,,3,10,2
kt,3,0,0,0,0,0,0,0,0,,,,3,9,1
넥센,2,0,0,2,0,2,1,0,-,,,,7,10,0
NC,5,0,3,1,0,0,0,0,0,,,,9,12,1
롯데,0,3,1,1,0,0,0,1,0,,,,6,15,1
두산,0,0,1,0,2,0,0,2,0,,,,5,11,0
SK,4,3,1,0,3,0,0,0,-,,,,11,15,1
삼성,0,0,1,0,0,0,0,0,0,,,,1,7,1
LG,0,0,0,0,0,0,0,0,0,,,,0,7,1
KIA,2,0,0,1,0,0,0,0,0,,,,3,5,1
한화,0,0,4,2,0,0,0,0,-,,,,6,11,0
kt,0,1,0,0,4,2,0,0,0,,,,7,8,1
넥센,0,0,0,0,0,0,2,2,0,,,,4,9,3
NC,0,0,0,0,0,1,0,0,0,,,,1,6,1
롯데,2,1,3,1,0,2,2,2,-,,,,13,15,0
두산,0,0,0,0,1,0,0,0,2,,,,3,7,2
SK,0,0,0,5,0,2,0,1,-,,,,8,14,2
삼성,0,3,2,0,0,0,0,0,0,,,,5,12,0
LG,0,0,3,0,1,0,0,0,3,,,,7,9,1
한화,0,1,0,6,0,0,4,1,4,,,,16,15,0
두산,0,1,0,2,1,2,0,0,1,,,,7,16,0
KIA,4,0,0,0,2,2,0,0,0,,,,0,2,10
삼성,2,0,0,0,3,0,3,0,0,,,,0,3,11
LG,0,0,0,1,0,2,2,0,2,,,,7,12,1
kt,3,0,2,3,0,0,0,1,-,,,,9,11,1
롯데,0,4,1,1,1,1,1,0,0,,,,9,13,0
넥센,0,1,0,0,0,1,0,0,0,,,,2,9,1
SK,0,0,0,0,0,0,0,0,0,,,,0,2,1
NC,0,0,0,0,0,0,0,0,1,,,,1,7,1
한화,1,0,2,0,0,0,2,0,1,,,,6,15,1
두산,2,0,2,1,2,0,2,4,-,,,,13,15,1
KIA,0,0,0,0,0,2,0,0,0,,,,2,7,1
삼성,0,1,0,0,2,0,0,0,-,,,,3,9,1
LG,0,0,0,1,6,1,0,2,0,,,,10,21,1
kt,1,0,4,1,0,1,0,2,2,,,,11,11,2
롯데,0,0,0,0,0,3,1,5,2,,,,11,15,5
넥센,1,0,0,0,2,0,1,3,0,,,,7,8,1
SK,1,2,0,0,2,0,0,0,2,,,,7,13,1
NC,0,0,0,2,0,0,0,1,0,,,,3,7,2
한화,0,0,0,0,1,0,0,0,0,,,,1,5,0
두산,0,0,0,1,1,1,0,0,-,,,,3,6,1
KIA,0,0,0,0,0,0,0,1,0,,,,1,4,0
삼성,0,0,0,1,0,3,3,6,-,,,,13,15,0
LG,0,0,0,1,0,2,0,1,3,,,,7,10,0
kt,0,1,2,0,0,0,0,1,0,,,,4,8,1
롯데,0,0,3,0,0,0,1,0,0,,,,4,8,1
넥센,0,1,0,0,1,0,1,0,0,,,,3,11,1
SK,1,0,0,0,2,0,0,0,0,,,,3,7,1
NC,3,0,0,0,0,0,1,0,-,,,,4,6,2
kt,1,0,0,1,0,2,0,1,0,,,,5,8,0
한화,0,0,1,0,0,3,0,0,0,,,,4,10,1
LG,0,0,1,0,0,1,0,0,0,,,,2,11,1
두산,0,2,0,0,1,3,0,0,-,,,,6,11,0
롯데,0,0,0,0,0,1,0,0,0,,,,1,3,0
KIA,0,0,1,0,0,3,0,0,-,,,,4,6,0
NC,0,0,0,1,0,0,0,3,0,,,,0,0,0
삼성,2,0,0,0,0,0,2,0,0,,,,0,0,0
넥센,1,0,0,1,0,0,1,0,0,,,,3,6,1
SK,0,1,0,0,0,0,0,0,0,,,,1,3,1
kt,0,0,0,1,0,1,0,0,1,,,,3,7,1
한화,0,1,0,2,0,0,0,1,-,,,,4,6,0
LG,1,0,1,1,2,2,0,1,0,,,,8,17,2
두산,0,3,0,1,3,3,4,0,-,,,,14,16,0
롯데,0,0,0,0,0,1,0,0,0,,,,1,5,0
KIA,1,2,2,0,0,2,1,0,-,,,,8,15,2
NC,1,0,4,2,0,0,0,0,2,,,,9,12,1
삼성,3,0,0,1,0,0,1,0,0,,,,5,5,0
넥센,0,0,1,1,0,1,0,0,5,,,,8,12,2
SK,0,0,1,7,0,3,1,2,-,,,,14,20,1
kt,0,1,0,0,0,2,0,0,0,,,,3,6,3
한화,1,0,1,0,0,0,0,0,3,,,,5,7,2
LG,1,1,0,0,1,0,1,1,0,,,,5,10,0
두산,2,1,1,0,1,1,0,0,-,,,,6,9,0
롯데,5,0,0,0,1,1,0,2,0,,,,9,18,0
KIA,5,0,0,0,0,1,0,0,0,,,,6,7,0
NC,0,0,0,0,0,0,0,2,0,,,,2,11,1
삼성,1,0,1,1,0,0,0,0,-,,,,3,10,1
넥센,0,0,1,1,0,0,0,2,0,,,,4,11,0
SK,0,0,0,2,1,0,0,0,0,,,,3,5,0
NC,2,0,4,0,1,0,0,0,0,,,,7,8,1
한화,0,0,0,1,0,2,0,1,1,,,,5,10,1
두산,1,0,0,0,1,1,0,0,2,,,,5,11,3
KIA,3,3,0,5,0,0,0,2,-,,,,13,13,1
SK,0,4,0,4,0,0,0,1,0,,,,9,10,0
LG,0,1,0,0,1,0,0,0,0,,,,2,10,0
삼성,1,1,1,1,0,0,0,0,0,,,,4,10,0
롯데,2,0,0,0,1,0,2,0,-,,,,5,10,1
넥센,0,0,0,0,1,0,0,0,2,,,,3,8,0
kt,0,0,0,0,0,0,1,0,0,,,,1,3,0
NC,0,0,1,4,0,0,3,0,2,,,,10,14,2
한화,0,5,0,0,0,0,2,1,0,,,,8,13,2
두산,0,0,2,0,0,0,1,0,0,,,,3,8,0
KIA,0,0,0,1,0,1,3,1,-,,,,6,12,2
SK,0,4,0,0,1,0,0,1,6,,,,12,20,0
LG,0,0,0,0,1,0,0,2,0,,,,3,9,1
삼성,0,2,3,0,0,1,2,0,0,,,,8,12,0
롯데,0,0,2,0,0,0,0,0,0,,,,2,10,0
넥센,6,1,5,0,2,1,2,3,0,,,,20,20,0
kt,0,0,0,0,0,0,0,0,2,,,,2,8,0
한화,0,3,1,0,0,0,0,0,0,,,,4,7,0
두산,0,3,0,1,1,0,1,0,-,,,,6,8,0
KIA,0,0,0,0,1,0,0,0,0,,,,1,7,0
넥센,1,0,0,0,0,2,2,4,-,,,,9,19,0
kt,0,0,0,3,0,0,2,2,5,,,,12,12,2
NC,4,0,2,0,3,0,1,0,0,,,,10,14,0
LG,0,0,0,2,0,1,0,0,0,,,,3,7,1
롯데,1,0,1,1,1,0,0,0,-,,,,4,9,0
삼성,3,0,5,0,0,0,1,0,1,,,,10,16,1
SK,2,1,4,0,0,0,0,1,0,,,,8,9,2
한화,0,2,2,2,0,0,0,0,2,,,,8,10,1
두산,1,0,1,0,0,0,0,0,0,,,,2,7,1
KIA,0,1,1,0,0,0,0,4,0,,,,0,6,12
넥센,0,0,0,1,0,0,1,4,0,,,,1,7,15
kt,0,0,0,0,2,1,0,0,0,,,,3,6,0
NC,0,1,4,0,1,0,0,1,-,,,,7,14,0
LG,0,0,0,0,0,0,1,0,0,,,,1,2,0
롯데,1,0,0,0,1,0,0,0,-,,,,2,6,0
삼성,0,0,0,0,0,0,0,0,0,,,,0,3,1
SK,1,0,2,1,0,3,0,5,-,,,,12,14,0
롯데,0,2,0,0,6,3,0,0,0,,,,11,14,0
KIA,0,0,4,0,0,0,0,0,0,,,,4,6,0
두산,0,0,3,0,0,1,0,0,0,,,,4,12,0
kt,0,2,0,0,0,0,0,0,0,,,,2,3,0
SK,0,0,0,0,0,0,0,3,0,,,,3,3,1
NC,0,1,1,0,2,1,0,1,-,,,,6,10,1
삼성,1,0,0,0,2,1,0,2,3,,,,9,15,0
LG,1,3,0,0,0,0,0,0,2,,,,6,12,1
넥센,2,0,1,0,0,5,1,4,3,,,,16,25,1
한화,0,0,1,0,0,0,0,2,2,,,,5,13,2
두산,0,0,0,0,0,0,0,1,0,,,,1,9,0
kt,0,0,1,0,5,0,0,1,-,,,,7,13,0
SK,0,1,3,0,6,0,0,0,2,,,,12,9,2
NC,3,1,1,3,0,0,0,0,0,,,,8,10,2
LG,0,0,0,0,0,0,2,0,1,,,,3,8,1
kt,0,0,0,0,3,0,0,0,1,,,,4,8,0
롯데,0,0,2,0,0,0,2,0,0,,,,4,6,1
한화,0,0,0,4,0,1,0,1,-,,,,6,11,1
삼성,0,0,0,0,0,0,0,1,4,,,,5,9,0
NC,0,0,0,1,0,0,2,0,0,,,,3,6,2
넥센,0,0,0,0,4,1,0,0,2,,,,7,11,0
SK,0,0,0,0,0,2,0,1,0,,,,3,9,1
KIA,0,0,0,0,0,0,1,0,0,,,,1,7,1
두산,0,2,2,0,0,3,7,0,-,,,,14,18,0
LG,0,0,0,0,1,1,0,0,2,,,,4,10,1
kt,1,1,1,0,0,0,0,0,0,,,,3,5,0
롯데,1,0,0,0,1,2,1,0,0,,,,5,12,1
한화,0,2,3,1,0,0,5,0,-,,,,11,12,0
삼성,0,1,4,0,0,0,0,0,0,,,,5,8,0
NC,0,0,2,0,0,0,1,0,0,,,,3,2,1
넥센,0,2,2,1,0,5,1,0,0,,,,0,11,11
SK,0,2,2,0,0,0,0,5,2,,,,1,12,17
한화,1,1,0,3,2,1,0,1,0,,,,9,23,0
kt,0,0,0,0,0,0,0,0,2,,,,2,6,3
NC,0,0,0,1,0,0,2,0,0,,,,3,9,2
LG,1,0,1,0,2,0,1,1,-,,,,6,12,0
두산,0,0,0,0,2,1,0,0,3,,,,6,9,1
삼성,0,1,0,0,0,1,0,0,0,,,,2,7,0
SK,0,0,0,0,0,0,0,0,0,,,,0,4,1
롯데,0,0,1,0,1,1,5,2,-,,,,10,13,0
넥센,2,0,0,0,0,0,0,0,0,,,,2,8,0
KIA,0,0,0,0,1,0,0,6,-,,,,7,7,0
한화,0,1,0,0,0,0,0,0,3,,,,4,9,1
kt,3,0,0,4,1,3,0,1,-,,,,12,12,1
NC,0,0,5,0,1,5,0,0,0,,,,11,15,1
LG,0,0,0,0,0,0,1,0,0,,,,1,8,1
두산,0,0,0,1,1,1,2,0,2,,,,7,11,0
삼성,2,0,0,0,0,0,0,0,0,,,,2,9,1
SK,0,0,0,0,0,1,0,2,0,,,,3,3,0
롯데,0,0,0,0,0,0,0,0,0,,,,0,7,1
넥센,0,0,0,0,2,1,2,0,0,,,,5,12,1
KIA,2,0,1,1,0,3,0,0,-,,,,7,8,1
한화,0,0,0,0,0,0,1,0,0,,,,1,5,1
LG,3,0,0,0,0,0,0,2,-,,,,5,8,0
kt,2,1,2,0,0,3,0,4,0,,,,12,18,1
넥센,4,0,0,0,0,0,1,1,0,,,,6,11,1
롯데,0,0,0,1,0,0,0,0,0,,,,1,4,0
NC,0,0,0,2,1,0,1,3,-,,,,7,11,0
두산,0,0,0,1,0,0,1,0,1,,,,3,7,0
SK,0,0,0,0,0,0,0,0,0,,,,0,5,2
삼성,1,0,0,0,0,0,0,0,3,,,,4,8,1
KIA,0,0,2,0,8,1,1,0,-,,,,12,12,0
한화,0,0,1,1,0,0,0,3,0,,,,5,6,1
LG,0,2,0,4,0,0,1,1,-,,,,8,11,2
kt,0,2,0,0,1,0,1,0,0,,,,4,6,1
넥센,3,1,0,0,0,0,2,0,-,,,,6,9,0
롯데,1,0,2,0,0,0,0,0,0,,,,3,11,3
NC,1,0,5,3,0,0,1,1,-,,,,11,16,1
두산,0,2,0,0,0,0,0,0,0,,,,2,5,1
SK,0,1,0,4,1,0,1,7,-,,,,14,15,0
삼성,0,0,6,0,0,0,0,0,0,,,,6,9,1
KIA,0,4,0,0,0,1,0,0,0,,,,5,4,0
한화,0,0,0,0,4,0,3,0,0,,,,0,0,1
삼성,0,4,0,1,0,2,0,0,0,,,,0,0,0
KIA,2,0,1,3,0,0,0,0,1,,,,7,7,1
NC,0,4,0,2,0,0,0,4,-,,,,10,11,0
kt,0,0,0,0,0,1,1,1,0,,,,0,3,10
SK,0,0,0,0,0,0,0,1,2,,,,1,4,7
두산,1,0,5,0,3,7,0,1,0,,,,17,19,0
롯데,0,0,0,2,0,2,0,0,0,,,,4,6,0
넥센,1,0,0,1,0,0,0,0,1,,,,3,6,0
LG,0,0,0,0,0,1,0,0,0,,,,1,7,2
한화,4,0,0,3,0,0,0,0,0,,,,7,9,0
삼성,3,0,0,0,0,0,0,0,0,,,,3,6,1
KIA,0,0,0,0,0,1,0,0,3,,,,4,9,1
NC,1,0,0,2,1,0,0,0,1,,,,5,9,0
kt,0,1,2,0,0,0,0,0,0,,,,3,8,3
SK,1,1,1,2,3,0,0,0,-,,,,8,15,1
두산,0,0,7,2,0,0,2,0,2,,,,13,14,3
롯데,1,0,1,0,0,0,2,3,2,,,,9,12,0
넥센,0,0,3,0,0,0,0,1,0,,,,0,4,6
LG,0,0,1,0,0,0,1,1,1,,,,1,5,10
kt,0,2,1,0,0,0,0,0,0,,,,3,6,2
두산,1,0,1,1,4,2,0,1,-,,,,10,12,0
LG,1,0,0,4,0,0,1,0,0,,,,6,12,2
삼성,1,0,0,0,2,1,0,1,0,,,,5,10,0
SK,0,0,1,0,0,1,0,0,0,,,,2,8,0
한화,1,0,0,0,0,0,0,0,0,,,,1,5,1
KIA,1,0,0,0,0,3,2,0,3,,,,9,18,0
롯데,3,0,0,1,1,0,0,0,0,,,,5,11,0
kt,1,0,0,0,1,0,0,0,0,,,,2,8,1
두산,1,4,0,1,0,0,0,1,-,,,,7,10,0
LG,0,0,0,0,1,0,0,0,0,,,,1,3,1
삼성,0,3,0,0,2,1,0,0,-,,,,6,9,0
SK,1,0,0,2,4,0,0,0,0,,,,7,7,1
한화,0,1,0,0,0,0,3,1,0,,,,5,11,1
넥센,0,0,1,0,0,0,0,2,0,,,,3,6,1
NC,0,3,0,0,0,2,0,2,-,,,,7,10,0
LG,0,0,7,2,3,0,0,0,0,,,,12,10,0
한화,0,1,1,1,0,0,0,1,0,,,,4,8,2
NC,0,5,0,0,0,5,3,0,0,,,,13,14,3
두산,0,0,0,0,2,2,2,0,1,,,,7,10,0
SK,0,0,1,0,0,0,0,1,0,,,,2,6,1
KIA,0,0,0,0,0,0,0,4,-,,,,4,10,0
삼성,0,0,3,2,2,0,0,0,0,,,,7,14,0
kt,0,1,0,0,0,2,0,2,0,,,,5,12,2
넥센,1,0,2,1,0,1,0,0,1,,,,6,9,1
롯데,0,3,0,1,1,0,0,0,0,,,,5,8,1
LG,0,0,0,0,0,0,1,0,0,,,,1,8,0
한화,0,2,0,1,2,0,0,0,-,,,,5,11,2
NC,0,0,1,0,0,0,0,0,0,,,,1,5,0
두산,1,0,0,0,0,4,0,0,-,,,,5,8,2
SK,1,0,1,1,0,0,1,0,2,,,,0,6,13
KIA,0,1,0,2,0,1,0,0,2,,,,1,7,13
삼성,0,0,0,1,0,1,0,0,0,,,,2,8,0
kt,0,0,0,0,2,1,0,1,-,,,,4,11,0
넥센,0,0,0,0,2,0,0,0,0,,,,2,5,0
롯데,0,0,0,0,0,0,0,0,0,,,,0,3,0
한화,0,2,0,0,1,0,0,0,0,,,,3,11,2
NC,5,0,0,2,0,2,0,1,-,,,,10,13,0
KIA,0,0,5,0,5,0,5,3,0,,,,18,16,0
삼성,0,1,1,0,1,0,0,0,0,,,,3,7,2
롯데,0,0,1,0,0,0,0,3,0,,,,4,9,0
LG,0,0,0,0,0,0,1,0,0,,,,1,7,1
두산,1,0,0,3,0,2,1,0,0,,,,7,14,1
넥센,0,3,0,0,1,0,3,3,-,,,,10,15,3
SK,0,0,0,2,0,3,0,0,0,,,,5,9,2
kt,0,0,0,1,3,1,1,3,-,,,,9,12,0
한화,2,1,0,1,0,0,0,0,3,,,,7,13,1
NC,2,0,0,0,0,1,1,0,0,,,,4,9,2
KIA,0,0,0,0,0,1,0,0,7,,,,8,13,1
삼성,1,0,0,0,0,4,0,1,3,,,,9,15,0
롯데,5,4,0,1,0,0,0,1,0,,,,4,15,22
LG,0,2,0,0,2,1,1,5,0,,,,0,11,15
두산,0,0,0,1,1,0,1,1,0,,,,0,4,7
넥센,2,0,0,0,0,0,2,0,0,,,,1,5,10
SK,5,4,2,4,1,2,0,0,0,,,,18,17,0
kt,4,0,1,1,1,0,0,1,0,,,,8,8,0
한화,2,0,0,1,0,0,3,2,0,,,,8,10,0
SK,0,0,0,0,0,1,0,1,0,,,,2,10,3
kt,0,2,0,2,1,1,0,4,0,,,,10,11,1
롯데,3,0,2,6,0,0,0,0,-,,,,11,12,1
NC,3,0,0,0,0,3,0,0,0,,,,6,10,0
KIA,2,2,1,1,0,0,0,0,1,,,,7,11,0
두산,0,0,0,4,2,2,0,0,1,,,,9,14,0
LG,0,0,2,1,0,0,0,0,0,,,,3,8,0
삼성,0,0,0,0,0,0,1,0,1,,,,2,10,0
넥센,2,0,0,0,0,0,1,0,-,,,,3,10,0
한화,0,0,1,0,0,0,2,0,1,,,,4,11,2
SK,0,0,2,0,1,0,2,0,-,,,,5,9,1
NC,0,0,0,0,0,2,2,0,0,,,,4,10,2
KIA,0,0,0,0,0,3,1,2,-,,,,6,10,0
두산,3,1,0,0,4,2,0,0,0,,,,10,13,0
LG,0,0,0,1,0,0,0,0,2,,,,3,9,1
삼성,2,0,0,1,1,2,4,0,0,,,,10,15,0
넥센,0,0,0,3,0,0,0,0,0,,,,3,10,2
KIA,4,0,2,0,0,1,4,0,0,,,,11,16,0
한화,0,0,0,0,0,3,0,2,0,,,,5,6,1
kt,0,0,0,0,4,0,0,1,1,,,,6,9,1
LG,1,0,0,0,0,0,0,0,0,,,,1,7,0
롯데,0,0,0,1,0,0,2,2,0,,,,5,9,0
삼성,0,1,0,0,0,0,1,0,0,,,,2,8,1
두산,0,0,0,1,0,6,3,0,3,,,,13,14,0
NC,0,1,6,0,1,0,0,2,0,,,,10,14,0
SK,0,0,0,2,0,0,0,0,0,,,,2,6,1
넥센,5,0,3,0,0,0,0,0,-,,,,8,9,2
KIA,0,4,0,0,1,0,0,0,1,,,,6,11,0
한화,1,0,0,3,0,4,0,0,-,,,,8,12,1
kt,0,0,0,0,0,1,0,3,0,,,,0,4,8
LG,2,0,1,0,0,0,0,1,0,,,,1,5,12
롯데,0,0,2,0,0,0,0,0,0,,,,2,7,1
삼성,2,0,0,0,0,0,0,3,-,,,,5,8,1
두산,0,0,1,0,0,1,0,0,1,,,,3,13,0
NC,0,0,0,0,0,1,0,3,-,,,,4,4,1
SK,0,0,0,0,0,0,0,0,0,,,,0,6,2
넥센,1,0,1,0,0,2,0,0,-,,,,4,9,0
KIA,0,0,3,0,1,2,3,0,0,,,,9,12,2
kt,0,0,1,0,0,3,2,0,1,,,,7,11,2
LG,0,0,2,0,0,0,4,0,1,,,,7,11,2
SK,2,0,0,2,1,0,1,10,-,,,,16,21,1
NC,0,1,6,0,0,0,0,0,0,,,,7,13,1
롯데,0,0,0,0,0,2,6,0,-,,,,8,14,2
삼성,4,0,0,1,1,1,0,1,0,,,,8,10,0
한화,0,0,0,1,0,0,0,0,0,,,,1,6,0
넥센,1,0,0,0,1,0,0,0,0,,,,2,9,0
두산,3,0,0,0,0,0,6,4,-,,,,13,14,0
KIA,0,0,1,0,0,0,0,1,0,,,,2,8,1
kt,4,1,2,0,0,2,0,0,-,,,,9,18,0
LG,0,0,0,0,0,2,0,0,0,,,,2,6,2
SK,0,0,0,0,2,0,0,3,-,,,,5,7,1
NC,0,0,2,0,2,0,0,0,3,,,,7,7,1
롯데,0,0,1,0,4,0,2,3,-,,,,10,12,1
삼성,0,1,0,1,0,0,0,0,2,,,,4,9,1
한화,0,2,2,0,1,0,1,2,-,,,,8,9,0
넥센,1,1,0,0,0,2,4,0,0,,,,8,9,0
두산,1,0,0,4,3,0,0,0,1,,,,9,11,2
KIA,0,0,0,0,0,1,0,0,0,,,,1,3,1
LG,3,1,1,2,2,0,0,0,-,,,,9,11,0
kt,0,0,0,0,1,0,3,0,2,,,,6,12,1
삼성,0,0,0,0,1,0,1,5,-,,,,7,12,0
롯데,1,0,0,0,2,2,1,0,2,,,,8,13,1
넥센,3,0,0,0,0,0,3,0,0,,,,6,8,0
NC,1,1,0,0,0,0,0,2,0,,,,4,9,2
SK,2,2,4,0,0,3,0,0,-,,,,11,14,0
두산,0,4,0,0,0,0,1,0,1,,,,6,10,2
한화,0,1,2,0,1,4,0,1,-,,,,9,13,0
KIA,1,1,0,0,0,0,0,4,0,,,,6,8,0
LG,0,0,2,0,0,0,0,0,0,,,,2,9,1
kt,0,0,0,2,0,3,0,0,0,,,,0,0,0
삼성,0,0,2,0,1,0,0,2,0,,,,0,0,0
롯데,1,1,0,0,0,0,2,3,1,,,,8,14,2
넥센,2,0,0,0,5,2,0,0,-,,,,9,5,0
NC,0,0,0,0,0,0,0,0,2,,,,2,7,1
SK,6,0,0,0,0,0,0,0,-,,,,6,8,0
두산,1,1,0,0,0,2,0,0,0,,,,0,4,9
한화,1,0,0,0,3,0,0,0,0,,,,1,5,10
한화,0,0,0,0,0,0,0,0,3,,,,3,4,0
KIA,1,0,0,0,0,3,0,0,-,,,,4,8,1
LG,0,0,2,1,4,0,0,0,1,,,,8,16,1
두산,0,0,1,0,5,0,1,2,-,,,,9,14,3
롯데,3,1,1,0,0,0,0,2,1,,,,8,15,1
kt,0,1,0,0,0,0,0,0,2,,,,3,4,0
NC,0,3,2,0,0,0,0,0,0,,,,5,11,1
넥센,1,0,3,0,0,1,0,0,1,,,,6,10,2
SK,2,0,0,0,1,0,0,0,0,,,,3,7,1
삼성,0,0,0,3,0,1,4,1,-,,,,9,11,0
한화,0,1,3,0,0,0,0,0,0,,,,4,9,1
KIA,0,1,0,0,3,0,0,2,-,,,,6,15,1
LG,0,0,0,0,0,0,1,0,0,,,,1,6,1
두산,2,1,0,0,0,3,1,0,-,,,,7,11,0
롯데,1,0,0,1,0,5,0,1,0,,,,8,14,0
kt,1,0,1,0,3,0,0,2,0,,,,7,11,1
NC,0,1,0,1,0,0,0,0,0,,,,2,5,0
넥센,0,0,0,2,0,4,2,0,-,,,,8,9,0
SK,2,1,0,0,5,0,0,0,0,,,,8,9,2
삼성,0,0,0,0,0,0,0,4,0,,,,4,8,1
kt,2,2,2,0,0,0,0,0,0,,,,6,9,1
LG,1,0,4,2,0,1,1,1,-,,,,10,11,1
롯데,0,0,1,2,0,0,1,0,2,,,,2,8,14
SK,0,4,1,0,1,0,0,0,0,,,,0,6,10
NC,2,1,1,1,0,0,0,0,0,,,,0,1,6
KIA,0,0,0,0,2,0,0,2,1,,,,0,0,5
KIA,0,0,2,0,0,1,0,2,0,,,,5,12,3
삼성,0,0,5,3,11,1,0,0,-,,,,20,20,0
kt,0,0,0,0,1,3,0,0,0,,,,4,8,0
LG,0,0,0,3,0,0,0,0,0,,,,3,11,1
롯데,0,0,0,0,5,0,0,0,1,,,,6,9,1
한화,2,0,0,0,0,0,5,0,-,,,,7,9,0
KIA,0,5,1,0,0,0,1,0,0,,,,7,11,0
SK,1,1,0,1,0,0,0,0,0,,,,3,10,0
롯데,0,0,2,0,2,0,0,1,2,,,,7,13,1
한화,0,0,0,0,0,0,0,2,0,,,,2,5,3
한화,0,1,2,0,0,2,0,0,0,,,,5,9,0
롯데,3,0,0,1,3,1,0,0,-,,,,8,9,0
KIA,0,1,1,0,3,2,0,1,0,,,,8,13,1
SK,2,0,0,1,0,0,0,1,0,,,,4,8,2
LG,0,0,0,0,2,0,1,0,0,,,,3,7,0
두산,0,0,0,0,0,0,0,1,0,,,,1,4,0
삼성,0,0,0,1,0,0,0,0,0,,,,1,6,1
kt,0,0,1,3,0,0,2,0,-,,,,6,9,0
넥센,0,0,1,2,1,0,0,1,0,,,,5,12,0
NC,0,1,2,0,0,0,0,0,3,,,,6,5,0
KIA,1,0,0,3,0,0,0,0,0,,,,0,4,10
두산,0,0,2,0,0,1,0,1,0,,,,3,7,13
롯데,0,3,0,1,3,0,0,1,0,,,,8,15,0
NC,0,0,0,1,1,0,0,0,0,,,,2,9,1
한화,0,2,3,1,0,0,2,2,0,,,,10,16,2
kt,0,1,0,0,0,0,1,4,0,,,,6,11,0
KIA,0,0,8,0,0,0,0,1,0,,,,1,0,10
롯데,2,1,4,0,0,1,0,0,1,,,,1,1,11
삼성,0,0,0,0,0,0,0,1,7,,,,8,11,0
SK,0,0,0,1,3,0,0,0,0,,,,4,8,0
kt,1,4,0,0,0,0,4,1,0,,,,10,12,0
롯데,0,0,0,0,0,0,0,1,0,,,,1,6,3
한화,0,0,0,0,0,0,0,0,1,,,,1,5,1
KIA,0,0,0,0,1,2,3,0,-,,,,6,10,0
kt,0,2,0,2,0,2,0,0,1,,,,7,8,0
롯데,0,0,0,0,0,0,0,0,0,,,,0,4,1
SK,4,0,0,1,1,0,0,1,5,,,,12,10,0
두산,0,1,0,0,1,0,2,0,1,,,,5,11,0
롯데,0,0,1,0,0,0,0,3,0,,,,4,6,0
KIA,0,0,0,0,0,0,0,0,0,,,,0,5,2
SK,0,2,0,0,0,0,0,1,0,,,,3,7,1
두산,0,1,0,0,1,0,1,5,-,,,,8,12,0
롯데,0,0,0,1,0,2,1,0,0,,,,4,8,2
KIA,3,0,0,0,0,0,3,0,-,,,,6,8,2
NC,2,0,0,0,0,0,0,0,0,,,,2,8,1
두산,2,1,0,3,0,0,0,7,-,,,,13,17,0
넥센,1,1,2,0,3,1,0,0,2,,,,10,15,2
kt,1,1,0,0,3,0,0,0,0,,,,5,11,0
kt,2,0,0,0,0,0,0,1,0,,,,1,4,12
두산,1,0,0,0,1,0,0,0,1,,,,0,3,15
LG,0,0,0,0,0,0,0,0,3,,,,3,8,0
SK,0,0,2,0,0,0,0,0,0,,,,2,12,1
롯데,1,0,1,0,0,2,0,1,0,,,,5,8,2
KIA,1,0,0,0,0,0,0,0,0,,,,1,7,0
NC,2,0,2,0,1,0,1,0,2,,,,8,8,1
한화,0,0,2,2,6,0,0,0,-,,,,10,11,0
두산,0,0,0,0,0,0,3,1,1,,,,5,8,0
롯데,0,0,0,1,0,0,0,0,0,,,,1,9,0
KIA,0,0,0,0,2,2,1,1,0,,,,6,8,4
넥센,0,0,0,0,5,0,4,1,-,,,,10,11,0
넥센,0,0,0,2,0,0,1,0,0,,,,3,9,4
한화,0,0,0,0,0,1,1,0,0,,,,2,12,1
넥센,0,0,0,3,3,0,1,0,0,,,,7,10,1
한화,0,1,0,3,0,0,0,1,0,,,,5,9,2
한화,0,2,0,0,0,1,0,0,1,,,,4,8,2
넥센,0,0,0,0,2,1,0,0,0,,,,3,5,0
한화,1,0,0,1,0,0,0,0,0,,,,2,9,1
넥센,0,0,1,2,0,0,0,2,-,,,,5,6,1
넥센,0,0,1,0,2,0,5,0,0,,,,8,11,1
SK,1,0,0,4,3,0,0,0,2,,,,10,13,3
넥센,0,1,0,0,0,0,0,0,0,,,,1,5,0
SK,0,0,1,0,1,2,1,0,-,,,,5,9,2
SK,0,1,0,0,1,0,0,0,0,,,,2,8,0
넥센,0,2,0,0,1,0,0,0,-,,,,3,7,0
SK,0,0,0,0,0,0,0,0,2,,,,2,4,1
넥센,0,0,0,2,0,2,0,0,-,,,,4,5,1
넥센,0,0,0,0,0,3,0,1,5,,,,1,10,13
SK,0,0,0,0,0,6,1,2,0,,,,2,11,11
SK,2,0,0,0,0,2,1,0,2,,,,7,7,0
두산,0,0,1,0,2,0,0,0,0,,,,3,7,1
SK,0,0,0,0,1,0,2,0,0,,,,3,6,1
두산,0,0,1,3,0,0,0,3,-,,,,7,11,2
두산,0,0,0,0,2,0,0,0,0,,,,2,8,2
SK,3,1,0,0,0,0,0,3,-,,,,7,11,2
두산,0,0,0,0,0,0,0,2,0,,,,2,11,0
SK,0,0,1,0,0,0,0,0,0,,,,1,4,1
SK,1,0,0,2,0,0,0,0,1,,,,0,0,0
두산,0,0,0,0,0,3,0,1,0,,,,0,0,0
한화,0,0,0,0,0,0,0,0,0,,,,0,4,4
두산,0,0,1,0,0,1,1,0,-,,,,3,4,1
KIA,0,1,0,0,0,1,0,4,1,,,,7,7,1
삼성,0,0,0,1,0,0,0,0,1,,,,2,7,1
kt,1,1,0,1,0,0,0,0,0,,,,3,9,1
SK,0,0,1,0,1,0,0,0,0,,,,2,8,2
LG,0,1,1,0,0,0,0,0,0,,,,2,4,1
넥센,0,0,0,0,0,1,0,0,0,,,,1,5,1
롯데,0,0,0,1,0,0,0,3,1,,,,5,7,2
NC,0,0,0,0,0,3,3,0,-,,,,6,11,2
한화,0,1,0,1,0,2,0,0,0,,,,0,2,6
두산,0,0,0,2,2,0,0,0,0,,,,0,1,5
KIA,0,0,0,2,0,0,4,1,0,,,,2,9,14
삼성,0,0,0,0,0,0,0,0,7,,,,0,7,10
LG,3,0,0,1,3,1,0,0,0,,,,8,11,0
넥센,0,0,0,3,0,0,0,0,0,,,,3,12,0
kt,0,0,0,2,0,0,0,0,0,,,,2,3,0
SK,0,0,0,0,0,0,0,0,0,,,,0,7,0
롯데,1,0,2,0,0,0,0,0,0,,,,3,6,1
NC,0,0,0,0,0,0,0,0,0,,,,0,7,1
한화,0,0,0,0,2,1,0,0,0,,,,0,1,0
두산,0,0,0,0,0,0,0,3,0,,,,0,1,1
KIA,0,0,0,1,0,2,0,0,0,,,,3,10,2
삼성,0,4,0,8,3,0,0,1,-,,,,16,17,1
kt,0,0,0,3,1,1,2,0,1,,,,8,11,0
SK,0,1,0,0,0,0,0,0,0,,,,1,3,2
LG,0,2,0,0,0,0,5,2,0,,,,9,10,1
넥센,0,0,0,0,1,0,0,0,1,,,,2,3,1
롯데,2,0,0,3,0,1,4,1,1,,,,12,13,1
NC,0,0,0,2,0,2,0,0,0,,,,4,4,0
NC,0,0,0,0,0,0,0,0,0,,,,0,3,1
한화,0,0,5,1,0,0,0,0,-,,,,6,10,1
SK,0,1,0,0,0,0,0,0,0,,,,1,5,1
KIA,1,0,0,0,0,5,0,0,-,,,,6,6,0
삼성,0,0,0,0,0,0,0,0,0,,,,0,7,2
LG,6,1,2,0,0,0,2,0,-,,,,11,16,1
넥센,0,0,0,0,0,1,0,0,1,,,,2,9,0
롯데,4,1,0,0,0,0,0,0,-,,,,5,9,0
두산,0,2,0,0,0,0,0,0,0,,,,2,8,1
kt,0,0,0,0,0,0,0,0,0,,,,0,3,0
한화,0,0,0,0,0,0,0,0,0,,,,0,4,4
두산,0,0,1,0,0,1,1,0,-,,,,3,4,1
KIA,0,1,0,0,0,1,0,4,1,,,,7,7,1
삼성,0,0,0,1,0,0,0,0,1,,,,2,7,1
kt,1,1,0,1,0,0,0,0,0,,,,3,9,1
SK,0,0,1,0,1,0,0,0,0,,,,2,8,2
LG,0,1,1,0,0,0,0,0,0,,,,2,4,1
넥센,0,0,0,0,0,1,0,0,0,,,,1,5,1
롯데,0,0,0,1,0,0,0,3,1,,,,5,7,2
NC,0,0,0,0,0,3,3,0,-,,,,6,11,2
한화,0,1,0,1,0,2,0,0,0,,,,0,2,6
두산,0,0,0,2,2,0,0,0,0,,,,0,1,5
KIA,0,0,0,2,0,0,4,1,0,,,,2,9,14
삼성,0,0,0,0,0,0,0,0,7,,,,0,7,10
LG,3,0,0,1,3,1,0,0,0,,,,8,11,0
넥센,0,0,0,3,0,0,0,0,0,,,,3,12,0
kt,0,0,0,2,0,0,0,0,0,,,,2,3,0
SK,0,0,0,0,0,0,0,0,0,,,,0,7,0
롯데,1,0,2,0,0,0,0,0,0,,,,3,6,1
NC,0,0,0,0,0,0,0,0,0,,,,0,7,1
한화,0,0,0,0,2,1,0,0,0,,,,0,1,0
두산,0,0,0,0,0,0,0,3,0,,,,0,1,1
KIA,0,0,0,1,0,2,0,0,0,,,,3,10,2
삼성,0,4,0,8,3,0,0,1,-,,,,16,17,1
kt,0,0,0,3,1,1,2,0,1,,,,8,11,0
SK,0,1,0,0,0,0,0,0,0,,,,1,3,2
LG,0,2,0,0,0,0,5,2,0,,,,9,10,1
넥센,0,0,0,0,1,0,0,0,1,,,,2,3,1
롯데,2,0,0,3,0,1,4,1,1,,,,12,13,1
NC,0,0,0,2,0,2,0,0,0,,,,4,4,0
NC,0,0,0,0,0,0,0,0,0,,,,0,3,1
한화,0,0,5,1,0,0,0,0,-,,,,6,10,1
SK,0,1,0,0,0,0,0,0,0,,,,1,5,1
KIA,1,0,0,0,0,5,0,0,-,,,,6,6,0
삼성,0,0,0,0,0,0,0,0,0,,,,0,7,2
LG,6,1,2,0,0,0,2,0,-,,,,11,16,1
넥센,0,0,0,0,0,1,0,0,1,,,,2,9,0
롯데,4,1,0,0,0,0,0,0,-,,,,5,9,0
두산,0,2,0,0,0,0,0,0,0,,,,2,8,1
kt,0,0,0,0,0,0,0,0,0,,,,0,3,0
NC,0,0,3,0,1,1,0,0,0,,,,5,11,1
한화,0,1,0,0,0,1,0,0,0,,,,2,8,1
두산,0,0,0,1,0,0,0,0,0,,,,1,7,0
kt,1,0,0,0,1,0,3,0,-,,,,5,8,0
SK,0,0,0,0,0,1,1,2,0,,,,4,8,0
KIA,0,0,0,3,0,0,0,3,-,,,,6,10,0
삼성,0,0,0,0,0,0,0,0,0,,,,0,4,2
LG,1,0,0,0,2,1,0,0,-,,,,4,8,0
넥센,0,0,0,0,1,0,0,0,2,,,,3,8,0
롯데,0,2,1,1,2,0,6,0,-,,,,12,17,0
한화,0,0,0,0,0,0,0,2,0,,,,2,10,0
KIA,0,0,0,1,3,0,0,0,-,,,,4,7,1
LG,0,0,0,0,0,1,5,0,0,,,,6,10,2
롯데,0,0,1,3,0,0,0,0,0,,,,4,5,0
NC,0,0,1,0,2,0,2,0,0,,,,5,10,1
SK,0,0,1,0,0,2,0,0,0,,,,3,6,0
삼성,2,0,0,0,0,0,0,0,0,,,,2,8,0
kt,2,0,0,0,0,0,0,0,1,,,,3,7,1
넥센,0,0,0,4,2,0,1,0,0,,,,7,11,1
두산,0,1,0,0,0,0,0,2,0,,,,3,9,0
한화,0,1,0,0,0,0,1,0,2,,,,4,12,0
KIA,0,2,0,0,0,0,0,1,0,,,,3,3,1
LG,1,0,0,0,0,0,2,2,1,,,,6,14,0
롯데,0,0,3,0,0,0,0,1,4,,,,8,15,0
NC,0,0,0,2,0,0,0,0,0,,,,2,4,1
SK,1,0,3,0,1,0,3,1,-,,,,9,13,0
삼성,0,0,0,0,0,0,0,0,0,,,,0,7,1
kt,1,0,0,0,0,0,0,0,-,,,,1,3,0
넥센,3,2,0,0,0,0,5,0,3,,,,13,20,1
두산,1,5,1,0,0,0,0,0,3,,,,10,16,1
한화,1,0,0,0,0,0,0,0,1,,,,2,13,0
KIA,0,0,0,1,0,0,2,0,-,,,,3,9,1
LG,0,0,0,0,0,1,0,0,0,,,,1,5,0
롯데,0,0,0,3,2,1,1,0,-,,,,7,10,0
NC,3,1,0,0,0,1,0,0,0,,,,5,12,1
SK,4,0,2,1,1,0,0,0,-,,,,8,13,1
삼성,0,0,0,0,0,0,0,0,0,,,,0,4,0
kt,0,2,0,0,0,1,0,0,-,,,,3,7,0
넥센,0,10,0,0,3,0,0,0,0,,,,13,19,1
두산,0,0,0,0,0,0,2,0,0,,,,2,3,1
한화,0,0,4,0,0,3,0,1,0,,,,3,11,14
삼성,0,0,2,3,3,0,0,0,0,,,,0,8,15
KIA,0,0,2,2,0,0,0,0,0,,,,4,8,1
두산,0,3,4,3,2,3,0,1,-,,,,16,21,0
kt,0,0,0,0,0,2,0,0,0,,,,2,8,0
넥센,0,1,3,0,5,1,2,0,-,,,,12,17,0
LG,1,0,0,0,0,2,0,0,0,,,,3,6,0
NC,0,0,0,1,0,3,0,0,-,,,,4,7,1
롯데,0,0,2,0,0,2,0,0,2,,,,6,8,0
SK,1,0,0,0,0,0,0,1,2,,,,4,10,2
한화,0,0,0,3,0,1,0,1,0,,,,5,7,1
삼성,0,0,0,0,0,0,0,1,2,,,,3,8,1
KIA,0,0,2,0,0,3,3,0,0,,,,8,9,1
두산,0,0,2,1,0,1,0,0,0,,,,4,7,3
kt,0,0,2,0,0,0,1,0,0,,,,3,8,4
넥센,0,0,0,1,0,3,1,0,-,,,,5,8,1
LG,0,0,0,0,0,0,0,0,0,,,,0,5,1
NC,1,0,0,0,0,0,0,4,-,,,,5,10,1
롯데,0,0,0,0,0,0,0,0,1,,,,0,0,0
SK,0,0,0,1,0,0,0,0,0,,,,0,0,1
한화,0,0,0,0,1,0,0,0,0,,,,1,4,2
삼성,0,0,0,0,0,0,1,4,-,,,,5,6,0
KIA,0,0,0,3,0,0,0,0,1,,,,4,8,0
두산,0,0,0,0,0,0,0,2,1,,,,3,12,1
kt,0,0,0,1,2,1,0,0,3,,,,7,13,3
넥센,3,1,0,1,0,0,1,0,0,,,,6,9,0
LG,0,0,0,1,0,0,0,0,0,,,,1,5,0
NC,0,0,3,0,0,0,0,0,-,,,,3,7,0
롯데,3,0,0,6,0,0,0,0,1,,,,10,12,0
SK,4,1,3,1,1,0,0,0,1,,,,11,13,1
kt,1,0,1,0,0,0,0,0,0,,,,2,9,1
LG,2,0,0,0,0,3,0,0,-,,,,5,10,0
두산,1,0,3,1,1,3,0,0,1,,,,10,13,2
NC,1,0,0,0,2,0,0,0,3,,,,6,10,0
SK,0,2,0,2,0,1,1,0,0,,,,6,11,1
한화,0,0,0,0,0,0,1,1,0,,,,2,6,1
삼성,0,1,0,3,0,1,0,0,1,,,,6,10,2
롯데,4,0,0,0,0,0,5,0,-,,,,9,9,1
넥센,0,0,0,0,1,1,0,0,0,,,,2,7,0
KIA,0,0,0,1,0,1,0,1,-,,,,3,7,1
kt,0,0,0,0,0,0,0,0,0,,,,1,1,3
LG,0,0,0,0,0,0,0,0,0,,,,0,0,7
두산,0,4,4,0,0,0,0,0,3,,,,11,14,0
NC,0,0,1,0,0,1,0,0,0,,,,2,11,0
SK,0,2,1,5,1,1,0,2,0,,,,12,17,1
한화,1,0,0,0,1,0,0,1,1,,,,4,13,1
삼성,1,0,0,0,0,2,0,1,0,,,,4,11,1
롯데,1,0,2,0,0,1,1,1,-,,,,6,9,1
넥센,0,0,0,0,0,0,0,2,0,,,,2,13,0
KIA,3,1,0,0,0,0,1,0,-,,,,5,12,0
kt,2,1,0,0,1,0,1,0,0,,,,5,14,1
LG,5,0,0,2,0,1,1,3,-,,,,12,16,1
두산,0,0,0,0,0,0,0,0,0,,,,0,6,1
NC,1,2,0,0,0,0,1,0,-,,,,4,11,0
SK,0,2,0,1,0,2,5,0,0,,,,10,12,0
한화,0,0,0,0,0,1,0,0,0,,,,1,6,1
삼성,0,0,0,0,0,3,0,0,0,,,,3,10,1
롯데,0,0,0,0,0,0,0,0,0,,,,0,8,0
넥센,0,0,0,3,0,2,0,0,1,,,,6,13,0
KIA,1,0,0,0,0,3,2,1,-,,,,7,11,0
KIA,0,0,0,0,3,1,0,0,1,,,,5,11,0
kt,0,0,0,0,0,0,0,0,0,,,,0,7,2
LG,0,2,0,0,0,0,0,0,0,,,,2,9,3
한화,0,1,0,0,0,1,0,0,1,,,,3,6,0
NC,0,0,2,0,1,0,5,0,0,,,,8,14,0
롯데,1,2,0,0,0,0,0,0,0,,,,3,11,0
삼성,1,0,0,0,0,1,0,0,0,,,,0,1,0
두산,0,1,1,0,0,0,0,0,0,,,,0,1,0
넥센,0,0,0,0,0,0,3,1,0,,,,4,8,1
SK,0,0,5,0,2,0,0,0,-,,,,7,9,1
KIA,1,0,0,0,0,0,0,0,0,,,,1,9,2
kt,0,1,0,0,2,0,0,0,-,,,,3,10,0
LG,0,0,0,0,0,0,0,0,0,,,,0,4,0
한화,0,0,1,0,0,2,0,0,-,,,,3,8,2
NC,0,1,4,0,1,0,1,1,0,,,,8,16,0
롯데,1,0,0,0,0,0,1,0,0,,,,2,7,1
삼성,0,0,0,0,0,0,0,1,0,,,,1,4,0
두산,0,0,0,1,0,0,0,0,1,,,,2,9,0
넥센,0,1,0,0,0,0,0,2,0,,,,3,6,2
SK,0,0,0,3,0,0,2,0,-,,,,5,7,2
KIA,1,4,0,3,0,0,1,0,0,,,,9,13,1
kt,1,0,0,0,1,0,0,0,0,,,,2,6,0
LG,1,1,1,0,1,0,0,0,0,,,,4,10,1
한화,2,0,0,0,1,0,0,0,0,,,,3,7,0
NC,0,0,1,0,1,3,0,0,0,,,,5,9,2
롯데,0,0,0,0,0,0,4,0,0,,,,4,8,1
삼성,0,0,2,0,0,0,0,0,0,,,,2,5,0
두산,1,0,0,1,0,0,0,2,-,,,,4,8,1
넥센,0,0,0,0,2,0,0,3,0,,,,5,11,2
SK,0,0,0,0,0,0,3,0,0,,,,3,6,2
한화,0,1,0,0,0,2,0,4,0,,,,7,10,0
kt,0,1,1,0,0,0,0,0,0,,,,2,8,0
KIA,0,0,0,1,0,1,0,0,0,,,,2,8,1
LG,1,1,0,0,0,1,0,3,-,,,,6,10,0
롯데,0,0,0,0,0,0,0,0,1,,,,1,4,2
넥센,1,0,0,0,0,1,0,2,-,,,,4,8,0
NC,0,0,0,0,4,0,0,0,0,,,,0,0,0
삼성,2,0,0,2,0,0,0,0,0,,,,0,0,0
두산,0,1,0,1,0,1,1,0,0,,,,4,10,2
SK,0,1,2,0,0,1,0,5,-,,,,9,11,0
한화,0,0,0,1,4,0,4,0,0,,,,9,17,2
kt,0,2,2,0,2,3,2,0,-,,,,11,13,0
KIA,0,0,1,0,0,2,0,2,0,,,,5,10,2
LG,0,0,2,0,0,0,0,0,2,,,,4,12,0
롯데,0,0,1,0,2,0,0,0,0,,,,3,12,0
넥센,0,1,0,0,0,0,0,0,1,,,,2,6,1
NC,0,2,1,5,0,3,3,0,0,,,,14,17,0
삼성,0,2,3,0,1,0,0,0,0,,,,6,8,0
두산,1,0,1,0,2,0,0,0,0,,,,4,10,1
SK,1,0,3,0,2,1,0,1,-,,,,8,11,1
한화,0,0,1,5,1,1,5,0,1,,,,14,19,0
kt,0,0,0,0,0,0,0,1,0,,,,1,7,1
KIA,0,0,0,0,0,0,0,1,0,,,,1,8,2
LG,2,0,1,2,2,0,0,0,-,,,,7,15,0
롯데,0,0,0,1,0,0,0,1,3,,,,5,10,0
넥센,0,2,0,0,1,0,3,0,-,,,,6,11,0
NC,0,0,1,0,1,0,0,4,0,,,,6,10,1
삼성,0,0,0,1,1,0,1,0,0,,,,3,8,0
두산,0,1,3,0,2,0,0,2,0,,,,8,14,1
SK,0,0,0,4,0,0,0,0,0,,,,4,6,3
한화,0,1,0,0,0,0,0,1,0,,,,2,6,0
롯데,0,1,0,2,0,0,0,1,-,,,,4,8,0
kt,0,0,0,0,1,0,0,0,0,,,,1,6,0
NC,0,0,0,1,0,1,0,0,-,,,,2,5,3
두산,1,0,4,0,0,0,0,3,1,,,,9,14,1
넥센,3,1,4,0,5,0,0,0,-,,,,13,17,0
SK,1,0,5,1,0,0,0,0,1,,,,8,12,0
LG,0,0,0,0,0,3,0,0,0,,,,3,10,0
삼성,2,0,0,1,0,0,0,0,0,,,,3,12,1
KIA,0,3,2,0,1,0,4,1,-,,,,11,12,0
한화,1,0,1,0,0,0,0,0,0,,,,2,7,1
롯데,2,0,0,2,1,3,0,0,-,,,,8,9,0
kt,1,0,0,0,0,0,0,0,3,,,,4,4,1
NC,0,3,2,0,1,0,5,0,-,,,,11,13,0
두산,0,0,0,3,0,0,0,0,0,,,,1,4,9
넥센,0,0,0,0,0,0,0,2,1,,,,0,3,10
SK,0,0,0,0,0,0,0,0,0,,,,0,2,1
LG,1,0,1,3,0,4,0,0,-,,,,9,14,0
삼성,0,0,0,0,0,0,0,0,0,,,,0,6,0
KIA,0,0,3,0,0,3,0,1,-,,,,7,11,0
한화,0,0,5,1,0,0,0,0,0,,,,6,11,0
롯데,0,0,0,1,0,0,0,0,0,,,,1,6,1
kt,0,0,0,0,0,0,0,0,0,,,,0,4,1
NC,1,0,1,0,0,1,0,0,-,,,,3,7,0
두산,0,1,0,1,0,0,0,1,0,,,,3,8,0
넥센,0,0,2,2,3,0,0,0,-,,,,7,10,0
SK,0,0,0,0,0,0,0,0,2,,,,2,6,0
LG,1,0,0,2,1,0,0,0,-,,,,4,11,0
삼성,1,0,0,4,0,2,1,0,1,,,,9,18,0
KIA,0,9,0,1,3,3,0,0,-,,,,16,19,0
LG,0,0,0,0,1,0,0,0,1,,,,2,5,0
kt,1,0,0,0,0,0,0,0,0,,,,1,5,0
롯데,0,0,0,0,0,0,0,0,0,,,,0,6,0
두산,0,0,0,0,0,1,1,0,-,,,,2,5,0
NC,1,0,0,0,1,0,1,0,0,,,,3,8,1
KIA,3,1,0,0,4,0,0,1,-,,,,9,11,0
SK,0,5,0,0,0,0,0,2,0,,,,7,9,0
삼성,1,0,0,0,3,0,1,0,0,,,,5,11,0
넥센,0,2,0,0,8,0,0,2,1,,,,13,13,0
한화,0,0,0,0,0,0,0,1,1,,,,2,6,0
LG,0,0,0,0,0,0,0,0,0,,,,0,6,0
kt,0,0,3,3,0,0,0,0,-,,,,6,12,0
롯데,0,1,0,0,0,2,0,0,0,,,,3,7,2
두산,0,0,0,0,0,0,4,1,-,,,,5,8,3
NC,1,0,0,0,4,0,0,0,0,,,,0,0,3
KIA,0,0,0,3,0,0,2,0,0,,,,0,0,1
SK,0,0,1,0,0,0,3,1,0,,,,5,8,1
삼성,1,0,0,1,0,3,5,2,-,,,,12,16,1
넥센,0,1,2,2,0,1,0,1,0,,,,7,14,0
한화,0,0,0,1,0,2,0,0,0,,,,3,9,3
LG,0,1,0,1,1,3,0,1,0,,,,7,13,0
kt,0,0,0,0,0,4,1,0,0,,,,5,7,1
롯데,2,0,0,0,0,0,0,2,2,,,,6,11,0
두산,0,0,0,0,0,0,0,0,0,,,,0,5,1
NC,0,1,0,3,0,0,0,3,5,,,,12,16,0
KIA,0,0,1,0,0,0,0,0,0,,,,1,4,1
SK,0,2,2,3,1,3,0,0,2,,,,13,13,0
삼성,1,0,0,0,1,0,0,0,0,,,,2,10,0
넥센,2,1,0,0,0,1,1,0,0,,,,5,8,0
한화,0,0,0,1,0,0,0,2,1,,,,4,12,1
한화,1,0,0,2,0,0,0,1,2,,,,6,13,0
SK,0,0,0,2,1,0,2,0,0,,,,5,13,1
KIA,1,4,1,1,0,0,0,0,2,,,,9,14,0
넥센,1,0,0,0,0,1,1,0,0,,,,3,12,4
롯데,0,0,2,0,1,2,2,0,2,,,,9,15,0
kt,0,0,0,0,0,0,0,0,0,,,,0,3,2
NC,0,0,0,0,0,0,2,0,0,,,,2,6,0
LG,0,0,1,0,0,0,0,0,0,,,,1,6,1
두산,2,0,0,0,0,0,0,3,0,,,,0,5,10
삼성,1,1,0,0,0,0,0,0,3,,,,1,6,9
한화,0,5,1,0,1,0,0,1,0,,,,1,9,12
SK,0,0,3,2,0,0,0,2,1,,,,0,8,10
KIA,0,0,1,0,0,0,1,0,0,,,,2,5,2
넥센,0,0,0,0,0,0,0,1,0,,,,1,11,0
롯데,1,0,1,0,0,0,0,0,0,,,,2,11,1
kt,0,0,0,4,1,0,2,1,-,,,,8,12,0
NC,0,0,0,0,0,0,0,0,0,,,,0,5,1
LG,2,0,6,0,3,0,0,2,-,,,,13,17,0
두산,0,6,0,2,0,0,2,0,0,,,,10,14,0
삼성,1,1,0,1,1,0,0,0,0,,,,4,8,0
한화,0,0,1,0,0,0,0,0,1,,,,2,10,0
SK,0,0,0,0,2,0,4,0,-,,,,6,8,0
KIA,0,0,0,1,0,0,0,0,0,,,,1,9,1
넥센,0,1,0,2,0,0,5,1,-,,,,9,9,0
롯데,0,2,0,1,0,0,0,0,0,,,,3,9,0
kt,1,0,0,0,0,1,0,0,0,,,,2,12,1
NC,0,0,0,0,0,0,3,0,0,,,,3,6,2
LG,0,2,1,0,0,0,0,1,-,,,,4,8,3
두산,6,0,1,4,0,1,3,2,0,,,,17,13,0
삼성,2,0,0,0,0,0,0,0,0,,,,2,8,1
KIA,0,0,0,2,0,0,1,0,0,,,,2,5,13
롯데,0,0,0,0,2,0,1,0,0,,,,0,3,9
kt,0,0,0,1,0,0,0,0,0,,,,1,6,3
한화,0,5,3,0,4,1,0,0,-,,,,13,18,0
LG,0,0,0,0,0,2,0,1,0,,,,3,6,0
두산,0,0,0,0,0,1,0,0,0,,,,1,9,0
SK,0,0,0,0,3,0,0,0,0,,,,3,11,0
넥센,0,0,0,0,3,1,1,0,-,,,,5,8,0
삼성,0,0,0,0,0,1,0,1,0,,,,2,8,0
NC,0,0,2,3,0,1,1,0,-,,,,7,11,1
KIA,0,1,0,1,1,0,0,0,0,,,,3,12,0
롯데,0,0,0,0,0,0,0,0,0,,,,0,9,1
kt,1,1,0,0,1,0,0,0,0,,,,3,7,1
한화,0,0,0,0,1,0,4,0,-,,,,5,14,0
LG,0,0,1,6,0,0,0,0,0,,,,7,6,0
두산,1,0,0,0,1,2,1,0,0,,,,5,7,0
SK,1,3,0,0,0,7,0,2,0,,,,13,20,1
넥센,0,0,0,3,0,0,0,0,2,,,,5,11,0
삼성,1,0,5,1,0,0,5,0,0,,,,12,10,0
NC,1,0,0,0,0,0,0,0,0,,,,1,8,4
KIA,0,0,0,0,1,1,0,3,0,,,,5,8,1
롯데,0,0,1,0,1,1,0,0,0,,,,3,13,2
kt,2,0,0,0,0,2,0,3,3,,,,10,11,0
한화,0,0,0,0,0,0,0,0,0,,,,0,4,0
LG,0,2,0,0,2,2,3,0,1,,,,10,16,0
두산,0,0,2,0,0,2,0,0,0,,,,4,8,0
SK,0,1,0,0,0,1,1,0,3,,,,0,0,0
넥센,0,0,0,0,1,4,0,1,0,,,,0,0,0
삼성,0,1,0,0,2,0,0,0,0,,,,3,8,2
NC,1,2,1,0,4,3,0,2,-,,,,13,14,1
kt,0,1,0,0,2,0,1,0,0,,,,4,12,2
KIA,0,5,3,1,0,0,0,0,-,,,,9,14,0
kt,0,2,0,0,0,0,0,0,1,,,,3,9,2
KIA,0,0,0,0,0,0,0,0,0,,,,0,3,0
LG,0,0,1,0,0,0,0,0,5,,,,6,15,0
삼성,0,0,1,0,0,0,0,0,0,,,,1,4,1
롯데,1,0,0,0,2,0,2,3,0,,,,8,15,1
한화,1,0,0,0,0,0,0,0,0,,,,1,5,1
SK,0,0,0,0,0,0,0,0,0,,,,0,5,0
두산,0,3,1,0,0,0,1,1,-,,,,6,15,0
넥센,0,0,0,0,0,0,0,0,0,,,,0,8,1
NC,0,0,0,1,2,0,0,0,-,,,,3,8,0
kt,0,0,4,0,0,0,0,0,0,,,,4,13,1
KIA,0,0,0,1,0,0,0,0,1,,,,2,5,1
LG,0,0,0,2,1,2,0,3,0,,,,8,10,1
삼성,0,2,1,0,2,0,0,0,0,,,,5,9,1
롯데,0,0,0,0,0,0,1,0,0,,,,1,4,2
한화,0,0,0,0,0,0,0,2,-,,,,2,5,0
SK,0,0,0,0,0,0,0,0,0,,,,0,4,1
두산,3,3,0,0,0,1,0,0,-,,,,7,10,0
넥센,0,0,0,0,1,0,1,0,0,,,,2,9,1
NC,0,0,0,0,0,1,0,0,0,,,,1,7,2
한화,0,1,0,0,0,3,0,0,1,,,,5,9,0
LG,0,1,0,0,0,0,1,1,0,,,,3,9,1
KIA,0,2,0,0,0,0,0,0,0,,,,2,9,2
SK,0,0,0,0,0,5,0,3,-,,,,8,8,0
NC,2,0,0,0,3,0,0,3,0,,,,8,10,2
kt,1,0,0,0,0,0,3,0,1,,,,5,8,0
넥센,1,0,0,0,0,0,0,0,0,,,,1,7,0
삼성,2,1,0,0,1,0,0,0,-,,,,4,9,0
한화,2,0,4,0,2,1,1,0,0,,,,10,13,1
LG,0,0,0,0,0,0,0,0,0,,,,0,7,2
KIA,0,0,0,0,0,0,0,1,2,,,,0,2,5
SK,3,0,0,0,0,0,0,0,0,,,,0,0,3
NC,0,0,0,0,0,1,1,0,0,,,,2,6,1
kt,0,1,1,0,2,1,0,0,-,,,,5,13,2
두산,2,2,3,2,0,0,0,0,0,,,,9,14,0
롯데,0,4,0,0,0,0,0,0,0,,,,4,7,0
넥센,1,0,0,0,4,0,0,0,0,,,,5,12,0
삼성,0,1,0,2,1,0,0,0,0,,,,4,7,1
한화,0,1,0,0,0,0,0,0,0,,,,1,9,0
LG,0,0,0,0,2,2,0,0,-,,,,4,9,0
KIA,0,0,0,2,1,0,0,0,0,,,,3,6,0
SK,0,0,0,0,1,1,1,0,1,,,,4,10,0
NC,0,0,0,2,0,0,3,0,0,,,,5,11,5
kt,0,2,3,0,0,3,2,0,-,,,,10,10,0
두산,2,4,2,3,0,1,2,0,1,,,,15,17,1
롯데,0,0,0,0,0,0,0,1,0,,,,1,8,0
넥센,0,0,2,0,2,0,0,1,0,,,,5,8,1
삼성,0,1,0,2,0,0,0,0,1,,,,4,9,1
한화,0,0,0,0,0,0,0,1,0,,,,1,4,0
넥센,1,0,0,0,1,0,0,0,-,,,,2,10,1
kt,0,0,0,0,0,0,0,0,0,,,,0,4,0
롯데,0,1,0,1,0,0,3,1,-,,,,6,12,2
LG,0,0,0,0,2,0,0,0,0,,,,0,0,2
KIA,1,0,0,0,0,1,0,0,0,,,,0,1,3
NC,0,0,0,2,0,0,0,0,0,,,,2,10,0
두산,0,0,0,0,0,0,1,0,0,,,,1,10,0
삼성,1,0,0,3,1,0,0,2,1,,,,8,10,0
SK,0,0,0,0,0,2,0,0,0,,,,2,4,3
한화,0,2,1,0,0,2,0,3,0,,,,8,12,1
넥센,2,0,0,1,0,0,0,1,0,,,,4,12,1
kt,0,2,0,0,0,0,0,1,1,,,,4,5,3
롯데,0,0,1,0,3,1,4,0,-,,,,9,14,2
LG,0,2,0,0,0,0,0,0,1,,,,3,8,0
KIA,0,3,0,3,0,0,2,0,-,,,,8,12,2
NC,0,0,1,0,0,0,0,1,0,,,,2,7,1
두산,0,0,0,0,0,0,1,0,0,,,,1,7,1
삼성,0,0,0,1,0,0,1,1,2,,,,5,10,1
SK,1,0,0,0,0,0,1,0,0,,,,2,6,2
한화,0,0,0,0,0,3,0,0,3,,,,6,9,0
넥센,4,0,0,0,0,0,0,0,4,,,,8,8,1
kt,0,0,0,0,0,0,1,2,1,,,,4,10,0
롯데,1,1,1,2,0,2,2,2,-,,,,11,19,1
LG,0,0,1,0,0,0,2,1,0,,,,4,15,0
KIA,0,1,5,1,0,2,0,0,-,,,,9,12,0
NC,1,0,2,0,0,1,0,0,0,,,,4,8,2
두산,5,1,0,1,0,0,0,0,-,,,,7,7,0
삼성,0,0,0,0,0,0,1,0,0,,,,1,3,0
SK,0,0,1,0,0,0,3,0,-,,,,4,12,1
롯데,0,0,0,5,0,0,0,4,0,,,,9,11,1
LG,0,2,0,2,0,0,0,0,0,,,,4,9,1
두산,0,0,0,1,0,1,0,0,5,,,,7,14,1
KIA,0,2,0,3,0,0,1,0,0,,,,6,9,1
SK,4,2,1,1,2,0,1,0,0,,,,11,12,1
NC,0,0,1,0,0,0,0,0,0,,,,1,7,0
삼성,0,2,0,0,0,0,2,0,2,,,,6,11,2
한화,0,1,0,0,1,0,0,0,0,,,,2,8,0
넥센,0,0,1,0,0,3,0,0,0,,,,4,9,2
kt,0,0,0,0,2,0,0,0,1,,,,3,9,0
롯데,0,0,0,0,1,0,0,0,1,,,,2,7,0
LG,0,1,0,2,0,0,0,0,-,,,,3,8,0
두산,0,2,0,2,2,0,0,0,0,,,,6,15,0
KIA,0,0,0,0,0,0,0,0,0,,,,0,8,0
SK,0,0,0,0,0,0,0,0,0,,,,0,4,0
NC,0,0,1,0,0,0,0,0,-,,,,1,6,0
삼성,0,0,0,0,1,2,5,1,0,,,,9,14,1
한화,0,0,0,4,0,2,0,1,1,,,,8,14,1
넥센,3,0,0,3,0,0,2,0,3,,,,11,15,0
kt,1,0,0,0,0,0,2,0,0,,,,3,8,1
롯데,0,0,0,0,0,1,0,1,1,,,,3,7,0
LG,0,0,0,0,0,1,0,3,-,,,,4,7,0
두산,0,0,0,1,2,3,1,0,0,,,,7,10,1
KIA,1,0,0,0,0,1,1,0,0,,,,3,9,2
SK,0,0,0,1,2,0,1,0,0,,,,0,5,9
NC,0,0,0,0,0,0,4,0,0,,,,0,0,4
삼성,0,0,0,0,0,2,5,1,0,,,,8,10,1
한화,0,0,1,0,0,1,2,2,1,,,,7,14,1
넥센,0,1,0,0,2,0,1,0,0,,,,4,12,0
kt,4,4,1,3,0,0,1,0,-,,,,13,17,3
KIA,0,0,3,7,0,1,2,0,0,,,,13,17,2
한화,0,0,0,0,1,1,5,0,1,,,,8,15,1
kt,0,0,3,3,3,0,1,0,2,,,,12,18,0
삼성,2,0,0,0,1,0,0,0,0,,,,3,6,0
NC,3,0,5,0,4,0,0,0,3,,,,15,17,1
넥센,0,0,0,0,1,0,3,0,0,,,,4,7,1
SK,1,0,0,0,0,0,0,0,2,,,,3,6,13
롯데,0,0,0,3,0,0,0,0,0,,,,4,7,9
KIA,0,2,3,2,0,0,1,1,0,,,,9,15,0
한화,0,0,0,0,1,0,0,0,2,,,,3,6,0
kt,1,1,0,0,1,1,0,0,0,,,,5,9,13
삼성,0,0,1,0,0,3,0,0,0,,,,4,8,13
NC,3,0,1,1,0,0,0,0,0,,,,5,14,0
넥센,0,1,0,2,0,0,0,1,0,,,,4,6,2
두산,0,0,0,0,1,0,0,1,0,,,,2,6,0
LG,0,0,0,0,0,0,1,0,0,,,,1,6,1
SK,0,0,1,0,0,0,0,4,0,,,,5,8,0
롯데,0,0,0,0,1,4,0,2,-,,,,7,12,0
KIA,0,0,0,0,4,0,0,2,0,,,,6,8,1
한화,0,0,1,0,0,0,0,3,0,,,,4,6,1
kt,0,0,0,0,0,0,0,0,4,,,,4,5,1
삼성,1,0,2,0,3,0,0,0,-,,,,6,5,0
NC,5,2,1,0,0,0,0,4,1,,,,13,15,0
넥센,0,3,0,0,0,0,0,0,0,,,,3,4,1
두산,0,0,1,0,0,2,5,1,0,,,,9,11,2
LG,3,0,0,0,1,3,0,0,0,,,,7,13,2
SK,0,2,3,0,0,1,0,0,0,,,,6,12,0
롯데,1,0,3,3,10,0,0,0,-,,,,17,18,1
한화,1,1,0,0,0,0,0,0,1,,,,3,15,2
NC,0,0,0,0,1,0,1,3,-,,,,5,11,0
kt,1,0,0,0,2,0,0,0,0,,,,2,5,18
두산,2,0,0,0,0,0,1,0,0,,,,0,3,7
LG,0,0,0,0,0,0,1,0,0,,,,1,6,0
SK,0,0,1,1,0,0,1,3,-,,,,6,8,0
롯데,0,0,1,3,1,3,0,0,0,,,,8,11,0
KIA,0,0,0,0,1,0,0,0,1,,,,2,3,0
삼성,0,0,0,0,3,0,0,0,0,,,,3,7,1
넥센,0,2,4,0,2,4,3,3,-,,,,18,20,2
한화,0,0,0,0,0,3,1,0,2,,,,6,11,0
NC,1,0,0,0,0,0,0,0,0,,,,1,10,0
kt,1,1,0,1,0,0,0,1,0,,,,4,12,0
두산,1,4,0,4,0,1,0,0,-,,,,10,14,1
LG,0,0,0,0,0,0,0,0,3,,,,3,5,1
SK,0,0,0,0,0,1,0,3,-,,,,4,9,1
롯데,0,0,2,0,2,1,2,0,0,,,,7,10,2
KIA,8,0,1,4,0,1,0,1,-,,,,15,17,1
삼성,0,1,2,0,0,1,0,0,0,,,,4,7,0
넥센,0,1,1,0,0,2,0,3,-,,,,7,13,2
한화,0,3,1,0,0,0,4,0,0,,,,8,12,0
NC,0,0,0,0,1,0,0,0,0,,,,1,8,1
kt,0,0,0,0,5,0,0,0,0,,,,5,8,0
두산,0,2,0,2,2,1,1,1,-,,,,9,12,0
LG,0,0,1,0,0,0,0,0,1,,,,2,10,1
SK,0,1,0,1,2,1,0,0,-,,,,5,7,0
롯데,0,1,1,0,1,0,1,0,0,,,,0,0,4
KIA,0,0,0,1,1,1,1,0,0,,,,0,4,8
삼성,0,0,0,0,2,0,0,0,1,,,,3,10,1
넥센,0,0,0,0,0,2,0,0,0,,,,2,12,1
KIA,1,0,2,0,0,0,0,4,2,,,,9,17,0
NC,1,0,2,0,0,0,4,0,0,,,,7,10,1
롯데,0,0,0,0,0,0,1,0,0,,,,1,7,0
삼성,0,0,0,0,0,0,0,0,0,,,,0,5,0
두산,0,0,0,0,0,0,1,1,0,,,,2,9,3
한화,2,3,0,0,0,0,0,0,-,,,,5,12,0
SK,1,0,4,0,1,0,0,2,0,,,,8,9,0
kt,0,0,0,0,0,0,2,0,1,,,,3,8,0
넥센,0,1,0,1,0,0,0,1,0,,,,3,7,1
LG,0,0,0,0,0,1,0,0,0,,,,1,6,0
KIA,0,2,0,3,0,0,0,0,5,,,,10,13,1
NC,0,0,0,0,0,0,0,0,2,,,,2,10,0
롯데,0,0,0,0,0,1,2,0,1,,,,4,7,3
삼성,0,0,0,3,0,3,5,0,-,,,,11,11,0
두산,0,0,0,0,0,1,0,0,0,,,,1,5,1
한화,2,0,0,0,0,1,0,0,-,,,,3,7,0
SK,0,0,4,0,1,3,0,0,0,,,,8,10,0
kt,0,1,0,1,0,0,0,0,0,,,,2,8,1
넥센,0,0,0,0,1,0,0,0,1,,,,2,8,0
LG,2,0,0,1,0,2,0,0,-,,,,5,13,2
KIA,0,5,0,0,0,0,2,0,0,,,,7,11,1
NC,2,4,1,1,0,0,0,0,-,,,,8,10,2
롯데,0,0,0,1,0,0,1,0,0,,,,2,6,2
삼성,0,0,3,0,5,2,0,3,-,,,,13,13,0
두산,4,0,0,0,2,0,2,0,0,,,,8,13,1
한화,2,0,0,0,0,0,2,2,0,,,,6,11,0
SK,0,4,2,0,0,0,4,0,0,,,,10,13,1
kt,0,0,0,1,0,0,1,0,2,,,,4,8,0
넥센,0,0,0,0,0,1,0,0,0,,,,1,8,1
LG,0,2,0,0,2,0,2,0,-,,,,6,11,0
KIA,1,0,0,0,0,0,0,0,0,,,,1,4,1
삼성,0,2,2,0,0,0,0,1,-,,,,5,14,0
kt,4,6,0,0,0,0,1,0,0,,,,11,16,0
롯데,0,0,0,2,1,0,4,1,0,,,,8,13,0
NC,0,0,1,1,0,1,1,0,0,,,,4,9,0
LG,0,0,0,1,0,0,0,0,0,,,,1,5,1
두산,0,8,1,0,3,1,0,0,2,,,,15,16,0
넥센,0,0,0,0,0,0,2,2,0,,,,4,7,1
SK,0,0,1,0,2,0,1,0,0,,,,4,6,2
한화,2,0,0,0,1,0,0,1,1,,,,5,13,0
KIA,0,0,1,1,3,0,0,0,0,,,,0,5,10
삼성,0,0,0,1,2,0,1,1,0,,,,1,6,13
kt,3,1,0,3,0,0,2,0,1,,,,10,16,1
롯데,0,0,0,0,0,0,0,1,0,,,,1,8,1
NC,0,2,0,0,0,0,1,1,0,,,,4,11,1
LG,0,2,0,0,0,0,0,1,0,,,,3,7,0
두산,0,1,0,0,3,1,0,0,0,,,,5,10,0
넥센,0,3,2,2,0,1,0,0,-,,,,8,16,0
SK,0,2,3,0,0,0,0,0,0,,,,5,6,2
한화,1,0,0,0,0,0,0,1,0,,,,2,10,0
KIA,2,0,0,1,8,0,1,1,0,,,,13,18,2
삼성,0,0,1,0,1,0,1,0,0,,,,3,7,1
kt,0,0,2,5,0,0,0,0,1,,,,8,12,2
롯데,0,0,5,3,0,2,4,0,-,,,,14,14,0
NC,0,0,0,4,0,0,0,0,2,,,,6,9,0
LG,1,0,0,1,2,1,0,0,0,,,,5,10,2
두산,0,0,0,0,0,0,3,0,3,,,,6,16,0
넥센,1,0,0,0,0,0,0,0,0,,,,1,10,0
SK,0,1,0,0,2,0,3,0,1,,,,7,11,3
한화,0,0,2,2,0,0,0,0,0,,,,4,8,0
롯데,1,0,1,0,0,3,0,0,0,,,,5,7,0
NC,0,1,0,0,1,1,0,1,0,,,,4,8,2
삼성,0,1,0,0,2,1,0,6,0,,,,2,12,18
두산,0,0,0,4,3,0,0,3,0,,,,0,10,9
넥센,0,0,0,1,0,3,0,1,0,,,,5,9,1
SK,3,0,2,0,0,0,0,0,1,,,,6,7,0
한화,0,0,0,0,0,0,0,0,0,,,,0,5,1
KIA,0,1,0,0,1,3,0,2,-,,,,7,12,0
LG,0,0,1,0,0,3,2,0,5,,,,11,12,1
kt,1,0,0,0,2,4,0,0,0,,,,7,12,1
롯데,0,1,0,0,1,2,0,0,0,,,,4,11,0
NC,4,0,1,1,0,4,0,2,-,,,,12,16,1
삼성,0,3,0,0,4,0,0,0,0,,,,7,10,1
두산,3,0,1,3,2,0,0,0,-,,,,9,13,1
넥센,0,1,1,0,1,0,0,2,1,,,,6,12,1
SK,0,0,0,1,0,1,0,0,0,,,,2,9,1
한화,2,0,0,0,0,0,0,2,0,,,,4,11,1
KIA,0,6,0,0,0,0,2,0,-,,,,8,13,0
LG,0,0,2,0,0,0,0,3,0,,,,5,8,0
kt,0,2,0,0,0,0,0,1,1,,,,4,10,0
롯데,0,0,0,0,0,0,0,0,0,,,,0,5,1
NC,5,0,2,2,0,4,0,3,-,,,,16,20,0
삼성,0,0,0,0,0,1,0,2,0,,,,0,3,6
두산,3,0,0,0,0,0,0,0,0,,,,1,4,6
넥센,0,1,0,1,1,0,0,2,1,,,,6,12,0
SK,0,0,0,0,2,0,0,0,0,,,,2,6,1
kt,1,0,0,1,1,0,0,2,0,,,,0,0,5
NC,0,0,2,0,0,2,0,1,0,,,,0,1,6
두산,0,1,0,0,3,0,0,0,0,,,,4,7,0
롯데,0,0,0,0,0,0,0,0,0,,,,0,5,1
SK,0,0,0,0,0,1,0,0,0,,,,1,8,0
LG,1,0,0,0,0,0,1,1,-,,,,3,6,0
삼성,0,2,0,0,0,0,0,2,4,,,,8,13,0
한화,0,4,0,0,0,1,0,0,0,,,,5,10,0
넥센,3,0,0,0,1,0,0,0,3,,,,7,11,0
KIA,0,0,0,0,0,3,1,0,1,,,,5,14,1
kt,0,1,0,0,0,0,0,0,0,,,,1,4,2
NC,0,0,0,0,1,0,3,0,-,,,,4,6,0
두산,0,2,0,0,2,0,0,0,2,,,,0,6,9
롯데,1,3,0,0,1,1,0,0,0,,,,1,7,15
SK,0,2,0,0,1,0,0,1,0,,,,4,7,1
LG,0,0,0,1,0,2,0,0,0,,,,3,9,2
삼성,0,0,0,1,0,1,0,0,0,,,,2,9,1
한화,4,0,0,1,1,0,0,4,-,,,,10,11,0
넥센,1,2,2,1,0,0,0,2,0,,,,8,13,0
KIA,0,1,0,0,0,0,1,0,2,,,,4,12,0
kt,0,0,0,0,0,0,0,0,0,,,,0,8,0
NC,2,1,0,0,2,0,0,0,-,,,,5,7,1
두산,0,3,0,0,0,0,0,0,1,,,,4,9,2
롯데,0,2,0,0,1,1,2,1,-,,,,7,12,2
SK,1,0,0,0,0,0,0,0,0,,,,1,4,1
LG,0,7,7,4,0,0,0,1,-,,,,19,18,0
삼성,0,0,0,1,0,2,0,3,1,,,,7,11,1
한화,1,0,0,1,0,2,0,0,0,,,,4,8,0
넥센,2,0,0,0,0,0,0,0,0,,,,2,3,1
KIA,1,0,0,2,1,0,2,0,-,,,,6,13,2
한화,0,0,0,1,5,0,3,0,2,,,,11,17,0
SK,0,0,4,2,2,0,0,0,0,,,,8,12,0
KIA,3,2,0,0,0,0,1,1,3,,,,10,10,1
롯데,1,3,0,0,0,0,3,0,0,,,,7,12,1
kt,0,0,0,0,0,0,0,0,0,,,,0,6,1
삼성,0,1,2,0,0,1,0,0,-,,,,4,9,1
LG,0,0,1,0,2,1,0,0,0,,,,4,11,0
두산,1,0,0,1,0,0,0,5,-,,,,7,10,0
NC,4,0,7,0,0,1,1,1,0,,,,14,17,1
넥센,5,0,0,0,0,0,0,0,0,,,,5,5,1
한화,1,0,0,0,0,0,1,1,0,,,,3,6,1
SK,1,0,0,0,0,0,4,1,-,,,,6,6,1
KIA,0,0,1,0,0,3,1,1,0,,,,6,11,0
롯데,0,0,0,0,3,0,0,0,0,,,,3,6,1
kt,1,0,0,0,5,1,0,0,0,,,,7,10,0
삼성,3,2,0,0,0,0,0,0,0,,,,5,9,2
LG,0,0,0,1,3,0,1,0,0,,,,5,9,0
두산,0,0,0,0,1,0,0,0,0,,,,1,7,0
NC,0,0,0,0,2,1,0,1,0,,,,4,15,0
넥센,0,0,0,3,1,0,4,0,-,,,,8,15,0
한화,0,2,0,0,0,0,0,0,1,,,,3,8,0
SK,3,0,1,0,0,0,0,0,-,,,,4,11,1
KIA,0,0,1,1,0,5,0,0,0,,,,7,12,0
롯데,0,0,0,0,0,0,1,2,2,,,,5,14,0
kt,0,0,0,0,1,1,0,0,0,,,,2,8,2
삼성,2,0,2,0,0,1,1,0,-,,,,6,8,0
LG,0,3,2,1,0,1,2,1,2,,,,12,18,0
두산,4,0,0,0,0,0,0,2,0,,,,6,11,3
NC,0,1,0,6,0,0,0,0,0,,,,2,9,15
넥센,0,0,0,3,0,2,2,0,0,,,,1,8,12
한화,4,2,0,0,1,7,1,0,0,,,,15,19,2
kt,0,2,0,0,8,0,4,0,0,,,,14,18,1
LG,1,1,0,0,3,3,1,0,0,,,,9,14,1
KIA,0,0,0,0,0,5,0,3,0,,,,8,12,1
롯데,1,0,0,0,0,0,0,0,0,,,,1,5,0
넥센,0,0,0,0,0,0,2,0,-,,,,2,5,0
NC,1,0,0,5,0,1,3,0,1,,,,11,15,1
두산,0,0,0,2,0,0,0,3,0,,,,5,11,0
SK,2,0,0,0,0,0,0,0,0,,,,2,7,1
삼성,0,0,0,0,0,0,0,0,1,,,,1,6,0
한화,0,3,0,0,0,2,3,0,1,,,,9,12,0
kt,0,0,1,0,0,0,0,0,0,,,,1,6,0
LG,0,2,1,0,0,0,0,0,0,,,,3,9,0
KIA,0,0,2,1,0,1,0,0,-,,,,4,7,0
롯데,1,0,0,0,0,0,0,0,1,,,,2,2,0
넥센,1,0,7,0,0,0,0,0,-,,,,8,10,0
NC,1,0,1,0,0,0,2,0,0,,,,4,9,0
두산,0,7,0,3,0,2,1,1,-,,,,14,17,0
SK,0,2,0,6,6,0,0,0,0,,,,14,17,0
삼성,1,4,0,0,0,3,1,1,0,,,,10,14,0
한화,0,0,7,3,0,0,0,2,1,,,,13,18,2
kt,0,0,3,0,0,0,0,0,2,,,,5,11,1
LG,0,0,3,0,0,6,4,0,3,,,,16,18,1
KIA,7,0,0,0,0,0,1,0,0,,,,8,9,2
롯데,0,1,0,0,0,0,1,1,0,,,,3,11,0
넥센,0,0,0,2,3,3,6,0,-,,,,14,16,0
NC,2,0,1,0,5,3,0,0,0,,,,11,17,2
두산,0,0,0,4,2,0,7,0,-,,,,13,16,4
SK,0,0,0,0,0,1,0,1,3,,,,5,12,3
삼성,0,0,3,1,1,0,0,2,-,,,,7,9,0
롯데,0,0,5,0,2,0,3,0,0,,,,10,16,2
kt,0,0,0,0,1,0,0,0,1,,,,2,10,0
NC,0,0,0,0,0,0,0,1,0,,,,1,7,0
SK,1,0,5,0,1,0,0,0,-,,,,7,7,1
삼성,0,0,0,1,0,1,0,0,1,,,,3,7,1
LG,0,0,0,4,0,0,1,0,-,,,,5,12,0
넥센,0,0,3,1,1,0,0,0,0,,,,5,9,0
한화,3,2,0,0,0,0,1,0,-,,,,6,9,0
롯데,0,0,3,0,3,0,1,0,3,,,,10,13,1
kt,0,0,0,1,1,0,0,0,2,,,,4,7,2
NC,0,0,1,0,0,0,1,0,0,,,,2,5,1
SK,0,0,0,0,0,0,0,0,1,,,,1,8,1
두산,2,0,1,2,1,0,2,0,0,,,,8,15,0
KIA,3,2,4,5,3,0,0,3,-,,,,20,20,1
삼성,0,0,0,0,1,4,1,4,0,,,,10,9,0
LG,2,0,0,0,0,0,1,0,0,,,,3,7,3
넥센,0,0,3,2,0,0,0,0,1,,,,6,9,0
한화,1,2,2,0,0,0,0,0,0,,,,5,6,1
롯데,2,0,0,1,0,0,0,0,0,,,,3,8,2
kt,5,0,2,0,0,0,1,2,-,,,,10,15,1
NC,2,0,0,0,0,0,0,4,0,,,,6,10,0
SK,0,7,6,0,0,0,0,0,-,,,,13,10,0
두산,0,0,2,1,0,0,0,2,0,,,,5,11,0
KIA,0,2,2,0,2,0,5,0,-,,,,11,18,1
삼성,0,0,3,0,1,0,1,0,0,,,,5,11,1
LG,1,0,0,0,0,0,0,0,0,,,,1,8,1
넥센,2,1,1,5,2,1,0,0,0,,,,0,12,20
한화,2,0,3,1,1,0,2,3,0,,,,1,13,16
한화,1,0,0,0,0,0,2,0,0,,,,3,6,0
삼성,4,0,1,0,0,0,0,0,-,,,,5,10,0
KIA,0,0,0,0,0,0,0,1,0,,,,1,9,1
NC,0,1,1,1,1,0,0,0,-,,,,4,11,1
kt,0,0,0,1,0,0,1,0,0,,,,2,6,2
SK,0,0,0,0,0,4,0,0,-,,,,4,5,0
LG,0,0,0,0,1,1,0,0,1,,,,3,10,0
넥센,2,2,0,0,0,0,3,1,-,,,,8,14,1
롯데,1,0,0,0,0,0,0,0,0,,,,1,7,0
두산,0,3,3,1,1,1,0,0,-,,,,9,12,0
한화,0,1,0,0,0,0,1,0,0,,,,2,8,2
삼성,0,1,6,0,1,0,0,0,-,,,,8,11,0
KIA,0,0,0,1,0,0,0,0,0,,,,1,8,1
NC,0,0,0,0,2,1,1,2,-,,,,6,7,0
kt,0,0,0,0,1,0,0,0,0,,,,1,5,0
SK,1,0,0,0,0,1,0,0,-,,,,2,7,0
LG,0,0,2,0,0,6,0,0,0,,,,8,12,0
넥센,0,1,0,0,0,0,0,1,0,,,,2,8,3
롯데,0,0,1,0,0,0,0,7,0,,,,8,13,1
두산,1,3,0,0,0,0,0,0,0,,,,4,9,0
한화,4,1,0,1,0,0,0,0,1,,,,0,0,7
삼성,3,1,0,1,0,1,1,0,0,,,,0,-,7
KIA,0,2,0,0,3,0,1,0,0,,,,6,6,0
NC,0,1,0,0,1,0,3,4,-,,,,9,10,1
kt,3,1,0,1,0,0,1,0,0,,,,6,11,1
SK,0,3,1,0,2,0,0,0,1,,,,7,9,1
LG,0,1,0,1,0,0,0,0,0,,,,2,8,0
넥센,0,2,0,0,0,0,2,0,-,,,,4,11,1
롯데,0,0,0,0,0,1,3,0,0,,,,4,11,0
두산,0,0,0,0,0,0,2,0,0,,,,2,8,2
kt,1,0,0,0,0,0,0,0,0,,,,1,7,1
한화,1,0,0,0,3,0,0,0,-,,,,4,11,1
LG,1,0,0,3,0,0,0,1,0,,,,5,0,0
롯데,0,2,1,0,0,0,0,2,0,,,,5,0,1
SK,0,0,3,1,0,0,0,1,0,,,,5,5,1
두산,0,0,1,0,0,0,0,0,0,,,,1,10,1
삼성,0,1,0,1,0,1,0,0,1,,,,4,9,2
KIA,1,3,0,0,2,4,0,1,-,,,,11,14,1
넥센,0,0,2,0,0,0,0,0,0,,,,2,7,1
NC,2,0,4,0,0,0,0,1,-,,,,7,11,0
kt,1,0,1,2,0,0,0,0,0,,,,1,5,10
한화,0,2,0,0,0,0,1,0,1,,,,0,4,12
LG,0,1,0,0,0,5,0,2,0,,,,0,0,1
롯데,0,2,0,0,0,4,1,1,0,,,,0,0,1
SK,0,0,0,2,0,0,0,1,0,,,,3,10,0
두산,0,0,0,0,0,0,0,0,0,,,,0,8,0
삼성,0,2,0,0,0,0,1,1,0,,,,4,10,2
KIA,3,2,1,1,0,1,4,1,-,,,,13,20,0
넥센,1,2,0,0,0,0,0,0,0,,,,3,8,0
NC,0,0,3,0,5,0,0,1,-,,,,9,11,1
kt,0,0,0,0,0,5,0,0,0,,,,5,9,0
한화,0,0,0,1,0,0,6,1,-,,,,8,10,1
SK,0,0,0,1,0,0,1,1,0,,,,3,9,1
두산,4,1,0,1,0,0,0,0,-,,,,6,11,0
삼성,0,0,0,0,1,0,0,0,0,,,,1,4,0
KIA,5,4,10,0,0,1,0,2,-,,,,22,29,1
KIA,2,0,0,1,1,3,3,0,0,,,,10,12,1
LG,0,0,0,2,0,2,1,1,0,,,,6,10,1
NC,0,0,0,0,0,0,0,0,0,,,,0,6,1
롯데,1,0,0,0,4,0,4,0,-,,,,9,9,0
두산,1,0,4,1,0,0,1,0,1,,,,8,13,1
한화,2,0,0,2,1,2,2,4,-,,,,13,16,1
삼성,1,1,1,1,0,0,1,0,0,,,,5,11,0
SK,1,1,3,0,0,0,1,1,-,,,,7,10,0
넥센,0,2,2,3,0,1,0,0,1,,,,9,15,1
kt,0,0,0,2,0,1,0,0,2,,,,5,15,0
KIA,1,0,0,1,0,0,2,1,5,,,,10,13,2
LG,0,2,0,0,0,0,0,0,2,,,,4,9,3
NC,0,0,3,0,0,0,2,0,0,,,,5,13,0
롯데,0,1,0,1,3,0,4,0,-,,,,9,10,0
두산,0,1,0,0,0,1,1,0,0,,,,3,11,1
한화,4,2,2,0,0,1,0,0,-,,,,9,12,1
삼성,0,0,0,0,0,0,0,2,5,,,,7,10,0
SK,0,0,0,0,0,2,0,0,2,,,,4,7,1
KIA,1,0,0,3,1,4,4,,,,,,,,
LG,1,1,2,0,0,0,-,,,,,,,,
NC,0,0,0,0,1,0,0,0,0,,,,1,5,3
롯데,0,0,0,1,1,0,0,0,-,,,,2,8,0
삼성,0,0,0,2,3,,,,,,,,,,
SK,2,1,1,2,0,,,,,,,,,,
넥센,0,0,4,1,0,0,,,,,,,,,
kt,0,1,0,0,0,0,,,,,,,,,
한화,4,0,0,0,0,0,0,1,0,,,,5,9,0
넥센,0,0,5,0,0,2,0,0,-,,,,7,12,0
KIA,4,5,0,6,0,0,0,0,0,,,,15,17,0
SK,1,2,0,0,0,1,0,0,2,,,,6,13,0
kt,0,0,1,0,0,0,0,0,0,,,,1,6,1
두산,0,1,2,0,4,0,1,0,-,,,,8,12,0
롯데,0,0,0,0,0,1,0,1,0,,,,2,6,0
삼성,0,2,0,0,0,0,1,1,-,,,,4,5,1
한화,2,0,0,0,3,2,0,0,0,,,,7,12,0
넥센,0,2,0,0,0,4,4,2,-,,,,12,19,1
KIA,0,0,0,1,12,0,1,1,2,,,,17,21,1
SK,4,0,4,4,0,0,0,6,-,,,,18,17,0
kt,0,0,0,0,0,0,0,0,1,,,,1,4,0
두산,0,0,0,0,1,0,2,0,-,,,,3,8,1
LG,0,0,6,0,0,1,1,4,0,,,,12,13,1
NC,2,0,0,0,0,1,0,0,2,,,,5,12,2
롯데,0,0,1,0,0,2,0,0,2,,,,5,10,2
삼성,0,2,0,0,0,0,3,0,1,,,,6,12,2
한화,0,1,0,2,0,1,0,2,0,,,,6,13,1
넥센,6,0,0,1,5,0,0,1,-,,,,13,18,0
KIA,0,0,0,1,0,0,2,1,1,,,,5,10,0
SK,0,0,0,0,0,3,0,0,0,,,,3,5,1
롯데,0,2,1,1,0,0,0,0,0,,,,4,9,1
삼성,0,0,0,0,0,0,2,0,0,,,,2,8,0
두산,0,1,2,0,1,1,1,0,0,,,,6,13,1
NC,0,0,1,0,0,0,0,0,0,,,,1,8,0
SK,1,1,1,0,0,1,0,2,0,,,,6,11,0
롯데,2,0,0,0,1,2,0,0,0,,,,5,9,0
넥센,0,4,0,0,0,2,2,1,0,,,,9,14,0
삼성,0,0,0,0,2,0,0,0,0,,,,2,10,1
한화,0,2,0,1,2,0,1,0,0,,,,6,11,1
LG,0,0,0,1,0,1,0,1,0,,,,3,10,0
KIA,0,1,12,3,0,1,0,0,3,,,,20,20,0
kt,0,0,0,0,3,0,5,0,0,,,,8,14,2
SK,0,0,1,2,0,0,1,0,0,,,,4,8,1
롯데,0,2,0,0,0,1,3,0,-,,,,6,8,1
넥센,2,0,0,0,6,0,1,1,0,,,,10,10,0
삼성,5,0,0,3,0,0,0,0,0,,,,8,12,2
한화,1,0,0,0,1,0,0,,,,,,,,
LG,2,0,1,0,0,0,-,,,,,,,,
두산,0,1,1,0,0,1,0,0,1,,,,4,13,0
NC,2,1,0,0,0,5,0,1,-,,,,9,15,1
SK,0,0,0,0,0,0,6,0,0,,,,6,9,0
롯데,0,0,0,0,0,0,0,0,0,,,,0,9,2
넥센,0,0,1,0,0,0,1,0,0,,,,2,6,1
삼성,0,1,2,0,2,0,0,2,-,,,,7,13,0
LG,0,0,0,1,0,0,0,0,0,,,,1,5,1
SK,0,0,2,3,1,0,0,0,-,,,,6,7,1
롯데,1,1,0,0,1,0,0,0,1,,,,0,1,5
한화,0,2,0,0,0,1,0,0,1,,,,0,0,4
NC,0,0,0,2,1,0,1,0,0,,,,4,12,0
KIA,5,0,2,0,0,0,0,0,-,,,,7,13,0
삼성,1,0,0,0,1,0,1,1,0,,,,4,8,2
kt,0,0,0,1,1,0,0,0,0,,,,2,10,0
넥센,3,1,0,0,0,1,0,0,0,,,,5,9,0
두산,0,0,0,0,0,0,1,0,0,,,,1,7,2
LG,1,0,3,0,0,1,3,3,1,,,,12,14,2
SK,4,0,0,0,1,0,1,0,0,,,,6,11,1
롯데,0,0,0,0,0,1,3,0,4,,,,8,10,1
한화,0,0,2,0,0,2,0,0,0,,,,4,10,1
NC,2,0,0,1,1,2,0,0,0,,,,0,6,11
KIA,0,1,0,1,0,1,1,0,2,,,,1,7,13
삼성,0,0,0,3,3,0,1,4,0,,,,11,16,0
kt,0,1,0,0,0,0,0,0,2,,,,3,9,0
넥센,0,3,0,0,0,0,0,0,0,,,,3,8,1
두산,0,0,0,1,0,0,1,0,2,,,,4,11,0
LG,1,0,2,2,1,2,1,0,0,,,,9,16,2
SK,0,0,0,0,0,0,0,1,0,,,,1,5,1
롯데,0,0,1,0,2,1,0,0,0,,,,4,12,0
한화,1,1,0,0,0,0,4,0,-,,,,6,8,0
NC,0,1,0,0,0,0,0,0,0,,,,1,6,0
KIA,1,0,0,4,0,0,2,0,-,,,,7,9,0
삼성,0,1,1,0,0,0,1,4,1,,,,8,12,0
kt,1,0,0,0,0,1,1,2,4,,,,9,12,2
넥센,0,1,1,0,0,0,0,0,2,,,,4,10,0
두산,3,0,4,0,0,0,0,1,-,,,,8,14,0
KIA,0,0,0,1,0,0,0,0,2,,,,1,4,11
넥센,2,0,0,0,0,0,0,0,1,,,,0,3,5
kt,0,0,0,0,0,0,0,0,2,,,,2,6,0
LG,0,2,0,0,0,0,0,1,-,,,,3,8,1
NC,2,0,1,0,1,1,2,0,0,,,,7,14,2
한화,0,3,0,0,0,0,0,1,0,,,,4,9,1
두산,0,0,0,0,0,1,1,3,1,,,,6,10,0
SK,0,0,0,0,0,0,3,0,1,,,,4,5,1
삼성,0,0,0,0,0,2,0,0,0,,,,2,3,1
롯데,0,0,0,0,1,1,3,0,-,,,,5,7,0
KIA,1,0,0,0,0,1,0,0,0,,,,2,8,0
넥센,2,0,0,0,0,1,1,0,-,,,,4,10,2
kt,0,0,0,0,0,0,2,0,0,,,,2,6,3
LG,0,1,0,0,1,2,0,0,-,,,,4,8,1
NC,0,2,3,0,1,3,0,2,2,,,,13,19,2
한화,0,0,2,0,1,1,2,0,3,,,,9,13,2
두산,0,0,0,0,0,1,0,3,4,,,,8,10,0
SK,0,3,1,1,2,5,0,0,-,,,,12,13,1
삼성,0,0,0,0,0,2,0,1,0,,,,3,7,0
롯데,0,0,0,0,0,0,0,0,0,,,,0,8,0
KIA,2,3,0,0,0,0,0,2,1,,,,8,17,2
넥센,0,0,3,0,4,0,0,0,0,,,,7,11,1
kt,1,0,1,0,3,3,1,0,0,,,,9,10,1
LG,6,0,0,0,2,1,0,1,-,,,,10,16,0
NC,3,1,0,0,1,0,2,0,0,,,,7,12,0
한화,0,0,1,0,1,0,0,1,1,,,,4,8,1
두산,0,1,0,1,0,10,0,0,2,,,,14,11,0
SK,1,0,0,0,0,1,0,0,0,,,,2,8,1
삼성,0,2,2,0,0,0,0,0,0,,,,0,0,0
롯데,1,0,0,1,0,1,1,0,0,,,,0,0,0
한화,0,2,0,2,1,1,0,0,0,,,,6,9,0
두산,0,0,3,1,1,3,0,1,-,,,,9,11,1
kt,0,0,0,0,0,0,0,0,0,,,,0,8,1
넥센,1,0,0,0,0,0,0,1,-,,,,2,7,0
LG,0,1,0,0,0,0,1,0,0,,,,0,8,10
삼성,0,0,0,0,0,1,0,0,1,,,,0,2,4
롯데,0,0,2,0,0,0,1,1,0,,,,4,10,0
KIA,0,0,0,0,2,1,0,0,0,,,,3,14,1
SK,0,2,1,0,0,2,0,0,1,,,,6,14,1
NC,1,7,0,0,1,1,0,0,-,,,,10,13,0
한화,0,0,0,0,0,0,1,0,0,,,,1,10,0
두산,2,0,0,8,0,4,0,3,-,,,,17,18,2
kt,3,3,0,0,0,1,1,0,0,,,,8,10,1
넥센,1,1,0,0,0,0,0,1,0,,,,3,5,1
롯데,0,0,0,0,0,0,0,0,1,,,,1,2,0
KIA,0,0,0,0,0,0,0,0,0,,,,0,5,1
SK,0,0,0,0,0,1,0,0,1,,,,2,7,2
NC,3,1,1,0,0,3,0,0,-,,,,8,13,1
한화,1,0,0,1,2,0,0,3,0,,,,7,13,1
두산,0,1,0,0,0,0,3,1,3,,,,8,12,0
kt,0,1,0,0,1,0,2,0,0,,,,4,8,1
넥센,0,0,1,0,0,1,2,3,-,,,,7,9,1
LG,0,3,1,1,0,0,0,1,0,,,,6,7,2
삼성,1,3,0,0,0,3,0,3,-,,,,10,11,1
롯데,0,0,0,0,3,0,0,0,0,,,,3,8,0
KIA,0,0,1,0,0,0,0,0,0,,,,1,7,0
SK,0,1,0,0,0,0,0,0,0,,,,1,7,1
NC,2,0,6,0,0,0,0,0,-,,,,8,11,0
NC,0,0,0,0,1,0,0,0,0,,,,1,6,1
삼성,0,0,1,0,1,0,1,0,-,,,,3,6,0
두산,0,0,2,0,0,0,2,0,2,,,,6,15,0
kt,0,0,0,3,0,0,0,0,2,,,,5,7,1
SK,0,0,4,2,0,3,0,1,0,,,,0,10,15
KIA,0,6,0,1,0,0,1,0,2,,,,1,11,15
넥센,1,1,0,0,2,2,0,0,0,,,,6,10,0
LG,0,0,0,0,0,0,0,0,0,,,,0,5,1
한화,0,0,0,0,0,0,2,1,5,,,,8,12,2
롯데,2,3,0,0,0,3,0,1,-,,,,9,13,1
NC,0,0,0,0,0,0,0,1,0,,,,1,6,0
삼성,0,2,0,0,3,0,0,0,-,,,,5,8,0
두산,0,1,1,3,0,0,1,0,1,,,,7,13,0
kt,0,0,0,2,0,0,0,1,0,,,,3,10,0
SK,0,0,0,2,2,3,0,0,0,,,,0,0,7
KIA,2,0,0,0,4,1,0,0,0,,,,0,1,8
넥센,0,0,0,0,1,0,0,2,0,,,,3,5,0
LG,0,0,0,0,0,0,0,1,3,,,,4,6,0
한화,2,1,0,0,0,0,0,0,3,,,,6,13,0
롯데,1,0,0,1,0,0,0,1,0,,,,3,8,1
NC,1,3,0,0,0,0,3,0,0,,,,7,13,0
삼성,0,0,0,0,0,0,0,0,0,,,,0,3,0
두산,0,0,0,1,0,0,4,0,0,,,,5,8,0
kt,0,0,1,0,0,0,2,0,0,,,,3,7,1
SK,1,0,0,0,0,0,0,0,0,,,,1,3,0
KIA,0,0,4,1,1,0,0,3,-,,,,9,13,1
넥센,0,1,0,2,0,0,0,0,0,,,,3,7,0
LG,0,0,2,0,0,0,0,0,2,,,,4,11,1
KIA,0,1,0,0,1,0,0,1,0,,,,0,0,0
두산,0,0,0,1,0,0,0,1,1,,,,0,0,0
LG,0,3,0,0,0,0,0,0,0,,,,3,2,0
한화,1,0,1,0,1,0,0,1,-,,,,4,10,0
롯데,4,0,1,0,1,1,0,0,0,,,,7,14,1
SK,3,1,0,3,0,0,0,0,1,,,,8,6,0
NC,1,0,2,0,0,0,1,0,0,,,,1,5,7
kt,1,0,0,2,1,0,0,0,0,,,,0,4,8
삼성,3,3,0,0,0,3,0,0,0,,,,9,19,1
넥센,0,1,0,0,0,0,1,0,0,,,,2,10,0
KIA,0,1,1,0,0,0,0,0,0,,,,2,5,0
두산,0,0,0,0,1,0,0,0,0,,,,1,6,0
LG,0,0,1,7,0,0,0,0,4,,,,12,19,0
한화,0,1,0,1,0,0,0,0,0,,,,2,6,0
롯데,1,0,0,0,0,0,0,0,0,,,,1,8,0
SK,0,1,1,2,0,0,0,0,-,,,,4,7,0
NC,1,0,0,0,0,1,0,1,0,,,,3,8,1
kt,2,0,0,0,0,0,1,1,-,,,,4,9,1
삼성,0,0,0,0,0,0,1,0,0,,,,1,11,0
넥센,2,1,0,0,2,7,2,0,-,,,,14,15,0
KIA,0,1,0,0,0,0,2,0,1,,,,4,5,0
두산,1,0,4,0,1,0,0,0,-,,,,6,10,0
LG,2,1,0,0,1,1,0,0,4,,,,9,10,0
한화,0,0,0,2,0,0,0,0,1,,,,3,7,1
롯데,0,1,0,0,0,0,0,0,2,,,,3,4,0
SK,1,0,0,0,0,0,0,1,0,,,,2,6,0
NC,0,1,0,0,0,2,2,3,0,,,,8,13,1
kt,0,2,0,0,1,0,0,0,0,,,,3,9,0
삼성,0,0,0,1,0,1,0,2,0,,,,4,10,0
넥센,4,0,0,0,1,4,0,0,-,,,,9,18,1
한화,0,0,0,3,0,1,0,0,2,,,,6,10,0
NC,1,0,1,0,0,1,1,3,-,,,,7,14,0
kt,8,1,0,0,2,0,3,0,1,,,,15,19,1
KIA,0,1,0,2,2,0,0,0,2,,,,7,12,0
롯데,0,0,0,0,0,0,0,0,0,,,,0,2,0
LG,0,1,1,0,0,0,0,0,-,,,,2,13,0
두산,2,3,0,1,5,1,0,0,0,,,,12,19,0
삼성,0,2,0,0,0,0,2,0,1,,,,5,15,2
SK,0,0,0,0,0,0,0,0,0,,,,0,3,0
넥센,0,2,0,0,0,1,0,0,-,,,,3,9,0
한화,0,0,0,1,0,2,1,0,2,,,,6,9,0
NC,0,0,0,0,0,0,1,0,1,,,,2,8,0
롯데,0,0,1,0,0,1,0,0,0,,,,2,4,13
LG,1,1,0,0,0,0,0,0,0,,,,3,5,9
두산,2,0,0,0,0,0,0,1,2,,,,5,11,1
삼성,0,0,1,1,0,0,0,0,0,,,,2,11,1
SK,4,0,0,0,0,0,0,0,0,,,,4,11,1
넥센,1,0,0,0,0,2,0,2,-,,,,5,8,0
한화,0,2,0,0,0,0,0,0,0,,,,2,3,2
NC,0,5,1,1,0,3,0,0,-,,,,10,16,0
kt,0,0,0,0,0,3,0,0,0,,,,3,11,0
KIA,2,0,0,3,0,2,1,1,-,,,,9,12,0
롯데,0,0,0,1,0,0,2,2,1,,,,6,8,1
LG,1,0,0,4,0,1,1,2,-,,,,9,13,2
두산,3,2,7,1,0,0,1,0,0,,,,14,17,0
삼성,0,0,3,0,1,0,0,0,0,,,,4,13,0
SK,0,0,0,1,1,0,0,1,0,,,,3,11,0
넥센,1,3,0,0,1,4,2,0,-,,,,11,13,1
KIA,0,0,0,0,0,3,0,0,0,,,,3,9,1
한화,3,1,0,1,0,1,0,1,-,,,,7,15,0
두산,3,3,4,0,0,1,0,0,0,,,,11,16,2
LG,3,0,0,0,0,0,0,0,1,,,,4,9,1
SK,2,0,0,2,0,0,2,0,0,,,,6,13,0
kt,0,2,0,0,0,2,0,0,1,,,,5,11,1
삼성,0,0,0,2,2,0,0,0,0,,,,4,9,1
NC,0,0,1,0,0,0,0,2,0,,,,3,7,1
넥센,5,0,0,2,0,1,0,0,0,,,,8,11,1
롯데,0,0,4,6,0,0,0,0,-,,,,10,14,0
KIA,1,0,1,0,3,1,0,0,1,,,,7,10,0
한화,1,0,0,0,0,0,0,0,0,,,,1,9,0
두산,0,0,0,0,0,0,0,1,1,,,,2,6,0
LG,0,0,0,0,0,0,0,1,0,,,,1,5,1
SK,1,1,0,0,0,0,0,1,0,,,,3,11,1
kt,0,0,0,1,0,0,3,0,-,,,,4,8,0
삼성,0,0,3,0,0,4,0,0,2,,,,9,13,1
NC,0,2,0,0,1,0,0,0,0,,,,3,7,0
넥센,1,0,0,0,0,0,0,2,0,,,,1,4,11
롯데,1,1,0,0,1,0,0,0,0,,,,2,5,9
두산,0,1,3,0,3,0,0,2,1,,,,10,14,0
LG,0,2,0,0,1,0,0,0,0,,,,3,7,0
SK,1,0,1,0,0,0,0,1,0,,,,3,9,2
kt,1,0,2,1,0,0,2,0,-,,,,6,9,0
삼성,0,0,0,0,0,0,0,1,0,,,,1,7,1
NC,0,0,3,0,1,0,0,0,-,,,,4,9,0
넥센,1,0,0,3,0,0,0,0,0,,,,4,8,1
롯데,0,2,0,1,0,2,1,0,-,,,,6,13,0
한화,1,0,0,0,0,0,0,0,0,,,,1,6,0
두산,2,0,6,0,0,0,0,0,-,,,,8,11,0
kt,0,0,0,0,2,0,0,2,0,,,,4,12,0
롯데,1,0,1,1,0,0,0,2,-,,,,5,10,0
LG,0,1,3,1,0,2,0,2,1,,,,10,12,1
삼성,0,0,1,2,1,2,0,0,2,,,,8,13,0
NC,0,0,0,0,0,0,0,0,0,,,,0,5,0
SK,2,0,0,0,0,1,0,1,-,,,,4,8,0
넥센,2,0,0,3,0,0,0,0,0,,,,5,12,0
KIA,0,0,0,1,1,0,1,0,0,,,,3,13,0
한화,3,0,2,0,2,0,0,0,5,,,,12,21,1
두산,2,0,2,0,2,0,0,0,0,,,,6,9,0
kt,0,0,1,2,0,0,3,0,0,,,,6,10,2
롯데,4,0,0,1,0,0,0,2,-,,,,7,15,2
LG,2,2,0,0,0,0,0,0,0,,,,4,11,0
삼성,0,0,3,1,0,0,0,3,-,,,,7,11,0
NC,1,0,2,2,1,0,0,4,0,,,,10,14,0
SK,1,1,0,0,3,0,0,0,0,,,,5,9,2
넥센,0,0,0,1,0,0,0,0,0,,,,1,4,1
KIA,0,1,5,0,3,0,0,1,-,,,,10,11,0
롯데,1,1,0,0,0,0,0,0,0,,,,2,6,1
NC,0,1,0,0,0,0,0,0,2,,,,3,5,0
두산,0,0,0,3,3,0,0,1,0,,,,7,12,0
넥센,0,0,2,0,2,0,0,0,0,,,,4,8,0
SK,1,0,0,0,1,0,0,0,0,,,,2,9,0
LG,0,0,1,0,0,0,0,0,0,,,,1,10,0
KIA,0,1,2,0,1,2,0,0,2,,,,8,13,0
kt,0,0,2,2,2,1,0,0,2,,,,9,13,1
롯데,0,0,0,1,1,0,0,0,0,,,,0,3,5
NC,0,1,0,0,0,0,0,1,0,,,,0,1,3
두산,2,0,0,0,0,1,0,0,0,,,,3,8,0
넥센,1,2,0,0,0,1,2,0,-,,,,6,10,0
SK,0,1,1,0,0,0,0,0,0,,,,2,7,1
LG,0,0,1,0,0,0,5,0,-,,,,6,9,0
삼성,0,0,0,1,0,1,0,0,1,,,,3,7,0
한화,4,2,0,0,1,0,1,0,-,,,,8,11,0
한화,0,2,0,2,1,0,0,1,0,,,,6,10,0
넥센,0,0,0,0,0,0,1,0,0,,,,1,7,2
kt,0,0,0,1,0,0,1,0,1,,,,3,8,2
SK,0,3,0,0,1,0,0,4,-,,,,8,13,0
LG,6,0,2,0,0,2,0,0,0,,,,10,16,1
KIA,2,0,0,0,4,0,0,2,3,,,,11,17,1
롯데,3,2,0,0,0,0,0,0,2,,,,7,15,0
삼성,1,1,0,0,8,0,0,3,-,,,,13,13,1
NC,0,0,0,0,0,0,0,0,0,,,,0,7,0
두산,0,0,0,1,0,2,0,0,-,,,,3,7,0
한화,0,0,0,1,0,0,0,0,0,,,,1,8,1
넥센,1,0,0,0,4,0,3,1,-,,,,9,15,0
kt,2,1,0,3,1,0,1,1,2,,,,11,19,0
SK,0,0,0,2,0,1,0,0,0,,,,3,8,1
롯데,1,0,0,7,0,0,1,0,0,,,,9,11,0
삼성,0,1,3,0,1,0,0,1,1,,,,7,18,1
NC,0,0,0,0,0,0,0,1,0,,,,1,5,1
두산,0,0,0,0,0,0,0,0,2,,,,2,7,1
NC,0,0,1,0,0,0,0,0,1,,,,2,6,0
KIA,1,0,1,0,0,1,1,0,-,,,,4,9,0
두산,0,0,0,0,1,0,0,0,5,,,,6,8,1
롯데,4,0,0,3,0,0,0,1,-,,,,8,11,0
kt,0,0,0,0,0,1,0,0,0,,,,0,1,7
LG,0,0,0,0,0,1,0,0,0,,,,1,2,7
NC,0,1,0,0,0,1,0,1,0,,,,3,6,0
KIA,1,0,0,0,1,2,0,0,-,,,,4,7,1
두산,0,0,1,0,0,1,0,0,0,,,,2,8,1
롯데,0,0,0,1,0,2,1,0,-,,,,4,7,0
SK,0,0,3,0,0,1,0,0,1,,,,5,10,0
한화,3,0,1,0,0,1,2,1,-,,,,8,12,0
넥센,1,2,0,3,0,0,0,0,0,,,,6,11,1
삼성,0,2,1,2,0,0,0,0,0,,,,5,9,1
한화,0,0,1,0,0,0,0,0,0,,,,1,6,0
NC,0,0,0,0,1,0,0,2,-,,,,3,5,2
KIA,1,0,0,0,0,0,0,0,0,,,,1,8,1
두산,4,0,0,0,0,0,0,0,-,,,,4,8,0
LG,0,0,0,0,0,1,0,0,0,,,,1,6,0
SK,1,3,0,0,2,0,0,0,-,,,,6,11,1
롯데,0,0,2,0,0,0,0,3,0,,,,5,10,0
넥센,0,0,0,3,0,0,0,0,0,,,,3,8,1
삼성,0,0,2,0,2,0,2,0,0,,,,6,11,0
kt,1,0,0,0,0,1,0,0,2,,,,4,8,2
한화,0,0,3,0,2,2,0,5,2,,,,14,19,1
NC,0,0,3,2,0,0,0,4,0,,,,9,12,3
KIA,0,1,0,0,0,0,0,0,0,,,,1,6,1
두산,0,1,1,0,0,0,0,0,-,,,,2,7,0
LG,0,0,0,0,2,0,0,0,0,,,,2,9,1
SK,0,2,0,3,0,0,1,2,-,,,,8,13,2
롯데,0,0,0,0,0,2,0,0,2,,,,0,0,4
넥센,0,1,0,0,0,3,0,0,0,,,,0,0,1
삼성,0,0,1,0,0,0,0,0,0,,,,4,5,9
kt,0,0,0,1,0,0,0,0,0,,,,0,1,3
롯데,0,0,0,0,0,0,0,0,0,,,,0,6,0
한화,1,0,0,0,0,0,1,0,-,,,,2,5,0
NC,0,0,0,0,0,0,2,0,1,,,,3,8,1
넥센,3,0,1,0,0,0,0,0,-,,,,4,8,1
두산,1,2,6,0,0,0,0,1,0,,,,10,15,0
kt,0,0,0,0,0,3,0,1,0,,,,4,9,0
SK,4,0,7,0,0,1,1,0,0,,,,13,20,0
KIA,0,0,0,0,0,0,0,1,0,,,,1,5,0
삼성,3,0,1,0,0,0,0,0,0,,,,4,10,3
LG,0,1,0,0,2,0,2,1,-,,,,6,11,0
롯데,0,0,1,0,0,0,0,2,1,,,,4,8,2
한화,2,0,0,0,0,0,0,1,0,,,,3,10,0
NC,4,0,0,0,0,0,0,0,0,,,,4,10,0
넥센,2,0,1,0,0,0,0,0,0,,,,3,9,0
두산,0,1,0,0,0,0,,,,,,,,,
kt,2,0,0,0,0,-,,,,,,,,,
한화,2,0,1,0,0,0,0,0,0,,,,3,7,0
kt,0,0,0,0,0,2,0,0,0,,,,2,7,0
롯데,0,0,0,2,1,1,1,0,2,,,,7,13,1
KIA,0,0,0,0,0,0,1,0,2,,,,3,6,1
NC,1,0,0,0,0,0,1,0,1,,,,1,4,9
LG,0,0,0,0,2,0,1,0,0,,,,0,3,8
두산,0,1,0,1,0,0,3,0,5,,,,10,15,1
SK,3,0,1,2,0,0,0,0,0,,,,6,13,1
삼성,0,2,2,0,0,1,0,0,0,,,,5,15,1
넥센,0,0,3,0,1,2,2,3,-,,,,11,14,1
한화,2,1,0,5,0,1,0,0,0,,,,0,1,10
kt,4,3,0,0,0,0,0,2,0,,,,0,0,9
롯데,0,0,2,0,0,3,0,2,0,,,,7,11,1
KIA,1,0,1,0,0,0,0,3,0,,,,5,8,0
NC,1,0,0,1,0,0,0,0,1,,,,3,5,1
LG,0,0,0,2,7,0,0,0,-,,,,9,15,0
두산,0,1,1,0,0,0,0,0,2,,,,4,10,0
SK,1,0,0,0,0,0,0,0,0,,,,1,5,0
삼성,0,0,0,0,0,0,0,1,0,,,,1,8,2
넥센,1,0,1,0,0,1,2,0,-,,,,5,13,0
kt,0,0,0,0,0,0,0,0,1,,,,1,4,2
NC,0,0,3,2,2,0,0,0,-,,,,7,9,2
LG,0,0,0,0,0,0,0,0,0,,,,0,3,3
롯데,0,1,0,1,2,0,3,4,-,,,,11,15,0
SK,4,0,0,1,0,0,0,2,2,,,,9,9,0
삼성,1,0,3,0,0,0,2,1,0,,,,7,15,0
넥센,0,1,1,0,0,0,3,0,0,,,,5,8,0
두산,0,1,0,1,0,0,3,1,-,,,,6,10,0
KIA,0,2,0,0,1,0,0,0,0,,,,3,7,1
한화,1,0,0,0,2,0,0,3,-,,,,6,10,1
kt,0,0,4,0,0,0,0,1,0,,,,5,13,0
NC,4,1,0,0,0,0,0,0,2,,,,7,11,0
LG,0,2,0,0,0,0,0,0,0,,,,2,6,2
롯데,0,2,0,1,2,0,3,0,-,,,,8,9,0
SK,0,1,0,2,1,2,1,0,0,,,,7,14,3
삼성,0,1,0,0,0,0,2,0,2,,,,5,7,0
kt,0,0,0,0,0,0,1,5,9,,,,15,19,3
LG,0,1,0,0,2,0,0,4,0,,,,7,7,2
SK,1,2,0,0,0,0,4,0,0,,,,7,13,0
KIA,0,0,1,0,0,0,3,0,0,,,,4,6,2
두산,1,0,0,3,4,0,0,0,0,,,,8,12,0
롯데,0,0,1,0,0,0,0,1,1,,,,3,8,1
한화,0,0,0,0,1,1,0,0,0,,,,2,8,0
LG,0,0,0,0,0,0,0,1,0,,,,1,5,0
SK,0,0,2,0,0,2,0,0,0,,,,4,11,0
KIA,0,0,0,0,0,3,0,0,0,,,,3,8,0
두산,0,0,0,0,0,0,2,0,1,,,,3,7,0
NC,1,0,0,0,1,0,0,0,0,,,,2,9,0
LG,0,0,0,1,0,0,0,2,1,,,,4,8,0
삼성,4,0,0,0,2,1,0,1,-,,,,8,15,0
넥센,1,0,0,2,0,1,0,0,1,,,,5,13,0
kt,1,0,0,0,2,0,0,0,0,,,,3,6,1
LG,0,0,0,0,2,2,1,0,3,,,,8,14,2
삼성,0,0,0,0,0,1,2,0,1,,,,4,11,1
롯데,0,0,0,1,0,1,0,0,0,,,,2,11,0
한화,0,0,0,0,0,0,0,0,0,,,,0,2,0
두산,0,0,2,1,2,0,1,0,0,,,,6,12,0
KIA,0,0,0,0,0,0,0,0,0,,,,0,6,0
kt,1,0,0,0,0,2,0,0,0,,,,3,7,1
KIA,0,1,0,2,0,2,1,2,-,,,,8,14,0
LG,3,0,0,0,5,2,0,1,0,,,,11,16,1
NC,3,0,2,0,1,0,1,0,2,,,,9,13,0
삼성,0,3,1,0,0,0,1,2,0,,,,0,7,12
한화,0,0,4,0,0,1,2,0,0,,,,1,8,12
넥센,0,0,1,0,0,1,0,0,0,,,,2,9,1
롯데,0,1,3,0,0,2,0,1,-,,,,7,11,0
한화,0,0,0,0,0,1,0,0,4,,,,5,12,0
KIA,0,0,0,0,0,0,0,0,0,,,,0,7,0
kt,0,0,2,0,1,1,0,0,0,,,,4,11,1
두산,0,0,0,3,2,0,0,1,-,,,,6,11,1
LG,0,1,0,0,0,0,0,0,2,,,,3,5,1
NC,0,0,0,0,0,1,0,0,3,,,,4,6,0
한화,1,0,3,2,1,0,0,0,1,,,,8,10,1
롯데,1,4,0,0,0,6,0,0,-,,,,11,14,0
LG,0,0,0,0,0,0,0,0,0,,,,0,5,0
KIA,0,0,2,3,0,1,0,0,-,,,,6,10,0
NC,0,1,0,1,2,0,1,1,5,,,,11,16,0
삼성,0,1,0,0,0,0,0,0,0,,,,1,5,2
두산,0,0,0,0,1,0,0,1,0,,,,2,9,0
kt,3,0,0,0,0,0,0,0,-,,,,3,5,0
KIA,0,0,0,1,0,0,2,3,1,,,,7,7,3
한화,0,4,0,0,0,0,0,0,0,,,,4,8,1
LG,0,4,0,2,0,1,0,4,4,,,,15,18,0
kt,1,1,0,0,2,0,1,1,0,,,,6,12,1
KIA,0,2,0,2,1,2,0,0,0,,,,7,16,0
한화,0,1,0,0,0,0,1,0,0,,,,2,8,1
롯데,0,0,0,5,0,2,0,0,0,,,,7,15,1
SK,0,0,0,0,0,1,0,1,0,,,,2,6,1
두산,0,0,0,0,3,0,2,0,0,,,,5,12,0
LG,0,0,0,0,1,0,0,2,0,,,,3,5,0
넥센,0,0,3,0,0,0,0,1,0,,,,4,13,1
NC,1,0,2,0,5,0,0,0,-,,,,8,12,1
SK,1,0,3,0,0,0,0,0,0,,,,4,6,0
한화,0,0,0,1,0,0,0,0,0,,,,1,8,2
삼성,0,0,1,1,0,0,0,1,0,,,,3,5,0
LG,0,0,1,2,0,0,0,0,1,,,,4,9,1
넥센,0,0,0,0,0,0,1,1,2,,,,4,9,2
NC,0,2,8,0,0,1,0,0,-,,,,11,15,0
KIA,0,1,0,0,0,0,0,1,0,,,,2,6,1
kt,0,3,0,2,0,3,12,0,-,,,,20,25,0
두산,1,0,0,2,1,0,0,0,2,,,,6,10,0
한화,0,0,0,0,2,0,1,0,1,,,,4,9,0
삼성,1,3,0,0,0,5,0,0,1,,,,10,10,0
LG,0,0,0,2,0,1,0,0,0,,,,3,10,0
KIA,0,0,0,3,0,2,0,0,0,,,,5,8,4
kt,0,0,0,2,0,0,0,1,0,,,,3,9,1
KIA,0,0,2,3,2,0,0,0,3,,,,10,13,0
kt,0,0,1,0,0,1,0,0,0,,,,2,12,0
LG,0,0,0,0,0,0,2,0,0,,,,2,6,1
롯데,0,0,0,0,2,0,2,0,-,,,,4,6,0
NC,5,0,1,0,0,2,0,0,0,,,,0,0,0
한화,4,0,0,0,0,3,1,0,0,,,,0,0,0
SK,0,0,0,0,0,0,3,0,0,,,,3,8,0
두산,0,0,1,1,0,0,0,0,0,,,,2,6,2
넥센,0,1,0,2,3,0,0,0,3,,,,9,15,2
삼성,2,0,1,3,4,0,0,0,-,,,,10,12,1
NC,1,0,0,1,0,0,0,0,0,,,,0,7,9
롯데,0,0,0,1,0,0,0,1,0,,,,0,0,2
NC,0,0,0,0,0,0,0,0,0,,,,0,7,1
롯데,0,1,0,0,0,0,0,0,-,,,,1,3,1
롯데,0,2,0,0,2,0,0,2,0,,,,6,12,0
NC,3,0,2,0,5,2,0,1,-,,,,13,13,2
NC,0,0,0,0,7,0,0,2,0,,,,9,15,0
롯데,0,0,0,0,0,0,0,0,0,,,,0,8,1
NC,0,0,2,0,4,0,0,7,0,,,,13,17,0
두산,0,1,0,3,1,0,0,0,0,,,,5,9,2
NC,0,3,1,0,2,0,1,0,0,,,,7,11,1
두산,1,0,3,0,0,8,3,2,-,,,,17,15,1
두산,0,5,1,1,0,7,0,0,0,,,,14,13,0
NC,0,2,1,0,0,0,0,0,0,,,,3,9,1
두산,0,0,3,1,0,3,1,4,2,,,,14,17,0
NC,1,0,0,0,3,0,1,0,0,,,,5,12,0
두산,0,0,0,1,4,0,0,0,0,,,,,,
KIA,0,0,0,0,3,0,0,0,0,,,,,,
두산,0,0,0,0,0,0,0,0,0,,,,,,
kIA,0,0,0,0,0,0,0,1,-,,,,,,
KIA,0,0,1,2,1,0,0,0,2,,,,,,
두산,0,0,0,1,0,0,1,1,0,,,,,,
KIA,2,0,0,0,0,0,2,0,1,,,,,,
두산,0,0,0,0,0,0,0,1,0,,,,,,
KIA,0,0,5,0,0,2,0,0,0,,,,,,
두산,0,0,0,0,0,0,6,0,0,,,,,,
